station,region,method,index_flood,pool_size,H1,regional_LCV,regional_Lskew,growth_T2,Q2,growth_T5,Q5,growth_T10,Q10,growth_T25,Q25,growth_T50,Q50,growth_T100,Q100
bhamgarh,1,ROI,,13,0.4639070958852034,0.4769384641715997,0.3527304823262931,0.7121620615446123,,1.4966295713748823,,2.1498951670275446,,3.128006697920864,,3.968057203525946,,4.904073021841908,
sandia,1,ROI,9727.693777777777,10,4.836538672207729,0.3793870898557754,0.25902395245002185,0.8272692650638824,8047.4220823087235,1.4616119656068502,14218.113623359302,1.9270376893428351,18745.632540163562,2.5613099069899126,24915.63844518635,3.0650364726324604,29815.73622348873,3.5940346994402113,34961.668982861964
A.p.puram,3,ROI,,17,7.231026543053198,0.5203996339099137,0.41242459747955323,0.6405493424902191,,1.4712991368852788,,2.223597229255258,,3.4233549850337743,,4.508973292956616,,5.767520508459271,
Abna at khandwa,1,ROI,,12,1.9998669790935901,0.4746957553955385,0.3889429779451786,0.6880565281594615,,1.4563456937045933,,2.129247301042332,,3.1756811990450062,,4.1030585913271,,5.161282454135491,
Adityapur,1,ROI,2414.023333333333,9,3.1812806689473496,0.4173004469953193,0.3096885010607824,0.7759027155537841,1873.047259743531,1.4704419816418475,3549.6812539963244,2.015828108276951,4866.256089369752,2.7973940696524613,6752.974556669333,3.444650749280924,8315.4672839483,4.146239001783076,10009.117695881054
Adkasthala,3,ROI,,14,7.659108060509854,0.3576205810347344,0.3032037208488446,0.8116214253218049,,1.407506757134461,,1.8713462939432972,,2.53174024928773,,3.075695504401095,,3.6629016833992822,
Akkalpada,1,ROI,,14,5.800611610922527,0.5048800404948712,0.38418390427781546,0.6717159004389538,,1.4908723900172811,,2.2035380831168716,,3.306233882493922,,4.279405159858165,,5.386371857643879,
Akkihebbal,2,ROI,824.4853333333333,15,3.8663519450027133,0.3782982624404379,0.31364440362660906,0.7944909675121967,655.046150179616,1.4236301881387945,1173.76221021101,1.9203119954407877,1583.2690756649963,2.6349216409790053,2172.4542474697887,3.2286905502279724,2662.008004534893,3.8739153761603204,3193.986410218667
Alandurai,2,ROI,,15,5.781336188247441,0.3792099894854276,0.3325918551232983,0.7828048539338619,,1.4105848781561834,,1.9191245847287788,,2.6649765776278,,3.294667719343052,,3.987240192405623,
Alladupalli,1,ROI,1320.509142857143,12,4.071393937827767,0.5688634472555957,0.43608926481558563,0.5883900307202259,776.9744151320535,1.4814259651096116,1956.236531393209,2.3183281351187466,3061.3734985672545,3.6881526208045226,4870.239256024905,4.954502744068956,6542.46617185386,6.446709770398841,8512.939193158143
Allam vari ghanapur,1,ROI,,12,4.1071532816799206,0.49251750608550476,0.36855655956774463,0.6910827836587885,,1.4960719525991064,,2.18128046997749,,3.2242206921799452,,4.132229817871971,,5.154472642677816,
Allam vari ghanapur,1,ROI,,16,4.089999418525456,0.4844359950306169,0.368344074141449,0.6963045548539828,,1.4881579965493659,,2.1619861689682502,,3.1873770190957598,,4.0799431895015,,5.084660099453748,
Altuma,1,ROI,515.2524137931035,10,2.3091796682041053,0.42451537285047136,0.33324965287658603,0.7564251438858087,389.7498812409586,1.4590780441299562,751.7934841504804,2.0287807063906502,1045.3341560246602,2.8648979919427022,1476.1456056194927,3.571189287317331,1840.063900402328,4.348338835382713,2240.492080921236
Ambaliyara,1,ROI,,11,1.84118818057244,0.4548585245427552,0.3559342059394351,0.7232893776549482,,1.4705497211267975,,2.095588211424731,,3.034541019535138,,3.843176971860782,,4.746067222969655,
Ambarampalayam,3,ROI,256.74511627906975,12,6.041988584324197,0.35782893488567175,0.3213896385163234,0.8012707156140182,205.72234305133452,1.3953612738813435,358.2521925139764,1.8693255419210923,479.94020362396594,2.55660426271068,656.3956587092189,3.131388065843012,803.9685930797555,3.7590631487863115,965.1211052355076
Ambasamudram,3,ROI,64.00333333333333,16,11.492992622407046,0.42131075486732444,0.34895042179058977,0.7481453818940385,47.883798259158105,1.4420510703992961,92.29607534245628,2.0169004397993393,129.0883511486237,2.8742532942565067,183.9617916767306,3.6082141923258204,230.9377356894936,4.424019349008673,283.15198506771844
Anantharam,1,ROI,,13,3.763027900466446,0.5285796793145189,0.40276238392455993,0.6421401050540698,,1.4910205901624995,,2.2492001943055984,,3.4457869725972006,,4.519249518126887,,5.755579459210811,
Anantwadi,1,ROI,,13,1.8645729058001905,0.52380066093468,0.3986129022238427,0.648483596825431,,1.4917359414460183,,2.2404609928777894,,3.416876938209591,,4.468370280094222,,5.676017087378119,
Ankushapur,1,ROI,,16,6.164506939482368,0.50678644314145,0.37932837466597813,0.6740756741109306,,1.498303047668137,,2.210513880000912,,3.3068723358840453,,4.270357340354723,,5.362783284815351,
Ankushapur,1,ROI,,10,1.7904727361217363,0.5305823545163945,0.3932040245204125,0.6480602136885849,,1.5048316912365591,,2.2597560413851276,,3.439077932815227,,4.4881476535099,,5.688646672894485,
Arangali,3,ROI,672.2990625,16,8.759345583105729,0.34504964540627037,0.305715505430769,0.8168693159519342,549.1804752995017,1.3915671940928136,935.549319994354,1.8404327379400514,1237.3212043114047,2.4811185447368214,1668.0536715779292,3.0099470871800253,2023.5846048857368,3.5817290071648253,2407.993053645968
Arkkannur,3,ROI,,16,11.954590361533421,0.4092899589833802,0.32112793910042525,0.7728576778120084,,1.452428667139741,,1.9943963805686584,,2.7800763703648665,,3.43701038289077,,4.154275591764804,
Arni,1,ROI,,14,2.1499667591909004,0.49637215341197105,0.39106453327192314,0.6722865613734615,,1.4747495566563038,,2.1796880110094743,,3.278417382881956,,4.253957147621061,,5.368716368880595,
Aruvipuram,3,ROI,,15,11.324885851022195,0.3929498881101433,0.3116125445438423,0.787787674177457,,1.4415581148933136,,1.9562680329070345,,2.695302307210742,,3.308321939035186,,3.97360882061555,
Asegaon,1,ROI,,15,4.247080080603994,0.47671066241594323,0.38236041388614844,0.6913015150597586,,1.465461963882722,,2.1372591821751934,,3.1747185735828043,,4.088857996803307,,5.127418913392791,
Ayoor,3,ROI,,13,10.439046042727586,0.4307077357891964,0.3263214676927374,0.7574894845890313,,1.4717179051119618,,2.045361902391796,,2.8813511286651337,,3.583413629382491,,4.352493819241394,
Balasamudram,2,ROI,,16,7.8343723502657445,0.3573715657159182,0.3095966531768999,0.8081373079334611,,1.4029434174015991,,1.8699562166133223,,2.539147435901195,,3.093298014547714,,3.693929823713753,
Bamnia,1,ROI,,15,3.349229110248268,0.45179357872903303,0.352812664748669,0.727281191487003,,1.470368159621009,,2.0892442171427232,,3.0159441501660345,,3.8118958316908538,,4.698822397719106,
Bamnidhi,1,ROI,2761.5279245283023,10,2.821589979846211,0.42133096923404134,0.3194582188055536,0.7672740802994693,2118.8487985137554,1.4671058860975996,4051.45387269836,2.02396811154315,5589.244458381222,2.829878211800749,7814.787704901985,3.502782355628154,9673.031288612174,4.236704284538421,11699.777189721552
Baronda,1,ROI,1594.0311904761904,13,3.115389200084301,0.4360006646811271,0.3259014005049534,0.7547937267751432,1203.164742855342,1.4778761409122008,2355.7806642746336,2.0582994163598567,3280.9934690165505,2.903807740672395,4628.760109777994,3.6136129636330256,5760.211774340147,4.390966506968912,6999.337568444734
Bayyaram,1,ROI,,13,3.7742305588136955,0.5221412658916688,0.38937605689993215,0.6565501045501423,,1.501435403353733,,2.2418750976123922,,3.393867697383558,,4.415182292740077,,5.580933967944363,
Belkhedi,1,ROI,1844.089333333333,13,3.349140154737166,0.4158739052191432,0.34343110055612286,0.7548880188045731,1392.0809433386457,1.4411130417024283,2657.5411883310026,2.0053043974706886,3697.960449462123,2.842000466996395,5240.902746516403,3.5549146845318735,6555.580250655258,4.344504607525672,8011.654605355609
Belkund at ghughra,1,ROI,,10,1.374580147780589,0.47200426191523326,0.39592525639395904,0.6850651428184138,,1.4460944999712568,,2.119244344857564,,3.173878346690402,,4.114285403813055,,5.1924008939784825,
Betmogra,1,ROI,528.2462499999999,15,4.402308044159464,0.49008630483369886,0.38355740454249726,0.6817831176264486,360.14937519948035,1.4771885503710136,780.319312276424,2.1685822412280027,1145.5454367452876,3.237655781715402,1710.2795254819794,4.180637354125748,2208.4060049268483,5.252817507698403,2774.7811503760267
Bettadamane,2,ROI,,15,4.892068846290701,0.39325087768877204,0.32767479326006327,0.77775383284383,,1.4296421787073141,,1.9541824303298911,,2.7196625102654672,,3.3632457091059793,,4.068873906272424,
Bhadli,1,ROI,,11,0.6172699929921625,0.4751452746384715,0.3609011708037842,0.7074037848394912,,1.486483767648106,,2.142629369610286,,3.1334015165248976,,3.9903137403411684,,4.95020920697797,
Bhakudar (sipu dam),1,ROI,,12,3.8063702803573163,0.4323216084936199,0.341094890792829,0.7467370150865451,,1.4606356124217337,,2.0457017781428313,,2.9112792715058555,,3.647337934635794,,4.4613346736297395,
Bhamragad,1,ROI,,12,5.292453167565603,0.45392826726833924,0.34482865135522445,0.7314917906375729,,1.480166363040916,,2.096883618481127,,3.012788785365861,,3.7941231490494904,,4.6602729226137125,
Bifercation of e&w tammileru,1,ROI,,14,5.146066671813572,0.51818530240342,0.3939526835159471,0.6557237266730749,,1.4921317118089616,,2.2298936641443197,,3.383325219996939,,4.4100411469138265,,5.58554877525896,
Borad at thikri,1,ROI,,13,1.7947164507465676,0.45768497866328134,0.3667634050288296,0.7141504503981666,,1.4627854798724416,,2.0984385399692393,,3.0641421472731745,,3.90360500368548,,4.847566991577113,
Butaram,1,ROI,,16,4.44658106218586,0.4842588756076359,0.36900489972031913,0.6959404332784083,,1.4872769104573877,,2.161284505802034,,3.1876567259217756,,4.081587986735505,,5.088278118602542,
Chakkalakuth,3,ROI,,17,8.43128764548098,0.3543175479836228,0.3114233064285258,0.8087566435154582,,1.3982742437451745,,1.8622794522025314,,2.5283836837902443,,3.0808212795907055,,3.680288953029852,
Chakrar at gadasarai,2,ROI,,16,2.9799228834642446,0.41403072672518015,0.3501235990215108,0.7517608228995043,,1.4333955009358537,,1.9989918521917507,,2.8435647114291918,,3.5673099950648686,,4.3723719209605205,
Chanwada,1,ROI,,13,5.966595811861799,0.45711642690638077,0.349682860849289,0.7262334085971696,,1.4789186551182711,,2.1030914098965727,,3.0347098044897614,,3.83274695771387,,4.720194397465297,
Cherpad,3,ROI,,17,7.5005473560227705,0.34808312682446424,0.31609593243833267,0.8095655137681506,,1.3881595149953898,,1.8464571651125026,,2.5074727918508017,,3.057840144947675,,3.6568329581118553,
Chhidgaon,1,ROI,2421.8224444444445,12,3.627126551915223,0.42090399718998234,0.3465629277959983,0.7499150670122152,1816.1611407172425,1.4437192747442926,3496.4317430527835,2.016600561968502,4883.848502454598,2.8689213779136926,6948.018184377863,3.5970892492431634,8711.51147848691,4.405206194799843,10668.627234971964
Chikkamalur,2,ROI,,15,6.416430494537913,0.39847696285109035,0.3405255289579255,0.7669110670475323,,1.4250391571946839,,1.963978661964316,,2.7608490566061743,,3.4381536208278036,,4.186900417817351,
Chimthane,1,ROI,,9,1.7650797951518191,0.5058648462712243,0.3862252886728787,0.6695711439188445,,1.4894698370454726,,2.2048310012876633,,3.3140918959895718,,4.294808076910314,,5.411872166860444,
Chinamusi  tumadu,1,ROI,,14,4.7214455295798485,0.5352207532665708,0.40865181268304573,0.6331644165620243,,1.4896242124443844,,2.261026286126029,,3.486234891283205,,4.591150651367553,,5.8687881665844355,
Chitrasani -duplicate,1,ROI,,14,4.138470914784189,0.44466929785680315,0.3553568769188134,0.7298746397588013,,1.460554839410742,,2.071237974385207,,2.9880778207367418,,3.777279009501288,,4.658138369491781,
Chitrasani,1,ROI,,14,4.472277136080214,0.44466929785680315,0.3553568769188134,0.7298746397588013,,1.460554839410742,,2.071237974385207,,2.9880778207367418,,3.777279009501288,,4.658138369491781,
Choral at barwah,1,ROI,,14,3.628667327582873,0.4512946358762447,0.36455146741229316,0.7196287891309443,,1.4584994814917027,,2.0839377004129247,,3.0319343937320844,,3.854433051525451,,4.77798004569811,
Collem,3,ROI,,16,8.38829322786411,0.34386070533079915,0.3054814090589616,0.8176278046708372,,1.3903684295388552,,1.837563957961685,,2.475716214458997,,3.0023506640864124,,3.5716761542133177,
Dabri,1,ROI,,15,3.314472453003666,0.45179357872903303,0.352812664748669,0.727281191487003,,1.470368159621009,,2.0892442171427232,,3.0159441501660345,,3.8118958316908538,,4.698822397719106,
Dameracherla,1,ROI,1090.459375,10,3.2160254295822512,0.5355919476291308,0.4264472416910602,0.6195663423505792,675.6119264506485,1.4664357692743615,1599.0886324405642,2.248999201255694,2452.442263376783,3.5162921678848003,3834.373759709054,4.677603096860886,5100.736149500985,6.036908323703695,6583.003277598229
Datuni at dudwas,1,ROI,,15,4.815177405870615,0.44457331218503,0.33947380655873977,0.7406630705779984,,1.4751641374001045,,2.075779341754572,,2.9628870457378964,,3.7162159495117635,,4.548442505710923,
Deb at khajuri,1,ROI,,13,2.8020920293582168,0.4731856812118067,0.382551267701484,0.693452159650055,,1.4618151311161833,,2.1287600181619504,,3.1589335647154653,,4.0668045429176765,,5.098374437978599,
Denwa at matkuli,1,ROI,,13,4.40518447672372,0.4228568601810509,0.3487603674277839,0.7473430784470995,,1.443841292747333,,2.020687507088232,,2.8808501522275805,,3.61709694224051,,4.435342202448287,
Dhadgaon,1,ROI,,13,2.9238455054281602,0.496027318870241,0.4112078548082066,0.6582349544176997,,1.450696082604679,,2.167070972508381,,3.308032521691495,,4.339324802354671,,5.533902657628826,
Dhariawad,1,ROI,351.74583333333334,15,4.150928794302649,0.4556260029117525,0.3556541377753256,0.7230146716812782,254.3173982027576,1.471615092981565,517.6344772267114,2.0975323369731322,737.7982598122286,3.037532750126649,1068.4394884705898,3.8468764726606475,1353.1227706064133,4.750392379137361,1670.9307260599871
Dhule,1,ROI,,14,6.206560827813361,0.5125477425731351,0.38912309064474665,0.663048440853401,,1.4925215284334823,,2.2191951443159654,,3.349466433907155,,4.351301147118497,,5.494625082262335,
Dindori,2,ROI,1762.0472413793102,15,4.740428807209075,0.40690972157579514,0.33134364196983945,0.7677238473396143,1352.765687345878,1.4415937157875993,2540.1562300932887,1.9865399199181182,3500.377185781596,2.7847721152277836,4906.900023507143,3.4579746261003512,6093.114650679776,4.197811750889395,7396.742615484311
Dipuru,1,ROI,,14,4.891243732207149,0.5444327304548306,0.4181651820952469,0.6195609584743418,,1.485391026237334,,2.2759523789472222,,3.5446311301622773,,4.698544364629597,,6.041519864434194,
Doddipadu,1,ROI,,15,3.6590065960944758,0.5475364359517747,0.42114510004876904,0.6151139870065905,,1.484110584568397,,2.2809811278664216,,3.5639558302789522,,4.734010023958549,,6.098557070926394,
Dudhi at panagar,1,ROI,,14,4.399158685201595,0.4207003676462184,0.3453735915552927,0.7507975661071535,,1.444543049427109,,2.0164405593661345,,2.866258191542543,,3.591551733496159,,4.395860366292204,
Elunuthimangalam,1,ROI,65.47999999999999,15,6.543800091949144,0.44715408157066494,0.34131565287171317,0.7378968582126948,48.317486275767244,1.4762370809650531,96.66400406159167,2.0815171846291927,136.29774524951952,2.9772028184187933,194.94724055006256,3.7390074137539773,244.8302054526104,4.581596037691433,300.002908548035
Errakalva    ananthapalli,1,ROI,,8,3.832758711985691,0.5325631747302668,0.41333738429659095,0.6314630983137831,,1.4811282813534312,,2.2515635725216443,,3.4814642564944593,,4.5952680443363425,,5.887293687876848,
Fekoghat,1,ROI,,10,2.2465365742112717,0.45043425982716706,0.3640797223719592,0.7204803567243214,,1.4580869479353225,,2.0820465542850073,,3.027337600745067,,3.8471551706383065,,4.767407568646858,
Gagadio   sanaliya,1,ROI,,15,5.012235094392518,0.49405668986620405,0.38732942290047784,0.676490951103168,,1.4767929681834122,,2.1761417397188065,,3.261843213324721,,4.222659438050181,,5.317861670090589,
Bamrul,1,ROI,,9,2.1530753661084554,0.5056935745182751,0.38751218697810885,0.6687368101602886,,1.4878108777796624,,2.203747893240362,,3.315417175895771,,4.299371878178809,,5.421085435029978,
Daredu,1,ROI,,14,4.399186720482381,0.5124203123399779,0.3861352191114582,0.6653563005244261,,1.4959185676290665,,2.2204918940378278,,3.3439302438033858,,4.337102583195238,,5.4682867983743915,
Degloor,1,ROI,597.0331818181818,10,1.5170585658815328,0.5229173033642149,0.40579244910976253,0.6437179466890011,384.320973905201,1.481970529607799,884.7855806525201,2.2338970455569456,1333.710660963099,3.424492227914833,2044.5354909436269,4.495460440665775,2683.9390506284535,5.731446263031009,3421.8635988373308
Gandlapet,1,ROI,445.8944,14,1.8308919456353911,0.5199802159975849,0.39743551292329476,0.6519257507825549,290.69004148973687,1.489592149164931,664.2007975966075,2.2321165440450788,995.288267137054,3.3973205009279495,1514.8461863689674,4.437708697519366,1978.7494570551792,5.6316559725342525,2511.123860879577
Ganjem,3,ROI,,16,8.946694576215844,0.36370438047512954,0.2831015848070741,0.8201242298197096,,1.427652528158286,,1.887953760024534,,2.5303122454851357,,3.050660493170173,,3.605344594103509,
Garimillapalli,1,ROI,,13,3.3980943774171792,0.5137247911075693,0.38505508162717195,0.6653124033638491,,1.4984503742880935,,2.2241677468602656,,3.3480936844631852,,4.340757761920799,,5.47055113699604,
Garimillapalli,1,ROI,,13,2.9904860476657946,0.5137247911075693,0.38505508162717195,0.6653124033638491,,1.4984503742880935,,2.2241677468602656,,3.3480936844631852,,4.340757761920799,,5.47055113699604,
Gaur at bhalawara,1,ROI,,14,4.273546593887293,0.420481572506132,0.33451844241616074,0.7579174910172929,,1.45364200675481,,2.0187056397457916,,2.8490882889553637,,3.5512892393040425,,4.324567037086629,
Gavachi(ver),1,ROI,,12,3.2460689694912515,0.4606442603309027,0.34334159384374696,0.7285637332608752,,1.488685498750894,,2.113555545140711,,3.0401530372891514,,3.8296083994355,,4.703921170864412,
Halia,1,ROI,409.140303030303,14,4.404597759990079,0.5498426675341571,0.4195135402904495,0.6147443448583063,251.51668754149256,1.4883786590473134,608.9556955864539,2.2876177207556063,935.9566074874399,3.5721119845744402,1461.4949798269636,4.741829584285795,1940.073593032746,6.104457418717707,2497.579558129744
Hamdapur,1,ROI,,14,3.511834146156757,0.4819401110465947,0.37442822061561487,0.6935287748338355,,1.479162292029965,,2.153389367357666,,3.1859431409514976,,4.0894960459127105,,5.110658740978506,
Harur,2,ROI,,18,11.270903316617416,0.4508285971067961,0.35597043005543616,0.7257163699621045,,1.4663460245058713,,2.085869335498814,,3.016571958032812,,3.818127670311945,,4.713133501882101,
Hathed at misrod,1,ROI,,14,3.847970002625343,0.4512946358762447,0.36455146741229316,0.7196287891309443,,1.4584994814917027,,2.0839377004129247,,3.0319343937320844,,3.854433051525451,,4.77798004569811,
Hemavathy reservoir,2,ROI,,16,5.104819820970924,0.39512464354812316,0.3203718731817906,0.7811853360836586,,1.437351569146444,,1.9601166653726252,,2.717379536138797,,3.3501507128667978,,4.0407016923160395,
Hiran at singaldeep,1,ROI,,14,4.250507865999581,0.4232592307863731,0.336258725690631,0.7551849533096222,,1.4551504193113383,,2.0250124568128536,,2.8639355577195618,,3.5744054659696447,,4.357663693948206,
Hogenakkal,2,ROI,33.84277777777778,17,8.55846597426605,0.4265487704502936,0.33128553801038807,0.7565515865707256,25.60380722173828,1.4629563067063902,49.51050518646288,2.0341675673296304,68.84188094389951,2.8708230774297805,97.1566274487722,3.5763958764803694,121.03517089308595,4.351778501298167,147.27627275754472
Hommaragalli,2,ROI,,16,5.804602633605559,0.3693259631453808,0.31633626920467484,0.7978044912760247,,1.4116774799549519,,1.8980776229241418,,2.5997964193110055,,3.1841713668706335,,3.8202734123585644,
Indra at khapriya,1,ROI,,13,3.9222654409877777,0.4523921404230248,0.36293281264354343,0.7200402433954229,,1.4612029217907663,,2.0871741651850746,,3.0343815938537952,,3.855049432758726,,4.7755655559169226,
Jamner at sandalpur,1,ROI,,14,4.0302477099385206,0.4557925452707252,0.36364516269652325,0.717450922937588,,1.4639660417245546,,2.0950810121344716,,3.0507799341990403,,3.8793133956050103,,4.809085113744647,
Jannapura,2,ROI,,15,4.68227952406545,0.3906463564416012,0.32501770690007886,0.7808373970716466,,1.4288457202476912,,1.9483814201142446,,2.7045159976279103,,3.3388193102456034,,4.033094227771089,
Jannepally,1,ROI,,14,4.213781644831838,0.5088547050584233,0.39422476187866706,0.6617232964954349,,1.482947021015602,,2.207594319812909,,3.3408510001216394,,4.349850411438574,,5.50528460305362,
Jaraikela,1,ROI,3035.3956000000007,10,4.459092635632071,0.3782447568757626,0.2542029981123906,0.830797899163363,2521.800287609716,1.4631926249410685,4441.368455698571,1.9242268792787627,5840.789802764489,2.5495541614312716,7738.905483570174,3.0442227931524752,9240.420471754736,3.5621655124266556,10812.581522891618
Jeeraguda,2,ROI,,19,8.53666789254777,0.43075203158823944,0.33894150923888156,0.749076985369834,,1.4608596310788657,,2.0424734661541386,,2.9010483808176097,,3.6298178586647456,,4.4346371374225315,
Jotasan,1,ROI,,14,4.275547016082101,0.4280563064107144,0.34905577274229954,0.7440445561618667,,1.4490343837492867,,2.0331508135614706,,2.9044194625457695,,3.6503604813636397,,4.479538226436102,
K.m. vadi,2,ROI,239.5074285714286,15,3.8177820016829913,0.38746871807970296,0.3230007680694633,0.7838363139406274,187.7346199728267,1.4268907998211837,341.75094631740075,1.9410427077885952,464.8941476897693,2.6878133631492624,643.7512670878033,3.3131984385557165,793.535638365352,3.996832241596273,957.2710126161022
Kalampur,3,ROI,415.336551724138,17,9.912339239435054,0.35370846680528767,0.2867674169726024,0.8229767047953715,341.8123067190035,1.4136084000727724,587.123238374501,1.8633108910164287,773.9011202647946,2.4931658734720568,1035.5029167641826,3.0049342090003885,1248.0590125241217,3.551723041686639,1475.1604008132956
Kalasapadu,1,ROI,,14,5.491403920428428,0.553583218130992,0.42255921946212244,0.6097735045501705,,1.487504831367786,,2.2940316925797086,,3.594565951894862,,4.782149985049712,,6.168487665347532,
Kalimachak at charuwa,1,ROI,,15,4.894424325987079,0.4480660577726152,0.34893763442165127,0.7321600690042726,,1.4701354656408918,,2.081482560628005,,2.993257543272245,,3.773799502401074,,4.641372808909144,
Kallooppara,3,ROI,705.3345714285715,16,11.897778016648846,0.3915239763645765,0.300705131861656,0.7953169440394621,560.9645358739551,1.447950200181606,1021.2893338950074,1.9542546859915226,1378.4033914061083,2.6733075185519524,1885.5762128946194,3.2643477268041705,2302.4573048792513,3.9013791789442145,2751.7776111609696
Kalpadai,3,ROI,,16,7.715531133669385,0.5177271736115465,0.40051126942430315,0.6511520964616971,,1.483709545169663,,2.224933709711454,,3.391936234722689,,4.436770450664668,,5.638303378645622,
Kamalapuram,1,ROI,217.4952,15,4.566630808624631,0.5427026825410821,0.43032147395598136,0.6116129376730075,133.0228782017783,1.4673038820901136,319.1315512959657,2.2624842215786005,492.07945826908207,3.5557229480359673,773.3526737276724,4.744990435823832,1032.0126438375914,6.1407557020385,1335.584889566004
Kamarajupeta,1,ROI,,14,5.442411822224908,0.49933116637842034,0.37645777338545483,0.6809763801895095,,1.4941910703312904,,2.194069535701743,,3.2681944654971975,,4.209784301509313,,5.275360919645438,
Kanas (s),1,ROI,,10,2.315627603971652,0.4478458544359071,0.3537057757388527,0.7290601351722508,,1.4654127316980055,,2.0794359527552273,,2.999717964629253,,3.7907619860247137,,4.67273129660828,
Kaner at mendhikheda,1,ROI,,8,-0.19278335525813345,0.4558052741058122,0.3983470283974866,0.6942882530934769,,1.4281888304753747,,2.0795745386837714,,3.1027570788742587,,4.017073673442829,,5.066984401731235,
Kanodar,1,ROI,,13,1.898807432071412,0.45768497866328134,0.3667634050288296,0.7141504503981666,,1.4627854798724416,,2.0984385399692393,,3.0641421472731745,,3.90360500368548,,4.847566991577113,
Karam at dahiwar,1,ROI,,14,3.7166990379716958,0.4512946358762447,0.36455146741229316,0.7196287891309443,,1.4584994814917027,,2.0839377004129247,,3.0319343937320844,,3.854433051525451,,4.77798004569811,
Karanjkuwa,1,ROI,,16,4.272399912340934,0.49087745469491173,0.39041067790374906,0.6763787829335024,,1.4702375490756543,,2.1669744005749787,,3.2521657122717125,,4.215131617501962,,5.31504208505659,
Karoti,1,ROI,,13,3.8244959610744718,0.45097930432608907,0.3562988444658784,0.7254016996550088,,1.4661866276988473,,2.086120982126638,,3.0177577685933294,,3.8203441065252934,,4.716692223901605,
Katangatola,1,ROI,,14,4.175146213138594,0.420481572506132,0.33451844241616074,0.7579174910172929,,1.45364200675481,,2.0187056397457916,,2.8490882889553637,,3.5512892393040425,,4.324567037086629,
Kattaleru   tiruvuru,1,ROI,,15,5.075736456150375,0.5142919833461508,0.3927642936556006,0.6591921797860651,,1.489858515878983,,2.221326256498414,,3.3634695740401805,,4.379073589395989,,5.540934301122542,
Keesara,1,ROI,2207.805283018868,13,4.970586608525818,0.5354613091100204,0.4100050867420711,0.6319744138345058,1395.2764495965744,1.4880900827647274,3285.41314633595,2.2606762346281473,4991.132934007225,3.4895630005581326,7704.2756280594185,4.5991356075919345,10153.995891761664,5.883337469681338,12989.263547345317
Kelo at raigarh,1,ROI,,11,2.861900965190574,0.4294671463154484,0.35032989578492046,0.7423714196377045,,1.4493680518030843,,2.036175520808877,,2.912608102076423,,3.6637875843256436,,4.499477798853947,
Kesrali,1,ROI,,14,3.852688752934739,0.4990956731893278,0.38797947971986907,0.6727201300664372,,1.480910023686837,,2.187798344386467,,3.285961528873411,,4.258360244115776,,5.367245111701466,
Khadakewada,2,ROI,,17,5.53358159688551,0.393926525345517,0.31302480208563926,0.7863847251997391,,1.4415969159125912,,1.9584286643202464,,2.7015654015088737,,3.3187171270165745,,3.9890878248062815,
Khadka,1,ROI,,13,1.954473072308297,0.5133184479621544,0.3980713665873953,0.6559167255206892,,1.4825509992941786,,2.215957232052663,,3.3676359134939893,,4.396525873456103,,5.577782403702922,
Khandiovari,1,ROI,,13,4.036667294571043,0.43113394396826243,0.3477171040975895,0.7430804345023225,,1.4534679594456112,,2.040973726968212,,2.9160909502743033,,3.6644711294216314,,4.495639750294621,
Khanditar,1,ROI,32561.95772727273,12,5.1130267844295005,0.43601676684217316,0.3260614018372374,0.7546763143512975,24573.738245680932,1.4777561996870667,48118.63490542547,2.0583038526139856,67022.4030386992,2.9041306926764054,94564.18084940438,3.614299086605055,117688.65407175424,4.392129797251797,143016.34479080795
Khariya,1,ROI,,13,3.582660133698134,0.42169732706595275,0.31218566003361103,0.7718821435002592,,1.4734022451336515,,2.0261336351541406,,2.8202181109613296,,3.4792172034189734,,4.1946634607504425,
Kheda,1,ROI,,14,4.784424851764156,0.4347293214673644,0.33580157524352283,0.7488561907580883,,1.467886953709571,,2.0529048202156255,,2.9137376189786783,,3.642480051589283,,4.445647026662073,
Khedbrahma,1,ROI,,15,4.044332507099274,0.4441271740483951,0.3573766654413716,0.7288537874559513,,1.4580826295180358,,2.069255714672445,,2.98875188418637,,3.781612425683579,,4.667719998730253,
Khorsi_balodabazar,1,ROI,,13,1.238292734293081,0.47824312890365983,0.38843263762453395,0.6860794932159509,,1.4603184136701963,,2.1379436676895116,,3.1911525461707653,,4.1241161062367855,,5.18835208930783,
Kodaganar dam,1,ROI,,17,5.918777661278288,0.5182096302280573,0.4131621428758479,0.6415236749782932,,1.4683828913753731,,2.2179503375836505,,3.4143105370839812,,4.49756981167663,,5.754013380433892,
Kogaon,1,ROI,2135.558139534884,14,6.8279217569646455,0.4658443499202696,0.3490479574478448,0.7214547912888396,1540.7086518433223,1.4886819490041965,3179.166853374567,2.124358026853496,4536.690075533249,3.07252546542329,6561.5567666129145,3.8842983495194243,8295.144956698123,4.786649321392845,10222.16791939962
Kokkedoddy,2,ROI,,14,7.050598015505759,0.426221970576706,0.33434068327204053,0.754729280040715,,1.4599878198826497,,2.0326558390751304,,2.8740608251972084,,3.5854755528635742,,4.368810412645686,
Kolar at mahgaon,1,ROI,,13,4.446657867565355,0.4226379188901695,0.33597831117903265,0.7557265405321781,,1.4547221999825528,,2.023576539309152,,2.8607763636925467,,3.5696183506094483,,4.350941161564584,
Koli(bk),1,ROI,,11,1.788600719240251,0.5289593417017528,0.4034971937411655,0.6413289348395343,,1.4904460821148493,,2.249630789943704,,3.448751010094975,,4.5251885127277385,,5.765560004106299,
Koliari   rampur,1,ROI,,10,2.279752333863191,0.4606531351244113,0.35394560633169836,0.7211451835165277,,1.4784885409715183,,2.110224336427506,,3.057288196296108,,3.871520273395485,,4.7794843958585105,
Kondazhy,3,ROI,,15,10.44109716672114,0.33335076326035745,0.2705542920784292,0.8419274772638782,,1.3991852035794166,,1.8143782568709839,,2.3866450340910683,,2.8454466264375786,,3.3307181655136873,
Kothapalle (sileru),3,ROI,,17,7.956834458842526,0.45013105018727884,0.36417626628873656,0.7206036601655326,,1.45768423074033,,2.081282389492097,,3.02612081484373,,3.845614066589091,,4.765560523073951,
Kottapuram,3,ROI,,11,7.059844106239178,0.3322395743704077,0.3046723190846437,0.8242171556649361,,1.377677273207778,,1.8093470601733104,,2.424844362439966,,2.932440133568639,,3.4809035209965704,
Kovvada kalva near dommeru,1,ROI,,15,5.077518158068535,0.5142919833461508,0.3927642936556006,0.6591921797860651,,1.489858515878983,,2.221326256498414,,3.3634695740401805,,4.379073589395989,,5.540934301122542,
Kovvadakalva   pragadapalli,3,ROI,,16,5.351872689017377,0.5109631549283496,0.38824193688432096,0.664743380357073,,1.4920364554152403,,2.2159010123193195,,3.340750305130678,,4.337008338796797,,5.473300172077344,
Koyna,2,ROI,1079.6608823529411,15,5.402951830696876,0.39071084633480146,0.32665517430172236,0.7798073719515667,841.9275152665566,1.427655197118975,1541.3834698172348,1.9482209830435733,2103.4179855713387,2.7071147297330684,2922.7658777342485,3.3446119128542526,3611.0466489603805,4.043112303021133,4365.190196531828
Kudlur,2,ROI,39.462941176470586,17,5.0832452210485854,0.3904486699202893,0.33128371954951796,0.7771564522609982,30.668879360490344,1.4237763468997366,56.186402226154485,1.9466432507021019,76.82026809403052,2.7124871622529385,107.04272132591935,3.3583417524689576,132.53004302816763,4.0680967841037985,160.53906409127737
Kukshi,1,ROI,,13,1.795532005905555,0.45768497866328134,0.3667634050288296,0.7141504503981666,,1.4627854798724416,,2.0984385399692393,,3.0641421472731745,,3.90360500368548,,4.847566991577113,
Kundanpur,1,ROI,,14,3.4164000330402646,0.4324735128409259,0.3231399200518218,0.7586349946533646,,1.4763567051835758,,2.0503170763072176,,2.8840729834137857,,3.5823858704085456,,4.345807714507229,
Kunturla (machkund),2,ROI,,18,7.253847928438314,0.41566060299136076,0.33480101917562044,0.76051219340292,,1.4482039598617513,,2.006959136679634,,2.8283080465433503,,3.5230359967515703,,4.2882230975291185,
Kurubhata,1,ROI,1505.671785714286,10,3.3372698957897113,0.4082276954333745,0.3046255005631404,0.7840433035489163,1180.5118809318246,1.46409330408652,2204.4439796162796,1.9944630411940674,3003.006728775817,2.7506563870446117,4141.585714167867,3.374258725554274,5080.526160767315,4.0480487153075515,6095.032737835542
Lakkavalli,2,ROI,,17,7.048860619782819,0.37043771201072073,0.3134879928926648,0.7988522570637742,,1.4149383195765877,,1.9012121642493711,,2.6007369281756754,,3.181895672173513,,3.81335493158511,
Lakshmananpatti,1,ROI,,18,6.2141359619756305,0.5258826766716235,0.4243935872351525,0.6279596104939148,,1.4606960178778636,,2.227912116628296,,3.467549548566706,,4.601405450282569,,5.926695816756156,
Lasur,2,ROI,,16,5.696068666831922,0.44884577687645544,0.3500781550713812,0.7309177745949696,,1.4698816717136425,,2.083009417061708,,2.998515317708014,,3.783015241665889,,4.655632220109763,
Lohara,1,ROI,,14,1.9319977261280952,0.517442750022855,0.39775149988068015,0.6533896379567727,,1.4868180470617154,,2.2259168403016316,,3.3861373766282377,,4.422365371973594,,5.611790899006433,
Lonkheda,1,ROI,,14,4.279090026335509,0.4799651791609823,0.3884952680163422,0.6849055089789247,,1.4619066810051053,,2.142009499962998,,3.199139445249757,,4.13562787216916,,5.203929292950709,
M.h. halli,2,ROI,588.6016666666667,10,3.6809545409991604,0.36779722193069475,0.3200739911521449,0.7964900184624522,468.81535235036347,1.4073165349692243,828.3488580104437,1.8937628920180436,1114.6719945133073,2.598203193569425,1529.3067300736197,3.1866883265325345,1875.6900601442608,3.8287877042037595,2253.630824007173
Maan at gopalpura,1,ROI,,14,3.8415672125488816,0.4512946358762447,0.36455146741229316,0.7196287891309443,,1.4584994814917027,,2.0839377004129247,,3.0319343937320844,,3.854433051525451,,4.77798004569811,
Machak at barangi,1,ROI,,13,3.7480011170954266,0.43258908082267805,0.3451572351815235,0.7438978195757933,,1.4572994428045436,,2.0452259990394612,,2.9186680008039634,,3.663986797373875,,4.490386785003344,
Pachegaon,1,ROI,,15,9.207777787949931,0.423155010371042,0.3011619800642096,0.778473259768541,,1.4837830456956533,,2.0312901878522562,,2.8092144711647387,,3.448888532080029,,4.138536582702277,
Padampur,1,ROI,,13,3.773938051055907,0.42115248397325816,0.33125676546343685,0.7596501852563751,,1.457123654119603,,2.0210908104599397,,2.8471116521241226,,3.5436990221610216,,4.309193090889935,
Palakmati at sohagpur,1,ROI,,14,4.760614829184631,0.44828457851576303,0.3567513120645803,0.7267372578572142,,1.4629688235473468,,2.079477916596169,,3.0064013794097164,,3.8052373792072833,,4.6976597724768006,
Paleru bridge,1,ROI,469.2155319148936,14,4.565218399576572,0.5124203123399779,0.3861352191114582,0.6653563005244261,312.1955104634944,1.4959185676290665,701.9082264114381,2.2204918940378278,1041.889285173669,3.3439302438033858,1569.0240080325054,4.337102583195238,2035.0358955434124,5.4682867983743915,2565.8050987624306
Pallamala,1,ROI,,15,5.73738305654578,0.5339174016319131,0.4035060464914327,0.6379602913855106,,1.4950318630403014,,2.2613381792585567,,3.47171839362771,,4.558272418430122,,5.810308594474154,
Pallippady,3,ROI,,17,9.996672091825323,0.35370846680528767,0.2867674169726024,0.8229767047953715,,1.4136084000727724,,1.8633108910164287,,2.4931658734720568,,3.0049342090003885,,3.551723041686639,
Panam at santrod,1,ROI,,10,2.0593519440113868,0.4606531351244113,0.35394560633169836,0.7211451835165277,,1.4784885409715183,,2.110224336427506,,3.057288196296108,,3.871520273395485,,4.7794843958585105,
Parmanpur,1,ROI,,13,3.1200666891639215,0.419508843295286,0.33503321847129597,0.7581450315131465,,1.4521569091106166,,2.0162261854932977,,2.845583120148465,,3.5472225530154713,,4.320137258531675,
Patan,1,ROI,1190.2697142857144,13,3.5250022394637366,0.42509627867570904,0.3475153973775717,0.7468086475316795,888.903715523633,1.4472962192732222,1722.6728574011327,2.026453851840948,2412.0266472439107,2.8889570970720087,3438.6381385155864,3.626423141123372,4316.4216360640185,4.445363400586912,5291.181424712755
Pati,1,ROI,744.5905882352943,14,6.461945968689428,0.48457521617777377,0.36925068002848127,0.6955650567055123,517.9111947282732,1.487333442279538,1107.4544826889462,2.161939589906911,1609.759870977958,3.1894871799906888,2374.8621355181967,4.084632492149884,3041.3789100548784,5.092852524320086,3792.0900568790958
Pedageddada,3,ROI,,17,10.370335938377158,0.42611670117905215,0.3449207293299839,0.7478831391765648,,1.450666017542577,,2.0296534022529062,,2.8896061416153347,,3.62326652714487,,4.436615576601435,
Penuganchi prolu,1,ROI,,8,3.1858218388171196,0.5355504020245849,0.4219092371807839,0.6229694445551894,,1.4724933068651234,,2.252367840336207,,3.5090296196012067,,4.655877773141666,,5.994063798536704,
Pillaperu riverr   narravada.,1,ROI,,16,5.0111960623643865,0.5469827467831614,0.41896222591633964,0.6171694744584626,,1.4865857769694308,,2.2813339652142703,,3.5578417840452827,,4.7197093410366815,,6.072681034131238,
Pipriya,1,ROI,,16,4.280091539514925,0.43802540790063166,0.33943950293841346,0.7445057420035467,,1.468196351813023,,2.0599438435781976,,2.933923265168696,,3.6760820537573338,,4.495950527062878,
Pookkayam,3,ROI,,16,8.043064897615217,0.34386070533079915,0.3054814090589616,0.8176278046708372,,1.3903684295388552,,1.837563957961685,,2.475716214458997,,3.0023506640864124,,3.5716761542133177,
Potteru (potteruvagu),3,ROI,,13,5.355746389205382,0.488631481040015,0.3909289598212665,0.6774929332860602,,1.4674995944276856,,2.1613627916866376,,3.242674118183551,,4.202634306872831,,5.299491235910677,
Prakasha(damarkheda),1,ROI,,13,4.729674823317842,0.512865672055058,0.39880530832724537,0.6556804905985618,,1.481237413429481,,2.2144508176738666,,3.3667318943476054,,4.396828572790628,,5.580054272635743,
Pratappur,1,ROI,,16,5.7424384139694675,0.4667335859799741,0.35374339027494295,0.717606847843745,,1.485004189910796,,2.1249479353193896,,3.084116236037111,,3.9086121915518417,,4.827900975417126,
Pudunagara,2,ROI,,17,6.768833206247518,0.4085535482678431,0.3487420220144793,0.7559006791937399,,1.4288438379743567,,1.9861674713207678,,2.817203372965759,,3.528508302622025,,4.3190244484992215,
Pudur,3,ROI,180.105,17,13.048950309557434,0.3892026749960613,0.31037539247478824,0.7905700597988028,142.38562062006338,1.438260420578608,259.0378930483102,1.9473310278567977,350.7240547721485,2.6773590463541854,482.2057510436205,3.2822817262173425,591.1553503003744,3.9382674069449664,709.3016513278232
Pulamanthole,3,ROI,662.4812121212121,14,8.240793040242725,0.3279091210582656,0.2872429390341393,0.8356376777670556,553.5942616612739,1.3831629214628418,916.3194487718204,1.8003103380392806,1192.6717749386119,2.3848446239873873,1579.9147572199206,2.8599760061675115,1894.6803712034364,3.367771782357988,2231.085532524135
Pullakkayar,3,ROI,,16,9.023696278422381,0.34484193618290504,0.29838331931101647,0.8209965388378587,,1.3960127248954515,,1.8407103750478617,,2.4708049060241453,,2.987724448909886,,3.544054286206654,
Rahu,2,ROI,,14,5.205012436820891,0.42897066420406516,0.3409475134612492,0.7487967832683877,,1.4571947860772207,,2.0376357576126347,,2.896240845424715,,3.626278942014861,,4.4335409816882905,
Rambhapur,1,ROI,,13,1.0789297927199526,0.47260965125595317,0.3760114941836014,0.6983592985074757,,1.46821631307616,,2.1303666707701407,,3.146112643039358,,4.036181345977086,,5.043155890943822,
Rampur,1,ROI,1831.9315789473685,10,3.350169039767967,0.42640526364011844,0.31615148079672717,0.7666787339157528,1404.5029835676544,1.4754537064805844,2702.9302381767243,2.0369084728162785,3731.476954777598,2.846755906119382,5215.062041975027,3.5210733277160107,6450.365420832257,4.254993188167555,7794.856389610087
Rangeli,1,ROI,,10,4.498725538824993,0.3969699197034271,0.27153336183984644,0.811125675026427,,1.4747084619469233,,1.9697666786857906,,2.6527717617367204,,3.2007961605463615,,3.7807905274093017,
Ratanpur,1,ROI,,12,4.281223679472386,0.43728244568872504,0.33985595960092335,0.7446601144640148,,1.4670302487569256,,2.0580350243582775,,2.931289670371854,,3.6730953461438194,,4.492793410098384,
Rayachoti,1,ROI,,19,6.658998191565969,0.5169842868462359,0.4030458072513254,0.6497814838786389,,1.479899783632557,,2.2216210495412403,,3.392589437066144,,4.443334008820431,,5.653730723128701,
Sakleshpur,2,ROI,566.8873333333333,16,5.049849060831213,0.39746316898183853,0.32926307403052324,0.7743951483551643,438.99480059733014,1.4329912007292687,812.3445604715465,1.9640768427890887,1113.4102838704591,2.7403610121318813,1553.4759465380766,3.3939034056764226,1923.9608512348254,4.111178790121498,2330.5751811885357
Salebhata,1,ROI,2585.517021276596,12,4.6466508460354525,0.42227057576055216,0.31827110565085065,0.7675390826745887,1984.4853627501736,1.4691180686182135,3798.4297726773893,2.0264720788468464,5239.47805300029,2.8321268026185207,7322.512054583848,3.5041473937111465,9060.032731502191,4.236552725606708,10953.6791835919
Samdoli (seasonal),2,ROI,1549.10693877551,16,5.945150966153475,0.4422343027453545,0.34234760596929015,0.7400830623898969,1146.4678072184179,1.4700600018302998,2277.2801492516564,2.069331330831975,3205.615523217373,2.957063820851702,4580.808083283393,3.712766976970868,5751.4730860821455,4.549163238076406,7047.140337726627
Sanarpatti,1,ROI,,11,4.884481248716518,0.5584757500303902,0.44080132332277533,0.5923214762419733,,1.4658105265301877,,2.290073556785792,,3.6463191880452825,,4.9055541137145875,,6.394276851486368,
Saner at chargawan,1,ROI,,15,5.674474523073495,0.42963464369545606,0.33570486984418757,0.7518632987812823,,1.4624877220414199,,2.0405895888262435,,2.8911617525006177,,3.611158981503472,,4.404638360021281,
Sangam (murredu),1,ROI,,13,4.97299472317199,0.5354613091100204,0.4100050867420711,0.6319744138345058,,1.4880900827647274,,2.2606762346281473,,3.4895630005581326,,4.5991356075919345,,5.883337469681338,
Sanoor,3,ROI,,14,7.732004544592277,0.3644580960810065,0.3149745063622254,0.8012481123560145,,1.4072041946688914,,1.886446279921651,,2.5768892448120133,,3.151217802265445,,3.7758441828965665,
Seedhi,3,ROI,,17,6.17121352460584,0.5155954128098641,0.3889117065460851,0.6612029490077644,,1.4957014940592561,,2.2265599951615913,,3.363085314863933,,4.370276457169683,,5.519551262991445,
Seethapalli,3,ROI,,15,9.748834957475193,0.46390981050532265,0.36214481170532065,0.7134591308989162,,1.4737355314086447,,2.1151488240905945,,3.084927831406703,,3.9245816928070543,,4.865908914633557,
Sevanur,2,ROI,,14,8.540840427930044,0.41056322918249893,0.2933898592277668,0.7901564847488314,,1.4752191135915285,,2.001477095469567,,2.7434285807193604,,3.34959425796191,,3.999931689667666,
Sharad,1,ROI,,15,3.197866024315649,0.4895234737773137,0.3812385469126212,0.6838077201685362,,1.479217265880432,,2.1683687414323716,,3.2313688127703366,,4.1670959236437595,,5.2293922504699735,
Machna at shahpur,1,ROI,,15,5.606206387677932,0.42963464369545606,0.33570486984418757,0.7518632987812823,,1.4624877220414199,,2.0405895888262435,,2.8911617525006177,,3.611158981503472,,4.404638360021281,
Machrewa at bakori,1,ROI,,14,5.426957391027319,0.4366561440463968,0.34717066908602584,0.7401522460123379,,1.4597732674320203,,2.0544683533825236,,2.9397965007658664,,3.696555899689422,,4.536733664567524,
Madhira,1,ROI,584.8120588235295,14,4.694339635594848,0.530181940741947,0.4093222534627251,0.6361148960393587,372.00766200109274,1.4841548673919316,867.9516636124379,2.2487059527458895,1315.07035791405,3.4639138615417417,2025.7385969555883,4.560466794749148,2667.015975433592,5.829011387750461,3408.8761505761454
Madhya bharat paper ltd (mbpl),1,ROI,,12,3.179779872879478,0.4170420241150109,0.3092181547224086,0.7763510180599226,,1.470521087933176,,2.0152708730411137,,2.795555931341219,,3.441497811554352,,4.141452654034062,
Magaral,1,ROI,292.81714285714287,15,6.056836974268839,0.5454808546386036,0.4176115031310312,0.6192512082871533,181.3273695214777,1.487071589446086,435.4400540456331,2.2788185830417826,667.2771465760576,3.5486328783364387,1039.100540483395,4.70300369582342,1377.1201050575974,6.046002558230726,1770.3731948080979
Mahanadi_ arang,1,ROI,,8,3.2012564149710556,0.4123859953469525,0.3099488200596464,0.7783725175146572,,1.464698762498408,,2.0038253148789034,,2.7766232202577648,,3.41675790841502,,4.110740608239737,
Mahanadi_ kasdol,1,ROI,,7,-0.4381724590668576,0.43158947539712755,0.33353028194874473,0.7521794899232483,,1.4664846256480135,,2.0458567673342323,,2.8964086609022948,,3.615063936391981,,4.405960156989707,
Malpur,1,ROI,,14,4.0838372258101225,0.4854397571334586,0.3886920851220272,0.6811728464394298,,1.466955142202278,,2.1549347470031717,,3.224531570188223,,4.172227820893549,,5.253456471497924,
Manakkad,3,ROI,,15,8.469070364093932,0.33992744601677166,0.28519078151079535,0.8307373803766721,,1.3984431549566372,,1.8297776522377887,,2.4329613603313542,,2.9224201239220733,,3.444857639768037,
Mandal,1,ROI,,14,4.224568227629675,0.4836691718527604,0.3893234160057434,0.6818928803715014,,1.464547716128704,,2.150399049588561,,3.217402192468795,,4.163324508583668,,5.242983805306108,
Mandalapadu,1,ROI,,16,5.247689521508695,0.5249153434137538,0.39927369217588643,0.6472384956325106,,1.4919631729114669,,2.242699192192087,,3.42311010569268,,4.478791334821045,,5.691787000780398,
Manendragarh,1,ROI,402.089,14,4.566032863319166,0.420481572506132,0.33451844241616074,0.7579174910172929,304.7502860456523,1.45364200675481,584.4934608540348,2.0187056397457916,811.6993319797456,2.8490882889553637,1145.5870610177733,3.5512892393040425,1427.934338942523,4.324567037086629,1738.8608353751256
Mangaon,3,ROI,,12,5.976380002230789,0.373797013575132,0.31644790117394456,0.7952913013935097,,1.4165809737269917,,1.9089321923735234,,2.6193164963761415,,3.210963271469586,,3.855026466302827,
Manikal,3,ROI,,16,8.887018749071633,0.34484193618290504,0.29838331931101647,0.8209965388378587,,1.3960127248954515,,1.8407103750478617,,2.4708049060241453,,2.987724448909886,,3.544054286206654,
Manot,1,ROI,2782.9702222222218,13,4.512109415619616,0.4059624764176459,0.3140293659691191,0.779216898391434,2168.53742487572,1.4543108509742702,4047.303792116053,1.987550071103502,5531.292663056705,2.755055000722832,7667.236027596064,3.3929802730239795,9442.56306441316,4.086357238936616,11372.210513322818
Maruthankuzhy,3,ROI,,16,12.008018717281608,0.43908257620803387,0.3453891511595244,0.7398984356685046,,1.463952889102646,,2.060848722935739,,2.947827080020622,,3.704846210352647,,4.544345125351526,
Mat sekawi,3,ROI,,15,10.223001392357682,0.33938967994962227,0.2722242984228467,0.8381394798700725,,1.4054529934622835,,1.8290809895433235,,2.4139360699458132,,2.8834743481837664,,3.380617249499201,
Mat-2,3,ROI,,18,9.328641850610053,0.3517967816522512,0.30368947261002466,0.8144179964140579,,1.4005529942613328,,1.857101794857623,,2.5074319438965817,,3.0433147433435552,,3.6219837961457433,
Mat-i,2,ROI,,17,7.40990704455793,0.364212788569199,0.32397884623107936,0.7962558416213896,,1.4005707105508325,,1.8843914120560445,,2.587804883380313,,3.1773656083961246,,3.8222402565684765,
Mayambadi,3,ROI,,16,9.95087289231543,0.5022409805433115,0.3846366023588139,0.6731003359195613,,1.4877879295607792,,2.197016609140061,,3.294920023169643,,4.264245655603318,,5.367169710512199,
Meghraj,1,ROI,,15,1.9033055280533904,0.461896351715779,0.36545456386450637,0.7124204464603383,,1.4683628014914185,,2.109054515023005,,3.0810855452882975,,3.92509425156154,,4.873354414297189,
Mirawadi,2,ROI,,13,5.188257696816125,0.3814442658763522,0.31305542094437133,0.7931351354681542,,1.4275818682164494,,1.9280545532968674,,2.647691281074533,,3.2453423100472882,,3.8945432994814633,
Morane,1,ROI,,11,3.524251590634349,0.5319177618843294,0.4135045221104242,0.6317846032136036,,1.4803278861834497,,2.2499304590815306,,3.478724829255031,,4.591693412391172,,5.8828973116632906,
Mukki,1,ROI,,13,3.14686039954374,0.4471419407320794,0.355187960332688,0.7284863895682917,,1.4632762591057833,,2.077250943349029,,2.998871445272065,,3.792072858026179,,4.67729979567403,
Mukkodlu,2,ROI,,17,7.127836162720309,0.3844505881774117,0.31959299451194895,0.7875643016856866,,1.4261181995427419,,1.9343140134260726,,2.6698926338143485,,3.2841422248895,,3.9541483313605834,
Mundakayam_gd,3,ROI,,16,9.32317610400494,0.34484193618290504,0.29838331931101647,0.8209965388378587,,1.3960127248954515,,1.8407103750478617,,2.4708049060241453,,2.987724448909886,,3.544054286206654,
Munugodu,1,ROI,,15,5.1543386465231364,0.5285888342038029,0.39294984594990146,0.6495764400555247,,1.5032478320078262,,2.2551704689841845,,3.429485031637263,,4.4738666382226295,,5.66879754269676,
Murli,1,ROI,,14,3.720094523210365,0.493618326858363,0.3739845073217287,0.6864256439012305,,1.4912606120787701,,2.181538639254625,,3.2381818298326013,,4.162458378866031,,5.20673670198173,
Muthanga (ponkuzhi),2,ROI,,16,4.443247906908666,0.39252567959818835,0.34335443158683343,0.7686951585994519,,1.41640988103571,,1.9488833301349173,,2.7384796065419943,,3.4112181270602857,,4.156274503637556,
Muthankera,2,ROI,969.1326086956524,17,7.847444803305144,0.37043771201072073,0.3134879928926648,0.7988522570637742,774.1937718506254,1.4149383195765877,1371.262864794701,1.9012121642493711,1842.5267044229001,2.6007369281756754,2520.4589637340096,3.181895672173513,3083.678853370923,3.81335493158511,3695.6466127295084
Nagaram,1,ROI,,14,3.8291718703156663,0.5032037349287641,0.38803957008009454,0.6699823807726092,,1.4847988268573133,,2.1975434159007534,,3.304875014443086,,4.285443842305218,,5.403690362086624,
Nagari,1,ROI,,14,3.071613823975479,0.485658052664465,0.3852355372387739,0.6834699742905127,,1.4710178735477892,,2.1571973522593515,,3.2200935556479378,,4.159003780779957,,5.2277458204943645,
Nandalur,1,ROI,,14,4.421602055426752,0.532186896720973,0.4165576268165631,0.6293161604305828,,1.4765840278879308,,2.2484084762530654,,3.4848496704862715,,4.607816886741665,,5.913339123537696,
Nandipalli,1,ROI,231.994,15,5.734786037896683,0.5456548348078828,0.42013968851087896,0.6172016703056051,143.18708430087855,1.4838110583904363,344.23526268023085,2.2773398995820404,528.3291926636359,3.553530077259417,824.3976567437212,4.716341737915694,1094.1629851460134,6.07150664372045,1408.553112303282
Nandre,2,ROI,,14,5.248227649714289,0.46427499045283516,0.3506913381455222,0.7212367329541954,,1.4854365815214627,,2.120038543628712,,3.0682083926065484,,3.8811241371675043,,4.785708082374316,
Narasingarayainpet,1,ROI,,14,4.302252667280826,0.5614833688360701,0.4306627300489862,0.597908686179583,,1.4829876813921297,,2.305886731305886,,3.644710608381634,,4.876281145349016,,6.322036873999296,
Narmadapuram,1,ROI,14273.705098039214,12,4.465138834286185,0.39105185592322367,0.2670395746643935,0.8168123124008894,11658.938067657773,1.470601684244398,20990.93475758432,1.9554401708095601,27911.37633499509,2.6213910255876636,37416.96244588488,3.153762424415122,45015.87479537864,3.715622147440689,53035.69478831158
Navalgund,2,ROI,,17,6.08833738224759,0.46580666476397004,0.3612149872837301,0.7129356409179117,,1.476607312667649,,2.120055562107599,,3.0919716433044107,,3.9328024366497267,,4.874876803843522,
Noornagar,1,ROI,,13,4.347265356869554,0.42759393994938283,0.34190945128506944,0.7489740125772283,,1.454883544075564,,2.034048749291484,,2.89161164421946,,3.6213602042962685,,4.428802380747992,
Odendurai,2,ROI,,18,6.7110080476036105,0.3743491444423,0.3221239955971349,0.7916670507640655,,1.413078011306961,,1.909333271486115,,2.6294705110265832,,3.232106603251264,,3.890504723663609,
Orsang at bodeli,1,ROI,,15,6.741361415452308,0.4507348977397403,0.3495422774783086,0.7301513689748683,,1.4723654761548164,,2.0877358256181435,,3.006083015289911,,3.792657386966212,,4.667278130975199,
Ozerkheda,3,ROI,1053.3095652173913,13,4.26336687425771,0.4103752560270574,0.33708623758660544,0.7621152691381055,802.743302781393,1.4406072784143245,1517.4054260756016,1.9936126805201537,2099.8913057305613,2.808408817343696,2958.123870348976,3.4989303466494555,3685.456802155274,4.260601265340281,4487.732066360239
Sher at kacchara,1,ROI,,14,4.2464247436808735,0.420481572506132,0.33451844241616074,0.7579174910172929,,1.45364200675481,,2.0187056397457916,,2.8490882889553637,,3.5512892393040425,,4.324567037086629,
Shindkheda,1,ROI,,11,2.8971483797174367,0.5123027372719096,0.39044852342636155,0.6622256468390778,,1.490717094194353,,2.2178884301505244,,3.350528060713234,,4.355631599002125,,5.503701157809158,
Shirpur,1,ROI,,12,3.7735212148241732,0.4984097613532221,0.3790413986798192,0.6796727260890435,,1.4903887558384457,,2.190643076457187,,3.2682701963116183,,4.215057203055623,,5.288346661711675,
Silgi at kotrai,1,ROI,,14,4.402216392703542,0.420481572506132,0.33451844241616074,0.7579174910172929,,1.45364200675481,,2.0187056397457916,,2.8490882889553637,,3.5512892393040425,,4.324567037086629,
Singavaram,1,ROI,141.06793103448277,14,3.856075697386536,0.5295684558851287,0.41792176522830216,0.630128184874002,88.89087932668953,1.4724572889345167,207.71650328663586,2.2412910401872055,316.1742898853328,3.4747741112315484,490.1791946836182,4.596429760431605,648.4088364494098,5.901644877653261,832.5328325907988
Sip at dholpur,1,ROI,,12,4.367836704004809,0.452606331582011,0.36438527397074505,0.7189261002437561,,1.4599955754296066,,2.087150357796917,,3.0375843891879377,,3.8620795244139448,,4.7877675867594665,
Sipu at sipudam(bhakudar),1,ROI,,13,3.973049112023795,0.42555619144260165,0.3345840795802697,0.7549528819882537,,1.4590605080191132,,2.030984145638373,,2.8715041195953446,,3.582317062338139,,4.365111522980658,
Sirimoda,2,ROI,,17,5.644502141206475,0.3990318193048086,0.3217032005444809,0.7781924764182482,,1.4406419488036457,,1.9693679781469626,,2.736298149896931,,3.3778650837925794,,4.07860852360599,
Sohagpura,1,ROI,,12,3.3264672284244194,0.4466883605367582,0.3537520215717309,0.7297292200092254,,1.4641661214607413,,2.076630971168127,,2.9946212057838886,,3.783726549510196,,4.663560773057563,
Somanpally(seasonal),1,ROI,1513.9862790697673,11,2.2722267532968075,0.4974589640117262,0.3941468496196981,0.6693548258166375,1013.3940221155233,1.472221985431216,2228.923885687712,2.1805934016011954,3301.3884902542804,3.288304594399074,4978.448037322274,4.274491748169086,6471.521856724939,5.4037440282896085,8181.19431443566
Songe bange,2,ROI,,15,5.4673756005476095,0.39530804500703676,0.30629396794089386,0.7898333262334103,,1.4481732441949524,,1.9627687326115664,,2.697700219362325,,3.3046130146557315,,3.961061151078473,
Suddakal,1,ROI,,15,3.628118215531548,0.5232850689241849,0.40524393702499023,0.6438753697244624,,1.4829980893189745,,2.2351165520897878,,3.425311857051777,,4.495397933801169,,5.729907429013213,
Sundergarh,1,ROI,2214.66488372093,12,3.366049251914366,0.4225911420268441,0.34298112379547313,0.751219189549549,1663.6987590726833,1.4486298593490967,3208.2296790100345,2.0216637900326573,4477.30780247549,2.871081158602368,6358.482620269466,3.5945575366427622,7960.740348917136,4.395613057729086,9734.809881377789
Surubali,2,ROI,,12,3.717984180596052,0.4241762700663438,0.32232765252037754,0.7638025675144022,,1.467891358058453,,2.0303282813309336,,2.8466728924155182,,3.5299357428812392,,4.276517865678805,
T. bekkupe,2,ROI,,15,6.895702539763065,0.40003528749536926,0.3270111616182459,0.7743314011556137,,1.4375798456076878,,1.9707788751125885,,2.748370700120109,,3.401771053028708,,4.117859192530394,
T. narasipur,2,ROI,,16,3.902210898380208,0.38386404837837185,0.3258327463663159,0.784156237445809,,1.4207840488662054,,1.9317618695900114,,2.6760564567107274,,3.3008564719735394,,3.9850853391361283,
T.k.halli,2,ROI,430.005294117647,15,6.254837346874811,0.39847696285109035,0.3405255289579255,0.7669110670475323,329.77581894785266,1.4250391571946839,612.7743819186638,1.963978661964316,844.5212221787485,2.7608490566061743,1187.1797106003662,3.4381536208278036,1478.4242589457126,4.186900417817351,1800.389345604849
Takali,1,ROI,,12,1.8954384114584515,0.5270338207953515,0.39553922401508057,0.6486405235507424,,1.498580166501438,,2.2499626279081464,,3.426679527213355,,4.475589290237946,,5.677784729505553,
Talaji   talaja,1,ROI,,11,3.656232279741237,0.508733474350794,0.3989584210718405,0.6583430686450782,,1.4771761039815707,,2.2045757607043184,,3.3479077520363845,,4.370142771477156,,5.544459071339607,
Talikot,1,ROI,,15,4.4200760611519785,0.5013007140919843,0.3903224667982901,0.6695710594711615,,1.4803248631908286,,2.1918012552712325,,3.299845978967232,,4.28301508631701,,5.405935734447863,
Tamar,1,ROI,,13,3.892124791790706,0.4179847540712905,0.33210736278414194,0.760908892748937,,1.4529737778885194,,2.0132174938856084,,2.834495896233081,,3.527582253197058,,4.289644026582273,
Tapi at burhanpur,1,ROI,8181.202857142856,11,3.776266416785454,0.4149175969717735,0.30344231157466467,0.7812828173777178,6391.8332177672055,1.4726124911357958,12047.741519944433,2.010919448784515,16451.73993988001,2.7775199966083886,22723.454532023967,3.4090813945560416,27890.386445374443,4.090962002514758,33468.9900234366
Tapi at dedtalai,1,ROI,,13,5.896685578949887,0.4330594514603987,0.3218474053582405,0.7591803361273367,,1.4780960788080588,,2.0520023978541935,,2.884589228717296,,3.581164995255041,,4.342061007741003,
Tenduni at maheshwar,1,ROI,,13,3.8937865158975926,0.41823939797460696,0.32861864550587905,0.7630197163197248,,1.4561602032186844,,2.0146114893402434,,2.830361184207179,,3.51675547185831,,4.269776092356254,
Terwad (seasonal),2,ROI,1891.0937142857144,17,6.28496997221305,0.4530216481381273,0.3532981222433225,0.7262076844303009,1373.3267872921258,1.4711821195306656,2782.1432588139764,2.0920456403903316,3956.2543605409883,3.0221878637416806,5715.240472512463,3.821428303543012,7226.679044423711,4.7123002674348875,8911.401415573007
Teska,1,ROI,,16,2.89490287328524,0.4508075910799352,0.35496449877444214,0.7264123701253836,,1.4672880656078073,,2.0861569927031485,,3.0149094122118654,,3.8140958588076552,,4.7058726323817455,
Thandalaiputhur,1,ROI,,17,6.45535244542071,0.5426175325374596,0.423893592771987,0.6164970100608033,,1.476036680127807,,2.2673739972617097,,3.5452838661265655,,4.713617442343648,,6.078736178719308,
Theni,3,ROI,183.98589743589744,16,6.20359764928402,0.4998226487655257,0.39445365443211944,0.6675627682805944,122.8221350168972,1.4741075683395728,271.21500387800484,2.1860326492267723,402.1991787921601,3.299665304077125,607.0918822087233,4.291392499061748,789.5557001895543,5.427221950246357,998.5323010998775
Thevur,3,ROI,,16,5.9153562557659125,0.4927914905861662,0.3674103882690619,0.6917502481408386,,1.4975859293881677,,2.182422607738623,,3.2235501029334674,,4.129083214444521,,5.147772158357911,
Thiruvalam,1,ROI,,12,3.8508194991165796,0.5822952795946179,0.4506098983174215,0.5672294453199664,,1.4706094158758123,,2.335526611647742,,3.774453593289475,,5.122643120482495,,6.727600498337516,
Thiruvattar,3,ROI,,17,11.947002965135582,0.40955989989436203,0.32234872801657466,0.7719280620706476,,1.451751779224263,,1.9948209420724559,,2.7830711936486208,,3.4428313690479,,4.163742456680758,
Thoppur,3,ROI,,13,4.806092037318497,0.56563856050928,0.426822115951467,0.597930680712144,,1.4920679732867859,,2.3187596622646645,,3.6580670283010486,,4.885787422792636,,6.323196562799251,
Thottathinkadavu,3,ROI,,17,8.213224772442741,0.34808312682446424,0.31609593243833267,0.8095655137681506,,1.3881595149953898,,1.8464571651125026,,2.5074727918508017,,3.057840144947675,,3.6568329581118553,
Thumpamon,3,ROI,391.8985714285715,17,9.969248837119697,0.3665878359486551,0.3097658546132707,0.8030914967568784,314.7304103054539,1.4132177322659754,553.8380103925612,1.8923687280522334,741.6166011397731,2.5790697900169923,1010.7337663222451,3.1478005382719774,1233.6185340908762,3.7643014538953112,1475.224362208067
Tuichang,2,ROI,435.5225,15,6.825544731592576,0.34998492667896,0.3079711578975995,0.8130012481173199,354.08033608317544,1.3956872931298367,607.8532191221393,1.8521802101352354,806.666155568623,2.5052297908442607,1091.0839415829694,3.0452795702599573,1326.2877716385422,3.630026594547333,1580.9582575237407
Tuichawng,1,ROI,,15,6.089805859391842,0.4696657081276173,0.3779580604564462,0.69889355798054,,1.463251435615613,,2.1224637547066565,,3.135774661912284,,4.025214720997725,,5.03277281537979,
Tulaghat,1,ROI,1492.6806666666666,16,6.2947254071384515,0.4392891989270664,0.35131679761209245,0.7358229361049797,1098.3486708138053,1.4587344628610395,2177.4247305130584,2.0595674810965843,3074.2765607282367,2.9578618757599653,4415.143236617302,3.7284288040056257,5565.3535927823195,4.586236269836212,6845.786212749963
V.kallathur,1,ROI,,17,7.622329951832472,0.531329711740871,0.40996705708827225,0.6348426463089446,,1.4843729919770399,,2.2509746146068115,,3.4702921118633596,,4.57118714067625,,5.845312787360521,
Valamuru (pamuleru),2,ROI,,19,7.793710419580805,0.4387585230879909,0.36252801003603813,0.7287427870424255,,1.447688086735605,,2.0545543044501438,,2.9724658359296385,,3.767474167710532,,4.658972952441657,
Valayinkil,3,ROI,,16,12.57323691208858,0.39852186715739113,0.32474529919845063,0.776587832831364,,1.4377048356639754,,1.967553937551261,,2.738485669132152,,3.385053562361975,,4.092629677812576,
Valigonda,1,ROI,,15,2.7068645389616486,0.5400408208863626,0.4193845186063544,0.6217094715173177,,1.4798452730291989,,2.2647595468557524,,3.5260539705569363,,4.674511235398237,,6.012254116302761,
Varanavasi,1,ROI,,16,6.540442253870778,0.5318411908665439,0.39145886770377303,0.6485659518926941,,1.5081871984176178,,2.263757788102687,,3.4418975048248956,,4.488306963137976,,5.6843648341305935,
Veerlapalem,1,ROI,,14,5.304208285334551,0.5260052956300563,0.3907928382097178,0.6529290404774182,,1.5034229733961615,,2.250268706170832,,3.4139791283432483,,4.446967466007573,,5.627159525794594,
Vellaikadavu,3,ROI,,15,11.834824980187069,0.426654203571626,0.3331202766160931,0.7552830657483913,,1.4615019156089883,,2.033994664245662,,2.874095983555579,,3.5836750087142084,,4.364377375236736,
Venganur,1,ROI,,14,5.602666355212174,0.5392346414988027,0.4300577498477732,0.6142907100640838,,1.4646793279396144,,2.2546289380582003,,3.5389863518824702,,4.719802947260791,,6.105396573856679,
Vikkiralapeta,1,ROI,,14,5.4166739080860955,0.5289663939684612,0.401569908734591,0.6427786348381048,,1.4928810835404076,,2.250865199066708,,3.445611762257613,,4.516289944741136,,5.748421508071662,
Vinchur,1,ROI,,15,3.711383131934295,0.49342577047422803,0.3981195363823711,0.6692169213300145,,1.4637946328848974,,2.168807814841094,,3.2759575536244325,,4.265108255486148,,5.400777378295125,
Wankadi,1,ROI,,15,1.8105879314668563,0.461896351715779,0.36545456386450637,0.7124204464603383,,1.4683628014914185,,2.109054515023005,,3.0810855452882975,,3.92509425156154,,4.873354414297189,
Warunji,2,ROI,1808.5156896551728,15,5.180223328376707,0.3881042886441758,0.3168490302528756,0.7872119703201463,1423.6851994083468,1.432226175635142,2590.2035097709795,1.9436563114194862,3515.1329344994415,2.6818672573819384,4850.199012547723,3.2968965012216334,5962.489049628568,3.9665842525403425,7173.629855058345
Zari,1,ROI,,10,2.86834927000657,0.4638054368967757,0.3225893269483445,0.7415463874939899,,1.5113674754199615,,2.126531074239277,,3.0196420465260387,,3.7673212861815992,,4.584425578124584,
bhamgarh,1,CLUSTER,,34,,0.4675429860327853,0.35137476072606477,0.7187908348455316,,1.4881819048571234,,2.127696506678741,,3.0838802020871348,,3.904145881555903,,4.817313119261073,
sandia,1,CLUSTER,9727.693777777777,34,,0.4675429860327853,0.35137476072606477,0.7187908348455316,6992.177131650572,1.4881819048571234,14476.57785608012,2.127696506678741,20697.5800690183,3.0838802020871348,29999.042253255095,3.904145881555903,37978.33559954809,4.817313119261073,46861.3468558432
Abna at khandwa,1,CLUSTER,,34,,0.4675429860327853,0.35137476072606477,0.7187908348455316,,1.4881819048571234,,2.127696506678741,,3.0838802020871348,,3.904145881555903,,4.817313119261073,
Adityapur,1,CLUSTER,2414.023333333333,34,,0.4675429860327853,0.35137476072606477,0.7187908348455316,1735.1778471032596,1.4881819048571234,3592.5058425695424,2.127696506678741,5136.309013374303,3.0838802020871348,7444.558765043058,3.904145881555903,9424.699254813186,4.817313119261073,11629.106273869013
Akkalpada,1,CLUSTER,,34,,0.4675429860327853,0.35137476072606477,0.7187908348455316,,1.4881819048571234,,2.127696506678741,,3.0838802020871348,,3.904145881555903,,4.817313119261073,
Alladupalli,1,CLUSTER,1320.509142857143,34,,0.4675429860327853,0.35137476072606477,0.7187908348455316,949.1698692154432,1.4881819048571234,1965.1578115983903,2.127696506678741,2809.642690294482,3.0838802020871348,4072.292002332195,3.904145881555903,5155.46033164263,4.817313119261073,6361.306017989909
Allam vari ghanapur,1,CLUSTER,,34,,0.4675429860327853,0.35137476072606477,0.7187908348455316,,1.4881819048571234,,2.127696506678741,,3.0838802020871348,,3.904145881555903,,4.817313119261073,
Allam vari ghanapur,1,CLUSTER,,34,,0.4675429860327853,0.35137476072606477,0.7187908348455316,,1.4881819048571234,,2.127696506678741,,3.0838802020871348,,3.904145881555903,,4.817313119261073,
Altuma,1,CLUSTER,515.2524137931035,34,,0.4675429860327853,0.35137476072606477,0.7187908348455316,370.3587126665202,1.4881819048571234,766.7893186408515,2.127696506678741,1096.3007608853754,3.0838802020871348,1588.97671797416,3.904145881555903,2011.6205892720832,4.817313119261073,2482.132212696453
Ambaliyara,1,CLUSTER,,34,,0.4675429860327853,0.35137476072606477,0.7187908348455316,,1.4881819048571234,,2.127696506678741,,3.0838802020871348,,3.904145881555903,,4.817313119261073,
Anantharam,1,CLUSTER,,34,,0.4675429860327853,0.35137476072606477,0.7187908348455316,,1.4881819048571234,,2.127696506678741,,3.0838802020871348,,3.904145881555903,,4.817313119261073,
Anantwadi,1,CLUSTER,,34,,0.4675429860327853,0.35137476072606477,0.7187908348455316,,1.4881819048571234,,2.127696506678741,,3.0838802020871348,,3.904145881555903,,4.817313119261073,
Ankushapur,1,CLUSTER,,34,,0.4675429860327853,0.35137476072606477,0.7187908348455316,,1.4881819048571234,,2.127696506678741,,3.0838802020871348,,3.904145881555903,,4.817313119261073,
Ankushapur,1,CLUSTER,,34,,0.4675429860327853,0.35137476072606477,0.7187908348455316,,1.4881819048571234,,2.127696506678741,,3.0838802020871348,,3.904145881555903,,4.817313119261073,
Arni,1,CLUSTER,,34,,0.4675429860327853,0.35137476072606477,0.7187908348455316,,1.4881819048571234,,2.127696506678741,,3.0838802020871348,,3.904145881555903,,4.817313119261073,
Asegaon,1,CLUSTER,,34,,0.4675429860327853,0.35137476072606477,0.7187908348455316,,1.4881819048571234,,2.127696506678741,,3.0838802020871348,,3.904145881555903,,4.817313119261073,
Bamnia,1,CLUSTER,,34,,0.4675429860327853,0.35137476072606477,0.7187908348455316,,1.4881819048571234,,2.127696506678741,,3.0838802020871348,,3.904145881555903,,4.817313119261073,
Bamnidhi,1,CLUSTER,2761.5279245283023,34,,0.4675429860327853,0.35137476072606477,0.7187908348455316,1984.9609623209467,1.4881819048571234,4109.655887040667,2.127696506678741,5875.693318114662,3.0838802020871348,8516.221293963607,3.904145881555903,10781.407873348791,4.817313119261073,13303.144700035993
Baronda,1,CLUSTER,1594.0311904761904,34,,0.4675429860327853,0.35137476072606477,0.7187908348455316,1145.7750101721977,1.4881819048571234,2372.208373444525,2.127696506678741,3391.614595513145,3.0838802020871348,4915.8012298189105,3.904145881555903,6223.330307369272,4.817313119261073,7678.947366392299
Bayyaram,1,CLUSTER,,34,,0.4675429860327853,0.35137476072606477,0.7187908348455316,,1.4881819048571234,,2.127696506678741,,3.0838802020871348,,3.904145881555903,,4.817313119261073,
Belkhedi,1,CLUSTER,1844.089333333333,34,,0.4675429860327853,0.35137476072606477,0.7187908348455316,1325.514511436406,1.4881819048571234,2744.3403768067024,2.127696506678741,3923.6624325368607,3.0838802020871348,5686.950585946728,3.904145881555903,7199.593775954502,4.817313119261073,8883.555738556071
Belkund at ghughra,1,CLUSTER,,34,,0.4675429860327853,0.35137476072606477,0.7187908348455316,,1.4881819048571234,,2.127696506678741,,3.0838802020871348,,3.904145881555903,,4.817313119261073,
Betmogra,1,CLUSTER,528.2462499999999,34,,0.4675429860327853,0.35137476072606477,0.7187908348455316,379.69856304152137,1.4881819048571234,786.1265105586322,2.127696506678741,1123.9477007911446,3.0838802020871348,1629.0481522017708,3.904145881555903,2062.3504213848496,4.817313119261073,2544.7275903254645
Bhadli,1,CLUSTER,,34,,0.4675429860327853,0.35137476072606477,0.7187908348455316,,1.4881819048571234,,2.127696506678741,,3.0838802020871348,,3.904145881555903,,4.817313119261073,
Bhakudar (sipu dam),1,CLUSTER,,34,,0.4675429860327853,0.35137476072606477,0.7187908348455316,,1.4881819048571234,,2.127696506678741,,3.0838802020871348,,3.904145881555903,,4.817313119261073,
Bhamragad,1,CLUSTER,,34,,0.4675429860327853,0.35137476072606477,0.7187908348455316,,1.4881819048571234,,2.127696506678741,,3.0838802020871348,,3.904145881555903,,4.817313119261073,
Bifercation of e&w tammileru,1,CLUSTER,,34,,0.4675429860327853,0.35137476072606477,0.7187908348455316,,1.4881819048571234,,2.127696506678741,,3.0838802020871348,,3.904145881555903,,4.817313119261073,
Borad at thikri,1,CLUSTER,,34,,0.4675429860327853,0.35137476072606477,0.7187908348455316,,1.4881819048571234,,2.127696506678741,,3.0838802020871348,,3.904145881555903,,4.817313119261073,
Butaram,1,CLUSTER,,34,,0.4675429860327853,0.35137476072606477,0.7187908348455316,,1.4881819048571234,,2.127696506678741,,3.0838802020871348,,3.904145881555903,,4.817313119261073,
Chanwada,1,CLUSTER,,34,,0.4675429860327853,0.35137476072606477,0.7187908348455316,,1.4881819048571234,,2.127696506678741,,3.0838802020871348,,3.904145881555903,,4.817313119261073,
Chhidgaon,1,CLUSTER,2421.8224444444445,34,,0.4675429860327853,0.35137476072606477,0.7187908348455316,1740.7837766898683,1.4881819048571234,3604.1123385990686,2.127696506678741,5152.903154840614,3.0838802020871348,7468.610289392493,3.904145881555903,9455.148122337429,4.817313119261073,11666.677034143144
Chimthane,1,CLUSTER,,34,,0.4675429860327853,0.35137476072606477,0.7187908348455316,,1.4881819048571234,,2.127696506678741,,3.0838802020871348,,3.904145881555903,,4.817313119261073,
Chinamusi  tumadu,1,CLUSTER,,34,,0.4675429860327853,0.35137476072606477,0.7187908348455316,,1.4881819048571234,,2.127696506678741,,3.0838802020871348,,3.904145881555903,,4.817313119261073,
Chitrasani -duplicate,1,CLUSTER,,34,,0.4675429860327853,0.35137476072606477,0.7187908348455316,,1.4881819048571234,,2.127696506678741,,3.0838802020871348,,3.904145881555903,,4.817313119261073,
Chitrasani,1,CLUSTER,,34,,0.4675429860327853,0.35137476072606477,0.7187908348455316,,1.4881819048571234,,2.127696506678741,,3.0838802020871348,,3.904145881555903,,4.817313119261073,
Choral at barwah,1,CLUSTER,,34,,0.4675429860327853,0.35137476072606477,0.7187908348455316,,1.4881819048571234,,2.127696506678741,,3.0838802020871348,,3.904145881555903,,4.817313119261073,
Dabri,1,CLUSTER,,34,,0.4675429860327853,0.35137476072606477,0.7187908348455316,,1.4881819048571234,,2.127696506678741,,3.0838802020871348,,3.904145881555903,,4.817313119261073,
Dameracherla,1,CLUSTER,1090.459375,34,,0.4675429860327853,0.35137476072606477,0.7187908348455316,783.8122045213865,1.4881819048571234,1622.8019098568082,2.127696506678741,2320.166602862583,3.0838802020871348,3362.8460777428104,3.904145881555903,4257.312477910274,4.817313119261073,5253.08425320873
Datuni at dudwas,1,CLUSTER,,34,,0.4675429860327853,0.35137476072606477,0.7187908348455316,,1.4881819048571234,,2.127696506678741,,3.0838802020871348,,3.904145881555903,,4.817313119261073,
Deb at khajuri,1,CLUSTER,,34,,0.4675429860327853,0.35137476072606477,0.7187908348455316,,1.4881819048571234,,2.127696506678741,,3.0838802020871348,,3.904145881555903,,4.817313119261073,
Denwa at matkuli,1,CLUSTER,,34,,0.4675429860327853,0.35137476072606477,0.7187908348455316,,1.4881819048571234,,2.127696506678741,,3.0838802020871348,,3.904145881555903,,4.817313119261073,
Dhadgaon,1,CLUSTER,,34,,0.4675429860327853,0.35137476072606477,0.7187908348455316,,1.4881819048571234,,2.127696506678741,,3.0838802020871348,,3.904145881555903,,4.817313119261073,
Dhariawad,1,CLUSTER,351.74583333333334,34,,0.4675429860327853,0.35137476072606477,0.7187908348455316,252.8316811951039,1.4881819048571234,523.4617842755563,2.127696506678741,748.408380822136,3.0838802020871348,1084.7420115833077,3.904145881555903,1373.2670465627825,4.817313119261073,1694.4698175620856
Dhule,1,CLUSTER,,34,,0.4675429860327853,0.35137476072606477,0.7187908348455316,,1.4881819048571234,,2.127696506678741,,3.0838802020871348,,3.904145881555903,,4.817313119261073,
Dipuru,1,CLUSTER,,34,,0.4675429860327853,0.35137476072606477,0.7187908348455316,,1.4881819048571234,,2.127696506678741,,3.0838802020871348,,3.904145881555903,,4.817313119261073,
Doddipadu,1,CLUSTER,,34,,0.4675429860327853,0.35137476072606477,0.7187908348455316,,1.4881819048571234,,2.127696506678741,,3.0838802020871348,,3.904145881555903,,4.817313119261073,
Dudhi at panagar,1,CLUSTER,,34,,0.4675429860327853,0.35137476072606477,0.7187908348455316,,1.4881819048571234,,2.127696506678741,,3.0838802020871348,,3.904145881555903,,4.817313119261073,
Elunuthimangalam,1,CLUSTER,65.47999999999999,34,,0.4675429860327853,0.35137476072606477,0.7187908348455316,47.0664238656854,1.4881819048571234,97.44615113004443,2.127696506678741,139.32156725732395,3.0838802020871348,201.93247563266556,3.904145881555903,255.6434723242805,4.817313119261073,315.437663049215
Errakalva    ananthapalli,1,CLUSTER,,34,,0.4675429860327853,0.35137476072606477,0.7187908348455316,,1.4881819048571234,,2.127696506678741,,3.0838802020871348,,3.904145881555903,,4.817313119261073,
Fekoghat,1,CLUSTER,,34,,0.4675429860327853,0.35137476072606477,0.7187908348455316,,1.4881819048571234,,2.127696506678741,,3.0838802020871348,,3.904145881555903,,4.817313119261073,
Gagadio   sanaliya,1,CLUSTER,,34,,0.4675429860327853,0.35137476072606477,0.7187908348455316,,1.4881819048571234,,2.127696506678741,,3.0838802020871348,,3.904145881555903,,4.817313119261073,
Bamrul,1,CLUSTER,,34,,0.4675429860327853,0.35137476072606477,0.7187908348455316,,1.4881819048571234,,2.127696506678741,,3.0838802020871348,,3.904145881555903,,4.817313119261073,
Daredu,1,CLUSTER,,34,,0.4675429860327853,0.35137476072606477,0.7187908348455316,,1.4881819048571234,,2.127696506678741,,3.0838802020871348,,3.904145881555903,,4.817313119261073,
Degloor,1,CLUSTER,597.0331818181818,34,,0.4675429860327853,0.35137476072606477,0.7187908348455316,429.14197918957495,1.4881819048571234,888.4939777810911,2.127696506678741,1270.305415325839,3.0838802020871348,1841.1788093981795,3.904145881555903,2330.9046379476713,4.817313119261073,2876.095779406909
Gandlapet,1,CLUSTER,445.8944,34,,0.4675429860327853,0.35137476072606477,0.7187908348455316,320.5048080289474,1.4881819048571234,663.5719775571241,2.127696506678741,948.7279572276133,3.0838802020871348,1375.0849123815217,3.904145881555903,1740.8367853688405,4.817313119261073,2148.012942925045
Garimillapalli,1,CLUSTER,,34,,0.4675429860327853,0.35137476072606477,0.7187908348455316,,1.4881819048571234,,2.127696506678741,,3.0838802020871348,,3.904145881555903,,4.817313119261073,
Garimillapalli,1,CLUSTER,,34,,0.4675429860327853,0.35137476072606477,0.7187908348455316,,1.4881819048571234,,2.127696506678741,,3.0838802020871348,,3.904145881555903,,4.817313119261073,
Gaur at bhalawara,1,CLUSTER,,34,,0.4675429860327853,0.35137476072606477,0.7187908348455316,,1.4881819048571234,,2.127696506678741,,3.0838802020871348,,3.904145881555903,,4.817313119261073,
Gavachi(ver),1,CLUSTER,,34,,0.4675429860327853,0.35137476072606477,0.7187908348455316,,1.4881819048571234,,2.127696506678741,,3.0838802020871348,,3.904145881555903,,4.817313119261073,
Halia,1,CLUSTER,409.140303030303,34,,0.4675429860327853,0.35137476072606477,0.7187908348455316,294.0862999841053,1.4881819048571234,608.8751955174571,2.127696506678741,870.5263934990572,3.0838802020871348,1261.7396803910824,3.904145881555903,1597.3434290542916,4.817313119261073,1970.9569494063298
Hamdapur,1,CLUSTER,,34,,0.4675429860327853,0.35137476072606477,0.7187908348455316,,1.4881819048571234,,2.127696506678741,,3.0838802020871348,,3.904145881555903,,4.817313119261073,
Hathed at misrod,1,CLUSTER,,34,,0.4675429860327853,0.35137476072606477,0.7187908348455316,,1.4881819048571234,,2.127696506678741,,3.0838802020871348,,3.904145881555903,,4.817313119261073,
Hiran at singaldeep,1,CLUSTER,,34,,0.4675429860327853,0.35137476072606477,0.7187908348455316,,1.4881819048571234,,2.127696506678741,,3.0838802020871348,,3.904145881555903,,4.817313119261073,
Indra at khapriya,1,CLUSTER,,34,,0.4675429860327853,0.35137476072606477,0.7187908348455316,,1.4881819048571234,,2.127696506678741,,3.0838802020871348,,3.904145881555903,,4.817313119261073,
Jamner at sandalpur,1,CLUSTER,,34,,0.4675429860327853,0.35137476072606477,0.7187908348455316,,1.4881819048571234,,2.127696506678741,,3.0838802020871348,,3.904145881555903,,4.817313119261073,
Jannepally,1,CLUSTER,,34,,0.4675429860327853,0.35137476072606477,0.7187908348455316,,1.4881819048571234,,2.127696506678741,,3.0838802020871348,,3.904145881555903,,4.817313119261073,
Jaraikela,1,CLUSTER,3035.3956000000007,34,,0.4675429860327853,0.35137476072606477,0.7187908348455316,2181.814537410454,1.4881819048571234,4517.2208060029325,2.127696506678741,6458.400614508023,3.0838802020871348,9360.796396342403,3.904145881555903,11850.627230632912,4.817313119261073,14622.451046027341
Jotasan,1,CLUSTER,,34,,0.4675429860327853,0.35137476072606477,0.7187908348455316,,1.4881819048571234,,2.127696506678741,,3.0838802020871348,,3.904145881555903,,4.817313119261073,
Kalasapadu,1,CLUSTER,,34,,0.4675429860327853,0.35137476072606477,0.7187908348455316,,1.4881819048571234,,2.127696506678741,,3.0838802020871348,,3.904145881555903,,4.817313119261073,
Kalimachak at charuwa,1,CLUSTER,,34,,0.4675429860327853,0.35137476072606477,0.7187908348455316,,1.4881819048571234,,2.127696506678741,,3.0838802020871348,,3.904145881555903,,4.817313119261073,
Kamalapuram,1,CLUSTER,217.4952,34,,0.4675429860327853,0.35137476072606477,0.7187908348455316,156.3335563828959,1.4881819048571234,323.67242103328107,2.127696506678741,462.76377725939415,3.0838802020871348,670.7291413289819,3.904145881555903,849.1329893381775,4.817313119261073,1047.742480336311
Kamarajupeta,1,CLUSTER,,34,,0.4675429860327853,0.35137476072606477,0.7187908348455316,,1.4881819048571234,,2.127696506678741,,3.0838802020871348,,3.904145881555903,,4.817313119261073,
Kanas (s),1,CLUSTER,,34,,0.4675429860327853,0.35137476072606477,0.7187908348455316,,1.4881819048571234,,2.127696506678741,,3.0838802020871348,,3.904145881555903,,4.817313119261073,
Kaner at mendhikheda,1,CLUSTER,,34,,0.4675429860327853,0.35137476072606477,0.7187908348455316,,1.4881819048571234,,2.127696506678741,,3.0838802020871348,,3.904145881555903,,4.817313119261073,
Kanodar,1,CLUSTER,,34,,0.4675429860327853,0.35137476072606477,0.7187908348455316,,1.4881819048571234,,2.127696506678741,,3.0838802020871348,,3.904145881555903,,4.817313119261073,
Karam at dahiwar,1,CLUSTER,,34,,0.4675429860327853,0.35137476072606477,0.7187908348455316,,1.4881819048571234,,2.127696506678741,,3.0838802020871348,,3.904145881555903,,4.817313119261073,
Karanjkuwa,1,CLUSTER,,34,,0.4675429860327853,0.35137476072606477,0.7187908348455316,,1.4881819048571234,,2.127696506678741,,3.0838802020871348,,3.904145881555903,,4.817313119261073,
Karoti,1,CLUSTER,,34,,0.4675429860327853,0.35137476072606477,0.7187908348455316,,1.4881819048571234,,2.127696506678741,,3.0838802020871348,,3.904145881555903,,4.817313119261073,
Katangatola,1,CLUSTER,,34,,0.4675429860327853,0.35137476072606477,0.7187908348455316,,1.4881819048571234,,2.127696506678741,,3.0838802020871348,,3.904145881555903,,4.817313119261073,
Kattaleru   tiruvuru,1,CLUSTER,,34,,0.4675429860327853,0.35137476072606477,0.7187908348455316,,1.4881819048571234,,2.127696506678741,,3.0838802020871348,,3.904145881555903,,4.817313119261073,
Keesara,1,CLUSTER,2207.805283018868,34,,0.4675429860327853,0.35137476072606477,0.7187908348455316,1586.9502025575075,1.4881819048571234,3285.6158716366394,2.127696506678741,4697.539588106115,3.0838802020871348,6808.607002365271,3.904145881555903,8619.593902975479,4.817313119261073,10635.6893546607
Kelo at raigarh,1,CLUSTER,,34,,0.4675429860327853,0.35137476072606477,0.7187908348455316,,1.4881819048571234,,2.127696506678741,,3.0838802020871348,,3.904145881555903,,4.817313119261073,
Kesrali,1,CLUSTER,,34,,0.4675429860327853,0.35137476072606477,0.7187908348455316,,1.4881819048571234,,2.127696506678741,,3.0838802020871348,,3.904145881555903,,4.817313119261073,
Khadka,1,CLUSTER,,34,,0.4675429860327853,0.35137476072606477,0.7187908348455316,,1.4881819048571234,,2.127696506678741,,3.0838802020871348,,3.904145881555903,,4.817313119261073,
Khandiovari,1,CLUSTER,,34,,0.4675429860327853,0.35137476072606477,0.7187908348455316,,1.4881819048571234,,2.127696506678741,,3.0838802020871348,,3.904145881555903,,4.817313119261073,
Khanditar,1,CLUSTER,32561.95772727273,34,,0.4675429860327853,0.35137476072606477,0.7187908348455316,23405.236778991275,1.4881819048571234,48458.11627644986,2.127696506678741,69281.96370693902,3.0838802020871348,100417.17677633457,3.904145881555903,127126.63315632925,4.817313119261073,156861.1461484154
Khariya,1,CLUSTER,,34,,0.4675429860327853,0.35137476072606477,0.7187908348455316,,1.4881819048571234,,2.127696506678741,,3.0838802020871348,,3.904145881555903,,4.817313119261073,
Kheda,1,CLUSTER,,34,,0.4675429860327853,0.35137476072606477,0.7187908348455316,,1.4881819048571234,,2.127696506678741,,3.0838802020871348,,3.904145881555903,,4.817313119261073,
Khedbrahma,1,CLUSTER,,34,,0.4675429860327853,0.35137476072606477,0.7187908348455316,,1.4881819048571234,,2.127696506678741,,3.0838802020871348,,3.904145881555903,,4.817313119261073,
Khorsi_balodabazar,1,CLUSTER,,34,,0.4675429860327853,0.35137476072606477,0.7187908348455316,,1.4881819048571234,,2.127696506678741,,3.0838802020871348,,3.904145881555903,,4.817313119261073,
Kodaganar dam,1,CLUSTER,,34,,0.4675429860327853,0.35137476072606477,0.7187908348455316,,1.4881819048571234,,2.127696506678741,,3.0838802020871348,,3.904145881555903,,4.817313119261073,
Kogaon,1,CLUSTER,2135.558139534884,34,,0.4675429860327853,0.35137476072606477,0.7187908348455316,1535.0196179774496,1.4881819048571234,3178.098980026158,2.127696506678741,4543.819593297724,3.0838802020871348,6585.805466917664,3.904145881555903,8337.530515288305,4.817313119261073,10287.652242526166
Kolar at mahgaon,1,CLUSTER,,34,,0.4675429860327853,0.35137476072606477,0.7187908348455316,,1.4881819048571234,,2.127696506678741,,3.0838802020871348,,3.904145881555903,,4.817313119261073,
Koli(bk),1,CLUSTER,,34,,0.4675429860327853,0.35137476072606477,0.7187908348455316,,1.4881819048571234,,2.127696506678741,,3.0838802020871348,,3.904145881555903,,4.817313119261073,
Koliari   rampur,1,CLUSTER,,34,,0.4675429860327853,0.35137476072606477,0.7187908348455316,,1.4881819048571234,,2.127696506678741,,3.0838802020871348,,3.904145881555903,,4.817313119261073,
Kovvada kalva near dommeru,1,CLUSTER,,34,,0.4675429860327853,0.35137476072606477,0.7187908348455316,,1.4881819048571234,,2.127696506678741,,3.0838802020871348,,3.904145881555903,,4.817313119261073,
Kukshi,1,CLUSTER,,34,,0.4675429860327853,0.35137476072606477,0.7187908348455316,,1.4881819048571234,,2.127696506678741,,3.0838802020871348,,3.904145881555903,,4.817313119261073,
Kundanpur,1,CLUSTER,,34,,0.4675429860327853,0.35137476072606477,0.7187908348455316,,1.4881819048571234,,2.127696506678741,,3.0838802020871348,,3.904145881555903,,4.817313119261073,
Kurubhata,1,CLUSTER,1505.671785714286,34,,0.4675429860327853,0.35137476072606477,0.7187908348455316,1082.263079856934,1.4881819048571234,2240.7135061539125,2.127696506678741,3203.612598669028,3.0838802020871348,4643.31141080547,3.904145881555903,5878.362301171352,4.817313119261073,7253.292446622678
Lakshmananpatti,1,CLUSTER,,34,,0.4675429860327853,0.35137476072606477,0.7187908348455316,,1.4881819048571234,,2.127696506678741,,3.0838802020871348,,3.904145881555903,,4.817313119261073,
Lohara,1,CLUSTER,,34,,0.4675429860327853,0.35137476072606477,0.7187908348455316,,1.4881819048571234,,2.127696506678741,,3.0838802020871348,,3.904145881555903,,4.817313119261073,
Lonkheda,1,CLUSTER,,34,,0.4675429860327853,0.35137476072606477,0.7187908348455316,,1.4881819048571234,,2.127696506678741,,3.0838802020871348,,3.904145881555903,,4.817313119261073,
Maan at gopalpura,1,CLUSTER,,34,,0.4675429860327853,0.35137476072606477,0.7187908348455316,,1.4881819048571234,,2.127696506678741,,3.0838802020871348,,3.904145881555903,,4.817313119261073,
Machak at barangi,1,CLUSTER,,34,,0.4675429860327853,0.35137476072606477,0.7187908348455316,,1.4881819048571234,,2.127696506678741,,3.0838802020871348,,3.904145881555903,,4.817313119261073,
Pachegaon,1,CLUSTER,,34,,0.4675429860327853,0.35137476072606477,0.7187908348455316,,1.4881819048571234,,2.127696506678741,,3.0838802020871348,,3.904145881555903,,4.817313119261073,
Padampur,1,CLUSTER,,34,,0.4675429860327853,0.35137476072606477,0.7187908348455316,,1.4881819048571234,,2.127696506678741,,3.0838802020871348,,3.904145881555903,,4.817313119261073,
Palakmati at sohagpur,1,CLUSTER,,34,,0.4675429860327853,0.35137476072606477,0.7187908348455316,,1.4881819048571234,,2.127696506678741,,3.0838802020871348,,3.904145881555903,,4.817313119261073,
Paleru bridge,1,CLUSTER,469.2155319148936,34,,0.4675429860327853,0.35137476072606477,0.7187908348455316,337.26782390759655,1.4881819048571234,698.2780640736547,2.127696506678741,998.3482481347264,3.0838802020871348,1447.0044893841243,3.904145881555903,1831.8858864875942,4.817313119261073,2260.35813765468
Pallamala,1,CLUSTER,,34,,0.4675429860327853,0.35137476072606477,0.7187908348455316,,1.4881819048571234,,2.127696506678741,,3.0838802020871348,,3.904145881555903,,4.817313119261073,
Panam at santrod,1,CLUSTER,,34,,0.4675429860327853,0.35137476072606477,0.7187908348455316,,1.4881819048571234,,2.127696506678741,,3.0838802020871348,,3.904145881555903,,4.817313119261073,
Parmanpur,1,CLUSTER,,34,,0.4675429860327853,0.35137476072606477,0.7187908348455316,,1.4881819048571234,,2.127696506678741,,3.0838802020871348,,3.904145881555903,,4.817313119261073,
Patan,1,CLUSTER,1190.2697142857144,34,,0.4675429860327853,0.35137476072606477,0.7187908348455316,855.5549616227811,1.4881819048571234,1771.3378506994584,2.127696506678741,2532.532713091218,3.0838802020871348,3670.649207029625,3.904145881555903,4646.986602969293,4.817313119261073,5733.901910087701
Pati,1,CLUSTER,744.5905882352943,34,,0.4675429860327853,0.35137476072606477,0.7187908348455316,535.2048905357726,1.4881819048571234,1108.0862399386863,2.127696506678741,1584.2627934941045,3.0838802020871348,2296.228173719238,3.904145881555903,2906.9902785041113,4.817313119261073,3586.926009184203
Penuganchi prolu,1,CLUSTER,,34,,0.4675429860327853,0.35137476072606477,0.7187908348455316,,1.4881819048571234,,2.127696506678741,,3.0838802020871348,,3.904145881555903,,4.817313119261073,
Pillaperu riverr   narravada.,1,CLUSTER,,34,,0.4675429860327853,0.35137476072606477,0.7187908348455316,,1.4881819048571234,,2.127696506678741,,3.0838802020871348,,3.904145881555903,,4.817313119261073,
Pipriya,1,CLUSTER,,34,,0.4675429860327853,0.35137476072606477,0.7187908348455316,,1.4881819048571234,,2.127696506678741,,3.0838802020871348,,3.904145881555903,,4.817313119261073,
Prakasha(damarkheda),1,CLUSTER,,34,,0.4675429860327853,0.35137476072606477,0.7187908348455316,,1.4881819048571234,,2.127696506678741,,3.0838802020871348,,3.904145881555903,,4.817313119261073,
Pratappur,1,CLUSTER,,34,,0.4675429860327853,0.35137476072606477,0.7187908348455316,,1.4881819048571234,,2.127696506678741,,3.0838802020871348,,3.904145881555903,,4.817313119261073,
Rambhapur,1,CLUSTER,,34,,0.4675429860327853,0.35137476072606477,0.7187908348455316,,1.4881819048571234,,2.127696506678741,,3.0838802020871348,,3.904145881555903,,4.817313119261073,
Rampur,1,CLUSTER,1831.9315789473685,34,,0.4675429860327853,0.35137476072606477,0.7187908348455316,1316.775629011472,1.4881819048571234,2726.2474267258126,2.127696506678741,3897.7944210007863,3.0838802020871348,5649.457527894015,3.904145881555903,7152.1281292395715,4.817313119261073,8824.98802885181
Rangeli,1,CLUSTER,,34,,0.4675429860327853,0.35137476072606477,0.7187908348455316,,1.4881819048571234,,2.127696506678741,,3.0838802020871348,,3.904145881555903,,4.817313119261073,
Ratanpur,1,CLUSTER,,34,,0.4675429860327853,0.35137476072606477,0.7187908348455316,,1.4881819048571234,,2.127696506678741,,3.0838802020871348,,3.904145881555903,,4.817313119261073,
Rayachoti,1,CLUSTER,,34,,0.4675429860327853,0.35137476072606477,0.7187908348455316,,1.4881819048571234,,2.127696506678741,,3.0838802020871348,,3.904145881555903,,4.817313119261073,
Salebhata,1,CLUSTER,2585.517021276596,34,,0.4675429860327853,0.35137476072606477,0.7187908348455316,1858.4459382307366,1.4881819048571234,3847.7196457639207,2.127696506678741,5501.1955341286375,3.0838802020871348,7973.424754074196,3.904145881555903,10094.23563030971,4.817313119261073,12455.245066668558
Sanarpatti,1,CLUSTER,,34,,0.4675429860327853,0.35137476072606477,0.7187908348455316,,1.4881819048571234,,2.127696506678741,,3.0838802020871348,,3.904145881555903,,4.817313119261073,
Saner at chargawan,1,CLUSTER,,34,,0.4675429860327853,0.35137476072606477,0.7187908348455316,,1.4881819048571234,,2.127696506678741,,3.0838802020871348,,3.904145881555903,,4.817313119261073,
Sangam (murredu),1,CLUSTER,,34,,0.4675429860327853,0.35137476072606477,0.7187908348455316,,1.4881819048571234,,2.127696506678741,,3.0838802020871348,,3.904145881555903,,4.817313119261073,
Sharad,1,CLUSTER,,34,,0.4675429860327853,0.35137476072606477,0.7187908348455316,,1.4881819048571234,,2.127696506678741,,3.0838802020871348,,3.904145881555903,,4.817313119261073,
Machna at shahpur,1,CLUSTER,,34,,0.4675429860327853,0.35137476072606477,0.7187908348455316,,1.4881819048571234,,2.127696506678741,,3.0838802020871348,,3.904145881555903,,4.817313119261073,
Machrewa at bakori,1,CLUSTER,,34,,0.4675429860327853,0.35137476072606477,0.7187908348455316,,1.4881819048571234,,2.127696506678741,,3.0838802020871348,,3.904145881555903,,4.817313119261073,
Madhira,1,CLUSTER,584.8120588235295,34,,0.4675429860327853,0.35137476072606477,0.7187908348455316,420.3575479894989,1.4881819048571234,870.3067236834162,2.127696506678741,1244.302574622426,3.0838802020871348,1803.4903301476993,3.904145881555903,2283.191590940111,4.817313119261073,2817.222803272667
Madhya bharat paper ltd (mbpl),1,CLUSTER,,34,,0.4675429860327853,0.35137476072606477,0.7187908348455316,,1.4881819048571234,,2.127696506678741,,3.0838802020871348,,3.904145881555903,,4.817313119261073,
Magaral,1,CLUSTER,292.81714285714287,34,,0.4675429860327853,0.35137476072606477,0.7187908348455316,210.474278571369,1.4881819048571234,435.7651734319633,2.127696506678741,623.0260119527927,3.0838802020871348,903.0129896888632,3.904145881555903,1143.2008423346808,4.817313119261073,1410.5918638302583
Mahanadi_ arang,1,CLUSTER,,34,,0.4675429860327853,0.35137476072606477,0.7187908348455316,,1.4881819048571234,,2.127696506678741,,3.0838802020871348,,3.904145881555903,,4.817313119261073,
Mahanadi_ kasdol,1,CLUSTER,,34,,0.4675429860327853,0.35137476072606477,0.7187908348455316,,1.4881819048571234,,2.127696506678741,,3.0838802020871348,,3.904145881555903,,4.817313119261073,
Malpur,1,CLUSTER,,34,,0.4675429860327853,0.35137476072606477,0.7187908348455316,,1.4881819048571234,,2.127696506678741,,3.0838802020871348,,3.904145881555903,,4.817313119261073,
Mandal,1,CLUSTER,,34,,0.4675429860327853,0.35137476072606477,0.7187908348455316,,1.4881819048571234,,2.127696506678741,,3.0838802020871348,,3.904145881555903,,4.817313119261073,
Mandalapadu,1,CLUSTER,,34,,0.4675429860327853,0.35137476072606477,0.7187908348455316,,1.4881819048571234,,2.127696506678741,,3.0838802020871348,,3.904145881555903,,4.817313119261073,
Manendragarh,1,CLUSTER,402.089,34,,0.4675429860327853,0.35137476072606477,0.7187908348455316,289.017887992205,1.4881819048571234,598.3815739420959,2.127696506678741,855.5233606739483,3.0838802020871348,1239.994306577014,3.904145881555903,1569.8141133689314,4.817313119261073,1936.9886148105657
Manot,1,CLUSTER,2782.9702222222218,34,,0.4675429860327853,0.35137476072606477,0.7187908348455316,2000.3734893813655,1.4881819048571234,4141.565926467318,2.127696506678741,5921.316020013181,3.0838802020871348,8582.346771309143,3.904145881555903,10865.121731581603,4.817313119261073,13406.438962024014
Meghraj,1,CLUSTER,,34,,0.4675429860327853,0.35137476072606477,0.7187908348455316,,1.4881819048571234,,2.127696506678741,,3.0838802020871348,,3.904145881555903,,4.817313119261073,
Morane,1,CLUSTER,,34,,0.4675429860327853,0.35137476072606477,0.7187908348455316,,1.4881819048571234,,2.127696506678741,,3.0838802020871348,,3.904145881555903,,4.817313119261073,
Mukki,1,CLUSTER,,34,,0.4675429860327853,0.35137476072606477,0.7187908348455316,,1.4881819048571234,,2.127696506678741,,3.0838802020871348,,3.904145881555903,,4.817313119261073,
Munugodu,1,CLUSTER,,34,,0.4675429860327853,0.35137476072606477,0.7187908348455316,,1.4881819048571234,,2.127696506678741,,3.0838802020871348,,3.904145881555903,,4.817313119261073,
Murli,1,CLUSTER,,34,,0.4675429860327853,0.35137476072606477,0.7187908348455316,,1.4881819048571234,,2.127696506678741,,3.0838802020871348,,3.904145881555903,,4.817313119261073,
Nagaram,1,CLUSTER,,34,,0.4675429860327853,0.35137476072606477,0.7187908348455316,,1.4881819048571234,,2.127696506678741,,3.0838802020871348,,3.904145881555903,,4.817313119261073,
Nagari,1,CLUSTER,,34,,0.4675429860327853,0.35137476072606477,0.7187908348455316,,1.4881819048571234,,2.127696506678741,,3.0838802020871348,,3.904145881555903,,4.817313119261073,
Nandalur,1,CLUSTER,,34,,0.4675429860327853,0.35137476072606477,0.7187908348455316,,1.4881819048571234,,2.127696506678741,,3.0838802020871348,,3.904145881555903,,4.817313119261073,
Nandipalli,1,CLUSTER,231.994,34,,0.4675429860327853,0.35137476072606477,0.7187908348455316,166.75516093915428,1.4881819048571234,345.2492728354235,2.127696506678741,493.61282337042786,3.0838802020871348,715.4417036030028,3.904145881555903,905.7384196456802,4.817313119261073,1117.5877397898535
Narasingarayainpet,1,CLUSTER,,34,,0.4675429860327853,0.35137476072606477,0.7187908348455316,,1.4881819048571234,,2.127696506678741,,3.0838802020871348,,3.904145881555903,,4.817313119261073,
Narmadapuram,1,CLUSTER,14273.705098039214,34,,0.4675429860327853,0.35137476072606477,0.7187908348455316,10259.808403758529,1.4881819048571234,21241.869642168833,2.127696506678741,30370.112474460573,3.0838802020871348,44018.39656227334,3.904145881555903,55726.626973053295,4.817313119261073,68760.90682924798
Noornagar,1,CLUSTER,,34,,0.4675429860327853,0.35137476072606477,0.7187908348455316,,1.4881819048571234,,2.127696506678741,,3.0838802020871348,,3.904145881555903,,4.817313119261073,
Orsang at bodeli,1,CLUSTER,,34,,0.4675429860327853,0.35137476072606477,0.7187908348455316,,1.4881819048571234,,2.127696506678741,,3.0838802020871348,,3.904145881555903,,4.817313119261073,
Sher at kacchara,1,CLUSTER,,34,,0.4675429860327853,0.35137476072606477,0.7187908348455316,,1.4881819048571234,,2.127696506678741,,3.0838802020871348,,3.904145881555903,,4.817313119261073,
Shindkheda,1,CLUSTER,,34,,0.4675429860327853,0.35137476072606477,0.7187908348455316,,1.4881819048571234,,2.127696506678741,,3.0838802020871348,,3.904145881555903,,4.817313119261073,
Shirpur,1,CLUSTER,,34,,0.4675429860327853,0.35137476072606477,0.7187908348455316,,1.4881819048571234,,2.127696506678741,,3.0838802020871348,,3.904145881555903,,4.817313119261073,
Silgi at kotrai,1,CLUSTER,,34,,0.4675429860327853,0.35137476072606477,0.7187908348455316,,1.4881819048571234,,2.127696506678741,,3.0838802020871348,,3.904145881555903,,4.817313119261073,
Singavaram,1,CLUSTER,141.06793103448277,34,,0.4675429860327853,0.35137476072606477,0.7187908348455316,101.39833591820775,1.4881819048571234,209.93474232114988,2.127696506678741,300.14974406646655,3.0838802020871348,435.0365996666347,3.904145881555903,550.7497819678881,4.817313119261073,679.5683948794301
Sip at dholpur,1,CLUSTER,,34,,0.4675429860327853,0.35137476072606477,0.7187908348455316,,1.4881819048571234,,2.127696506678741,,3.0838802020871348,,3.904145881555903,,4.817313119261073,
Sipu at sipudam(bhakudar),1,CLUSTER,,34,,0.4675429860327853,0.35137476072606477,0.7187908348455316,,1.4881819048571234,,2.127696506678741,,3.0838802020871348,,3.904145881555903,,4.817313119261073,
Sohagpura,1,CLUSTER,,34,,0.4675429860327853,0.35137476072606477,0.7187908348455316,,1.4881819048571234,,2.127696506678741,,3.0838802020871348,,3.904145881555903,,4.817313119261073,
Somanpally(seasonal),1,CLUSTER,1513.9862790697673,34,,0.4675429860327853,0.35137476072606477,0.7187908348455316,1088.2394614772381,1.4881819048571234,2253.0869847135946,2.127696506678741,3221.3033171362895,3.0838802020871348,4668.9523122548235,3.904145881555903,5910.823296162378,4.817313119261073,7293.345964544047
Suddakal,1,CLUSTER,,34,,0.4675429860327853,0.35137476072606477,0.7187908348455316,,1.4881819048571234,,2.127696506678741,,3.0838802020871348,,3.904145881555903,,4.817313119261073,
Sundergarh,1,CLUSTER,2214.66488372093,34,,0.4675429860327853,0.35137476072606477,0.7187908348455316,1591.8808206728495,1.4881819048571234,3295.8242052759933,2.127696506678741,4712.134736557103,3.0838802020871348,6829.761189164582,3.904145881555903,8646.374784805552,4.817313119261073,10668.734199115635
Takali,1,CLUSTER,,34,,0.4675429860327853,0.35137476072606477,0.7187908348455316,,1.4881819048571234,,2.127696506678741,,3.0838802020871348,,3.904145881555903,,4.817313119261073,
Talaji   talaja,1,CLUSTER,,34,,0.4675429860327853,0.35137476072606477,0.7187908348455316,,1.4881819048571234,,2.127696506678741,,3.0838802020871348,,3.904145881555903,,4.817313119261073,
Talikot,1,CLUSTER,,34,,0.4675429860327853,0.35137476072606477,0.7187908348455316,,1.4881819048571234,,2.127696506678741,,3.0838802020871348,,3.904145881555903,,4.817313119261073,
Tamar,1,CLUSTER,,34,,0.4675429860327853,0.35137476072606477,0.7187908348455316,,1.4881819048571234,,2.127696506678741,,3.0838802020871348,,3.904145881555903,,4.817313119261073,
Tapi at burhanpur,1,CLUSTER,8181.202857142856,34,,0.4675429860327853,0.35137476072606477,0.7187908348455316,5880.573631726363,1.4881819048571234,12175.118051965397,2.127696506678741,17407.11673957299,3.0838802020871348,25229.849520401556,3.904145881555903,31940.60944088767,4.817313119261073,39411.41585505046
Tapi at dedtalai,1,CLUSTER,,34,,0.4675429860327853,0.35137476072606477,0.7187908348455316,,1.4881819048571234,,2.127696506678741,,3.0838802020871348,,3.904145881555903,,4.817313119261073,
Tenduni at maheshwar,1,CLUSTER,,34,,0.4675429860327853,0.35137476072606477,0.7187908348455316,,1.4881819048571234,,2.127696506678741,,3.0838802020871348,,3.904145881555903,,4.817313119261073,
Teska,1,CLUSTER,,34,,0.4675429860327853,0.35137476072606477,0.7187908348455316,,1.4881819048571234,,2.127696506678741,,3.0838802020871348,,3.904145881555903,,4.817313119261073,
Thandalaiputhur,1,CLUSTER,,34,,0.4675429860327853,0.35137476072606477,0.7187908348455316,,1.4881819048571234,,2.127696506678741,,3.0838802020871348,,3.904145881555903,,4.817313119261073,
Thiruvalam,1,CLUSTER,,34,,0.4675429860327853,0.35137476072606477,0.7187908348455316,,1.4881819048571234,,2.127696506678741,,3.0838802020871348,,3.904145881555903,,4.817313119261073,
Tuichawng,1,CLUSTER,,34,,0.4675429860327853,0.35137476072606477,0.7187908348455316,,1.4881819048571234,,2.127696506678741,,3.0838802020871348,,3.904145881555903,,4.817313119261073,
Tulaghat,1,CLUSTER,1492.6806666666666,34,,0.4675429860327853,0.35137476072606477,0.7187908348455316,1072.925182551118,1.4881819048571234,2221.380357863401,2.127696506678741,3175.971440053561,3.0838802020871348,4603.248355971559,3.904145881555903,5827.643077244787,4.817313119261073,7190.710158400699
V.kallathur,1,CLUSTER,,34,,0.4675429860327853,0.35137476072606477,0.7187908348455316,,1.4881819048571234,,2.127696506678741,,3.0838802020871348,,3.904145881555903,,4.817313119261073,
Valigonda,1,CLUSTER,,34,,0.4675429860327853,0.35137476072606477,0.7187908348455316,,1.4881819048571234,,2.127696506678741,,3.0838802020871348,,3.904145881555903,,4.817313119261073,
Varanavasi,1,CLUSTER,,34,,0.4675429860327853,0.35137476072606477,0.7187908348455316,,1.4881819048571234,,2.127696506678741,,3.0838802020871348,,3.904145881555903,,4.817313119261073,
Veerlapalem,1,CLUSTER,,34,,0.4675429860327853,0.35137476072606477,0.7187908348455316,,1.4881819048571234,,2.127696506678741,,3.0838802020871348,,3.904145881555903,,4.817313119261073,
Venganur,1,CLUSTER,,34,,0.4675429860327853,0.35137476072606477,0.7187908348455316,,1.4881819048571234,,2.127696506678741,,3.0838802020871348,,3.904145881555903,,4.817313119261073,
Vikkiralapeta,1,CLUSTER,,34,,0.4675429860327853,0.35137476072606477,0.7187908348455316,,1.4881819048571234,,2.127696506678741,,3.0838802020871348,,3.904145881555903,,4.817313119261073,
Vinchur,1,CLUSTER,,34,,0.4675429860327853,0.35137476072606477,0.7187908348455316,,1.4881819048571234,,2.127696506678741,,3.0838802020871348,,3.904145881555903,,4.817313119261073,
Wankadi,1,CLUSTER,,34,,0.4675429860327853,0.35137476072606477,0.7187908348455316,,1.4881819048571234,,2.127696506678741,,3.0838802020871348,,3.904145881555903,,4.817313119261073,
Zari,1,CLUSTER,,34,,0.4675429860327853,0.35137476072606477,0.7187908348455316,,1.4881819048571234,,2.127696506678741,,3.0838802020871348,,3.904145881555903,,4.817313119261073,
Akkihebbal,2,CLUSTER,824.4853333333333,11,,0.377676066202683,0.32469442078042066,0.7883039138277865,649.9450151602738,1.4148472339070706,1166.5207932636156,1.9169526704330808,1580.4993614662421,2.6474796086572114,2182.808107636944,3.2601344008154713,2687.9329981678106,3.9305757183427357,3240.702031329716
Alandurai,2,CLUSTER,,11,,0.377676066202683,0.32469442078042066,0.7883039138277865,,1.4148472339070706,,1.9169526704330808,,2.6474796086572114,,3.2601344008154713,,3.9305757183427357,
Balasamudram,2,CLUSTER,,11,,0.377676066202683,0.32469442078042066,0.7883039138277865,,1.4148472339070706,,1.9169526704330808,,2.6474796086572114,,3.2601344008154713,,3.9305757183427357,
Bettadamane,2,CLUSTER,,11,,0.377676066202683,0.32469442078042066,0.7883039138277865,,1.4148472339070706,,1.9169526704330808,,2.6474796086572114,,3.2601344008154713,,3.9305757183427357,
Chakrar at gadasarai,2,CLUSTER,,11,,0.377676066202683,0.32469442078042066,0.7883039138277865,,1.4148472339070706,,1.9169526704330808,,2.6474796086572114,,3.2601344008154713,,3.9305757183427357,
Chikkamalur,2,CLUSTER,,11,,0.377676066202683,0.32469442078042066,0.7883039138277865,,1.4148472339070706,,1.9169526704330808,,2.6474796086572114,,3.2601344008154713,,3.9305757183427357,
Dindori,2,CLUSTER,1762.0472413793102,11,,0.377676066202683,0.32469442078042066,0.7883039138277865,1389.0287367287647,1.4148472339070706,2493.0276654791014,1.9169526704330808,3377.7611647913122,2.6474796086572114,4664.984141042415,3.2601344008154713,5744.510827482692,3.9305757183427357,6925.860101538318
Harur,2,CLUSTER,,11,,0.377676066202683,0.32469442078042066,0.7883039138277865,,1.4148472339070706,,1.9169526704330808,,2.6474796086572114,,3.2601344008154713,,3.9305757183427357,
Hemavathy reservoir,2,CLUSTER,,11,,0.377676066202683,0.32469442078042066,0.7883039138277865,,1.4148472339070706,,1.9169526704330808,,2.6474796086572114,,3.2601344008154713,,3.9305757183427357,
Hogenakkal,2,CLUSTER,33.84277777777778,11,,0.377676066202683,0.32469442078042066,0.7883039138277865,26.678394177026266,1.4148472339070706,47.88236052662057,1.9169526704330808,64.87500323598445,2.6474796086572114,89.5980640669841,3.2601344008154713,110.33200405248672,3.9305757183427357,133.02160057460247
Hommaragalli,2,CLUSTER,,11,,0.377676066202683,0.32469442078042066,0.7883039138277865,,1.4148472339070706,,1.9169526704330808,,2.6474796086572114,,3.2601344008154713,,3.9305757183427357,
Jannapura,2,CLUSTER,,11,,0.377676066202683,0.32469442078042066,0.7883039138277865,,1.4148472339070706,,1.9169526704330808,,2.6474796086572114,,3.2601344008154713,,3.9305757183427357,
Jeeraguda,2,CLUSTER,,11,,0.377676066202683,0.32469442078042066,0.7883039138277865,,1.4148472339070706,,1.9169526704330808,,2.6474796086572114,,3.2601344008154713,,3.9305757183427357,
K.m. vadi,2,CLUSTER,239.5074285714286,11,,0.377676066202683,0.32469442078042066,0.7883039138277865,188.8046433336862,1.4148472339070706,338.86642281448104,1.9169526704330808,459.1244047885604,2.6474796086572114,634.0910332647808,3.2601344008154713,780.8264071365686,3.9305757183427357,941.4020831055644
Khadakewada,2,CLUSTER,,11,,0.377676066202683,0.32469442078042066,0.7883039138277865,,1.4148472339070706,,1.9169526704330808,,2.6474796086572114,,3.2601344008154713,,3.9305757183427357,
Kokkedoddy,2,CLUSTER,,11,,0.377676066202683,0.32469442078042066,0.7883039138277865,,1.4148472339070706,,1.9169526704330808,,2.6474796086572114,,3.2601344008154713,,3.9305757183427357,
Koyna,2,CLUSTER,1079.6608823529411,11,,0.377676066202683,0.32469442078042066,0.7883039138277865,851.1008991655849,1.4148472339070706,1527.555212954726,1.9169526704330808,2069.658811588607,2.6474796086572114,2858.380170294264,3.2601344008154713,3519.839583773609,3.9305757183427357,4243.688848220963
Kudlur,2,CLUSTER,39.462941176470586,11,,0.377676066202683,0.32469442078042066,0.7883039138277865,31.108790980567477,1.4148472339070706,55.83403316536685,1.9169526704330808,75.64859047137888,2.6474796086572114,104.4773320623449,3.2601344008154713,128.65449208676912,3.9305757183427357,155.112078362623
Kunturla (machkund),2,CLUSTER,,11,,0.377676066202683,0.32469442078042066,0.7883039138277865,,1.4148472339070706,,1.9169526704330808,,2.6474796086572114,,3.2601344008154713,,3.9305757183427357,
Lakkavalli,2,CLUSTER,,11,,0.377676066202683,0.32469442078042066,0.7883039138277865,,1.4148472339070706,,1.9169526704330808,,2.6474796086572114,,3.2601344008154713,,3.9305757183427357,
Lasur,2,CLUSTER,,11,,0.377676066202683,0.32469442078042066,0.7883039138277865,,1.4148472339070706,,1.9169526704330808,,2.6474796086572114,,3.2601344008154713,,3.9305757183427357,
M.h. halli,2,CLUSTER,588.6016666666667,11,,0.377676066202683,0.32469442078042066,0.7883039138277865,463.99699751889153,1.4148472339070706,832.781439956425,1.9169526704330808,1128.3215367380287,2.6474796086572114,1558.3109101216492,3.2601344008154713,1918.9205418773213,3.9305757183427357,2313.5434187760648
Pudunagara,2,CLUSTER,,11,,0.377676066202683,0.32469442078042066,0.7883039138277865,,1.4148472339070706,,1.9169526704330808,,2.6474796086572114,,3.2601344008154713,,3.9305757183427357,
Rahu,2,CLUSTER,,11,,0.377676066202683,0.32469442078042066,0.7883039138277865,,1.4148472339070706,,1.9169526704330808,,2.6474796086572114,,3.2601344008154713,,3.9305757183427357,
Sakleshpur,2,CLUSTER,566.8873333333333,11,,0.377676066202683,0.32469442078042066,0.7883039138277865,446.8795035660637,1.4148472339070706,802.0589755036222,1.9169526704330808,1086.6961874680214,2.6474796086572114,1500.8226554060636,3.2601344008154713,1848.128896786547,3.9305757183427357,2228.1935874360647
Samdoli (seasonal),2,CLUSTER,1549.10693877551,11,,0.377676066202683,0.32469442078042066,0.7883039138277865,1221.1670627745157,1.4148472339070706,2191.74966735278,1.9169526704330808,2969.564683072129,2.6474796086572114,4101.229032037558,3.2601344008154713,5050.296821643986,3.9305757183427357,6088.882118667266
Sevanur,2,CLUSTER,,11,,0.377676066202683,0.32469442078042066,0.7883039138277865,,1.4148472339070706,,1.9169526704330808,,2.6474796086572114,,3.2601344008154713,,3.9305757183427357,
Mat-i,2,CLUSTER,,11,,0.377676066202683,0.32469442078042066,0.7883039138277865,,1.4148472339070706,,1.9169526704330808,,2.6474796086572114,,3.2601344008154713,,3.9305757183427357,
Mirawadi,2,CLUSTER,,11,,0.377676066202683,0.32469442078042066,0.7883039138277865,,1.4148472339070706,,1.9169526704330808,,2.6474796086572114,,3.2601344008154713,,3.9305757183427357,
Mukkodlu,2,CLUSTER,,11,,0.377676066202683,0.32469442078042066,0.7883039138277865,,1.4148472339070706,,1.9169526704330808,,2.6474796086572114,,3.2601344008154713,,3.9305757183427357,
Muthanga (ponkuzhi),2,CLUSTER,,11,,0.377676066202683,0.32469442078042066,0.7883039138277865,,1.4148472339070706,,1.9169526704330808,,2.6474796086572114,,3.2601344008154713,,3.9305757183427357,
Muthankera,2,CLUSTER,969.1326086956524,11,,0.377676066202683,0.32469442078042066,0.7883039138277865,763.9710284529156,1.4148472339070706,1371.174590702187,1.9169526704330808,1857.7813422429087,2.6474796086572114,2565.758819606508,3.2601344008154713,3159.5025565607352,3.9305757183427357,3809.249099593283
Nandre,2,CLUSTER,,11,,0.377676066202683,0.32469442078042066,0.7883039138277865,,1.4148472339070706,,1.9169526704330808,,2.6474796086572114,,3.2601344008154713,,3.9305757183427357,
Navalgund,2,CLUSTER,,11,,0.377676066202683,0.32469442078042066,0.7883039138277865,,1.4148472339070706,,1.9169526704330808,,2.6474796086572114,,3.2601344008154713,,3.9305757183427357,
Odendurai,2,CLUSTER,,11,,0.377676066202683,0.32469442078042066,0.7883039138277865,,1.4148472339070706,,1.9169526704330808,,2.6474796086572114,,3.2601344008154713,,3.9305757183427357,
Sirimoda,2,CLUSTER,,11,,0.377676066202683,0.32469442078042066,0.7883039138277865,,1.4148472339070706,,1.9169526704330808,,2.6474796086572114,,3.2601344008154713,,3.9305757183427357,
Songe bange,2,CLUSTER,,11,,0.377676066202683,0.32469442078042066,0.7883039138277865,,1.4148472339070706,,1.9169526704330808,,2.6474796086572114,,3.2601344008154713,,3.9305757183427357,
Surubali,2,CLUSTER,,11,,0.377676066202683,0.32469442078042066,0.7883039138277865,,1.4148472339070706,,1.9169526704330808,,2.6474796086572114,,3.2601344008154713,,3.9305757183427357,
T. bekkupe,2,CLUSTER,,11,,0.377676066202683,0.32469442078042066,0.7883039138277865,,1.4148472339070706,,1.9169526704330808,,2.6474796086572114,,3.2601344008154713,,3.9305757183427357,
T. narasipur,2,CLUSTER,,11,,0.377676066202683,0.32469442078042066,0.7883039138277865,,1.4148472339070706,,1.9169526704330808,,2.6474796086572114,,3.2601344008154713,,3.9305757183427357,
T.k.halli,2,CLUSTER,430.005294117647,11,,0.377676066202683,0.32469442078042066,0.7883039138277865,338.9748563196096,1.4148472339070706,608.3918009477492,1.9169526704330808,824.2997968591858,2.6474796086572114,1138.4302477911172,3.2601344008154713,1401.8750518857157,3.9305757183427357,1690.1683678176496
Terwad (seasonal),2,CLUSTER,1891.0937142857144,11,,0.377676066202683,0.32469442078042066,0.7883039138277865,1490.7565763865546,1.4148472339070706,2675.608710716191,1.9169526704330808,3625.137145639214,2.6474796086572114,5006.632046631255,3.2601344008154713,6165.2196731087615,3.9305757183427357,7433.087034482004
Tuichang,2,CLUSTER,435.5225,11,,0.377676066202683,0.32469442078042066,0.7883039138277865,343.32409131006216,1.4148472339070706,616.1978044292921,1.9169526704330808,834.8760194086914,2.6474796086572114,1153.0369378614103,3.2601344008154713,1419.8618845791561,3.9305757183427357,1711.8541632919241
Valamuru (pamuleru),2,CLUSTER,,11,,0.377676066202683,0.32469442078042066,0.7883039138277865,,1.4148472339070706,,1.9169526704330808,,2.6474796086572114,,3.2601344008154713,,3.9305757183427357,
Warunji,2,CLUSTER,1808.5156896551728,11,,0.377676066202683,0.32469442078042066,0.7883039138277865,1425.6599963741312,1.4148472339070706,2558.773420986159,1.9169526704330808,3466.838980804608,2.6474796086572114,4788.008410298704,3.2601344008154713,5896.004214259346,3.9305757183427357,7108.507856000489
A.p.puram,3,CLUSTER,,8,,0.31064035111940147,0.2927322879833043,0.8415553337631021,,1.3599293448142453,,1.7577872398590968,,2.3183448206508857,,2.7760640305435462,,3.266935107784434,
Adkasthala,3,CLUSTER,,8,,0.31064035111940147,0.2927322879833043,0.8415553337631021,,1.3599293448142453,,1.7577872398590968,,2.3183448206508857,,2.7760640305435462,,3.266935107784434,
Ambarampalayam,3,CLUSTER,256.74511627906975,8,,0.31064035111940147,0.2927322879833043,0.8415553337631021,216.065222022279,1.3599293448142453,349.15521776565254,1.7577872398590968,451.30328929148885,2.3183448206508857,595.2237105529907,2.7760640305435462,712.7408823200458,3.266935107784434,838.7696341242897
Ambasamudram,3,CLUSTER,64.00333333333333,8,,0.31064035111940147,0.2927322879833043,0.8415553337631021,53.86234654528441,1.3599293448142453,87.04001116592774,1.7577872398590968,112.50424264178172,2.3183448206508857,148.38179633772552,2.7760640305435462,177.67735150155542,3.266935107784434,209.0947366818964
Arangali,3,CLUSTER,672.2990625,8,,0.31064035111940147,0.2927322879833043,0.8415553337631021,565.7768619308081,1.3599293448142453,914.2792235848564,1.7577872398590968,1181.7587134317334,2.3183448206508857,1558.6210494753211,2.7760640305435462,1866.3452451743974,3.266935107784434,2196.3574102118114
Arkkannur,3,CLUSTER,,8,,0.31064035111940147,0.2927322879833043,0.8415553337631021,,1.3599293448142453,,1.7577872398590968,,2.3183448206508857,,2.7760640305435462,,3.266935107784434,
Aruvipuram,3,CLUSTER,,8,,0.31064035111940147,0.2927322879833043,0.8415553337631021,,1.3599293448142453,,1.7577872398590968,,2.3183448206508857,,2.7760640305435462,,3.266935107784434,
Ayoor,3,CLUSTER,,8,,0.31064035111940147,0.2927322879833043,0.8415553337631021,,1.3599293448142453,,1.7577872398590968,,2.3183448206508857,,2.7760640305435462,,3.266935107784434,
Chakkalakuth,3,CLUSTER,,8,,0.31064035111940147,0.2927322879833043,0.8415553337631021,,1.3599293448142453,,1.7577872398590968,,2.3183448206508857,,2.7760640305435462,,3.266935107784434,
Cherpad,3,CLUSTER,,8,,0.31064035111940147,0.2927322879833043,0.8415553337631021,,1.3599293448142453,,1.7577872398590968,,2.3183448206508857,,2.7760640305435462,,3.266935107784434,
Collem,3,CLUSTER,,8,,0.31064035111940147,0.2927322879833043,0.8415553337631021,,1.3599293448142453,,1.7577872398590968,,2.3183448206508857,,2.7760640305435462,,3.266935107784434,
Ganjem,3,CLUSTER,,8,,0.31064035111940147,0.2927322879833043,0.8415553337631021,,1.3599293448142453,,1.7577872398590968,,2.3183448206508857,,2.7760640305435462,,3.266935107784434,
Kalampur,3,CLUSTER,415.336551724138,8,,0.31064035111940147,0.2927322879833043,0.8415553337631021,349.5286904102229,1.3599293448142453,564.8283646636149,1.7577872398590968,730.0732908677676,2.3183448206508857,962.893343516654,2.7760640305435462,1153.0008618113686,3.266935107784434,1356.877562373712
Kallooppara,3,CLUSTER,705.3345714285715,8,,0.31064035111940147,0.2927322879833043,0.8415553337631021,593.5780706732261,1.3599293448142453,959.2051815976938,1.7577872398590968,1239.8281094886277,2.3183448206508857,1635.2087504974409,2.7760640305435462,1958.053933241705,3.266935107784434,2304.282274134088
Kalpadai,3,CLUSTER,,8,,0.31064035111940147,0.2927322879833043,0.8415553337631021,,1.3599293448142453,,1.7577872398590968,,2.3183448206508857,,2.7760640305435462,,3.266935107784434,
Kondazhy,3,CLUSTER,,8,,0.31064035111940147,0.2927322879833043,0.8415553337631021,,1.3599293448142453,,1.7577872398590968,,2.3183448206508857,,2.7760640305435462,,3.266935107784434,
Kothapalle (sileru),3,CLUSTER,,8,,0.31064035111940147,0.2927322879833043,0.8415553337631021,,1.3599293448142453,,1.7577872398590968,,2.3183448206508857,,2.7760640305435462,,3.266935107784434,
Kottapuram,3,CLUSTER,,8,,0.31064035111940147,0.2927322879833043,0.8415553337631021,,1.3599293448142453,,1.7577872398590968,,2.3183448206508857,,2.7760640305435462,,3.266935107784434,
Kovvadakalva   pragadapalli,3,CLUSTER,,8,,0.31064035111940147,0.2927322879833043,0.8415553337631021,,1.3599293448142453,,1.7577872398590968,,2.3183448206508857,,2.7760640305435462,,3.266935107784434,
Pallippady,3,CLUSTER,,8,,0.31064035111940147,0.2927322879833043,0.8415553337631021,,1.3599293448142453,,1.7577872398590968,,2.3183448206508857,,2.7760640305435462,,3.266935107784434,
Pedageddada,3,CLUSTER,,8,,0.31064035111940147,0.2927322879833043,0.8415553337631021,,1.3599293448142453,,1.7577872398590968,,2.3183448206508857,,2.7760640305435462,,3.266935107784434,
Pookkayam,3,CLUSTER,,8,,0.31064035111940147,0.2927322879833043,0.8415553337631021,,1.3599293448142453,,1.7577872398590968,,2.3183448206508857,,2.7760640305435462,,3.266935107784434,
Potteru (potteruvagu),3,CLUSTER,,8,,0.31064035111940147,0.2927322879833043,0.8415553337631021,,1.3599293448142453,,1.7577872398590968,,2.3183448206508857,,2.7760640305435462,,3.266935107784434,
Pudur,3,CLUSTER,180.105,8,,0.31064035111940147,0.2927322879833043,0.8415553337631021,151.5683233874035,1.3599293448142453,244.93007464776963,1.7577872398590968,316.5862708348226,2.3183448206508857,417.54549392332774,2.7760640305435462,499.9830122210454,3.266935107784434,588.3913475875155
Pulamanthole,3,CLUSTER,662.4812121212121,8,,0.31064035111940147,0.2927322879833043,0.8415553337631021,557.5145975784511,1.3599293448142453,900.927640751747,1.7577872398590968,1164.5010213130543,2.3183448206508857,1535.8598868997328,2.7760640305435462,1839.0902638805862,3.266935107784434,2164.2831301263745
Pullakkayar,3,CLUSTER,,8,,0.31064035111940147,0.2927322879833043,0.8415553337631021,,1.3599293448142453,,1.7577872398590968,,2.3183448206508857,,2.7760640305435462,,3.266935107784434,
Sanoor,3,CLUSTER,,8,,0.31064035111940147,0.2927322879833043,0.8415553337631021,,1.3599293448142453,,1.7577872398590968,,2.3183448206508857,,2.7760640305435462,,3.266935107784434,
Seedhi,3,CLUSTER,,8,,0.31064035111940147,0.2927322879833043,0.8415553337631021,,1.3599293448142453,,1.7577872398590968,,2.3183448206508857,,2.7760640305435462,,3.266935107784434,
Seethapalli,3,CLUSTER,,8,,0.31064035111940147,0.2927322879833043,0.8415553337631021,,1.3599293448142453,,1.7577872398590968,,2.3183448206508857,,2.7760640305435462,,3.266935107784434,
Manakkad,3,CLUSTER,,8,,0.31064035111940147,0.2927322879833043,0.8415553337631021,,1.3599293448142453,,1.7577872398590968,,2.3183448206508857,,2.7760640305435462,,3.266935107784434,
Mangaon,3,CLUSTER,,8,,0.31064035111940147,0.2927322879833043,0.8415553337631021,,1.3599293448142453,,1.7577872398590968,,2.3183448206508857,,2.7760640305435462,,3.266935107784434,
Manikal,3,CLUSTER,,8,,0.31064035111940147,0.2927322879833043,0.8415553337631021,,1.3599293448142453,,1.7577872398590968,,2.3183448206508857,,2.7760640305435462,,3.266935107784434,
Maruthankuzhy,3,CLUSTER,,8,,0.31064035111940147,0.2927322879833043,0.8415553337631021,,1.3599293448142453,,1.7577872398590968,,2.3183448206508857,,2.7760640305435462,,3.266935107784434,
Mat sekawi,3,CLUSTER,,8,,0.31064035111940147,0.2927322879833043,0.8415553337631021,,1.3599293448142453,,1.7577872398590968,,2.3183448206508857,,2.7760640305435462,,3.266935107784434,
Mat-2,3,CLUSTER,,8,,0.31064035111940147,0.2927322879833043,0.8415553337631021,,1.3599293448142453,,1.7577872398590968,,2.3183448206508857,,2.7760640305435462,,3.266935107784434,
Mayambadi,3,CLUSTER,,8,,0.31064035111940147,0.2927322879833043,0.8415553337631021,,1.3599293448142453,,1.7577872398590968,,2.3183448206508857,,2.7760640305435462,,3.266935107784434,
Mundakayam_gd,3,CLUSTER,,8,,0.31064035111940147,0.2927322879833043,0.8415553337631021,,1.3599293448142453,,1.7577872398590968,,2.3183448206508857,,2.7760640305435462,,3.266935107784434,
Ozerkheda,3,CLUSTER,1053.3095652173913,8,,0.31064035111940147,0.2927322879833043,0.8415553337631021,886.4182827123897,1.3599293448142453,1432.4265869126646,1.7577872398590968,1851.4941133606635,2.3183448206508857,2441.9347750637753,2.7760640305435462,2924.0547970274615,3.266935107784434,3441.0939979738537
Theni,3,CLUSTER,183.98589743589744,8,,0.31064035111940147,0.2927322879833043,0.8415553337631021,154.83431332437056,1.3599293448142453,250.20782095506095,1.7577872398590968,323.408062826845,2.3183448206508857,426.5427523933179,2.7760640305435462,510.756631999069,3.266935107784434,601.0699876705594
Thevur,3,CLUSTER,,8,,0.31064035111940147,0.2927322879833043,0.8415553337631021,,1.3599293448142453,,1.7577872398590968,,2.3183448206508857,,2.7760640305435462,,3.266935107784434,
Thiruvattar,3,CLUSTER,,8,,0.31064035111940147,0.2927322879833043,0.8415553337631021,,1.3599293448142453,,1.7577872398590968,,2.3183448206508857,,2.7760640305435462,,3.266935107784434,
Thoppur,3,CLUSTER,,8,,0.31064035111940147,0.2927322879833043,0.8415553337631021,,1.3599293448142453,,1.7577872398590968,,2.3183448206508857,,2.7760640305435462,,3.266935107784434,
Thottathinkadavu,3,CLUSTER,,8,,0.31064035111940147,0.2927322879833043,0.8415553337631021,,1.3599293448142453,,1.7577872398590968,,2.3183448206508857,,2.7760640305435462,,3.266935107784434,
Thumpamon,3,CLUSTER,391.8985714285715,8,,0.31064035111940147,0.2927322879833043,0.8415553337631021,329.80433307985436,1.3599293448142453,532.9543674764959,1.7577872398590968,688.8743081761518,2.3183448206508857,908.5560232919098,2.7760640305435462,1087.935527764258,3.266935107784434,1280.3072016905658
Valayinkil,3,CLUSTER,,8,,0.31064035111940147,0.2927322879833043,0.8415553337631021,,1.3599293448142453,,1.7577872398590968,,2.3183448206508857,,2.7760640305435462,,3.266935107784434,
Vellaikadavu,3,CLUSTER,,8,,0.31064035111940147,0.2927322879833043,0.8415553337631021,,1.3599293448142453,,1.7577872398590968,,2.3183448206508857,,2.7760640305435462,,3.266935107784434,
