station,year,max_rainfall_mm,mean_rainfall_mm,total_rainfall_mm
A_p_puram,1907,80.85,2.4,876.13
A_p_puram,1908,48.56,1.57,573.82
A_p_puram,1909,33.77,2.02,736.39
A_p_puram,1910,38.51,1.45,529.7
A_p_puram,1911,51.02,1.87,682.85
A_p_puram,1912,95.15,2.49,910.35
A_p_puram,1915,45.62,2.24,817.19
A_p_puram,1917,48.45,2.11,771.82
A_p_puram,1920,76.62,3.03,1108.47
A_p_puram,1921,50.65,2.04,745.27
A_p_puram,1922,82.93,3.25,1187.29
A_p_puram,1923,96.49,2.67,972.98
A_p_puram,1925,66.01,2.84,1033.07
A_p_puram,1926,46.17,1.98,721.27
A_p_puram,1929,44.76,2.86,1044.15
A_p_puram,1933,37.74,2.36,858.48
A_p_puram,1934,47.08,1.83,666.7
A_p_puram,1943,85.56,2.59,946.8
A_p_puram,1945,71.8,2.64,962.75
A_p_puram,1946,90.51,2.62,956.09
A_p_puram,1948,60.74,2.12,776.61
A_p_puram,1949,24.98,1.45,529.58
A_p_puram,1954,61.89,2.64,964.21
A_p_puram,1967,62.98,1.91,698.23
A_p_puram,1968,53.68,2.25,823.28
A_p_puram,1969,44.83,2.16,789.02
A_p_puram,1970,69.14,1.62,592.79
A_p_puram,1971,46.27,3.08,1123.74
A_p_puram,1972,58.76,2.56,935.89
A_p_puram,1973,62.49,2.21,808.25
A_p_puram,1976,23.92,1.77,646.11
A_p_puram,1978,65.86,1.88,684.46
A_p_puram,1979,43.44,3.14,1146.7
A_p_puram,1980,47.81,1.79,653.47
A_p_puram,1985,50.13,1.96,714.08
A_p_puram,1986,39.84,1.55,567.16
A_p_puram,1987,37.3,2.4,877.51
A_p_puram,1989,45.53,2.06,752.93
A_p_puram,1990,51.03,2.49,908.55
A_p_puram,1992,60.89,2.52,922.72
A_p_puram,1995,67.67,2.01,734.78
A_p_puram,1999,46.63,1.65,603.75
A_p_puram,2013,42.89,1.97,720.56
A_p_puram,2024,43.27,1.9,693.39
A_p_puram,2025,75.72,2.58,940.99
Abna_at_khandwa,1907,41.28,1.25,458.06
Abna_at_khandwa,1908,32.97,1.45,529.79
Abna_at_khandwa,1909,37.9,1.38,502.21
Abna_at_khandwa,1910,74.19,2.27,826.94
Abna_at_khandwa,1911,45.64,1.06,386.03
Abna_at_khandwa,1912,67.24,1.43,522.15
Abna_at_khandwa,1915,73.67,1.91,695.62
Abna_at_khandwa,1917,67.25,2.66,970.52
Abna_at_khandwa,1920,66.38,1.56,569.53
Abna_at_khandwa,1921,88.58,2.69,980.44
Abna_at_khandwa,1922,68.6,1.75,640.56
Abna_at_khandwa,1923,51.63,1.53,558.87
Abna_at_khandwa,1925,77.7,1.34,488.4
Abna_at_khandwa,1926,78.73,1.93,704.57
Abna_at_khandwa,1929,95.98,1.37,498.06
Abna_at_khandwa,1933,97.63,2.46,894.14
Abna_at_khandwa,1934,98.0,3.07,1121.22
Abna_at_khandwa,1943,94.66,2.47,900.63
Abna_at_khandwa,1945,84.61,1.68,612.68
Abna_at_khandwa,1946,87.0,3.18,1157.01
Abna_at_khandwa,1948,71.98,2.65,963.01
Abna_at_khandwa,1949,68.87,2.37,862.1
Abna_at_khandwa,1954,94.61,3.16,1152.41
Abna_at_khandwa,1967,63.08,1.71,622.45
Abna_at_khandwa,1968,57.16,1.64,595.88
Abna_at_khandwa,1969,64.64,2.51,917.02
Abna_at_khandwa,1970,96.53,2.65,966.16
Abna_at_khandwa,1971,35.73,1.31,475.65
Abna_at_khandwa,1972,91.66,1.98,721.38
Abna_at_khandwa,1973,64.16,2.77,1007.83
Abna_at_khandwa,1976,96.27,2.05,745.5
Abna_at_khandwa,1978,81.9,1.95,709.36
Abna_at_khandwa,1979,63.54,2.07,749.06
Abna_at_khandwa,1980,73.72,2.22,813.87
Abna_at_khandwa,1985,65.6,1.37,498.34
Abna_at_khandwa,1986,70.02,2.03,741.85
Abna_at_khandwa,1987,68.2,1.54,561.54
Abna_at_khandwa,1989,52.77,1.89,690.52
Abna_at_khandwa,1990,79.02,2.67,972.55
Abna_at_khandwa,1992,46.05,1.33,487.9
Abna_at_khandwa,1995,59.73,1.88,684.68
Abna_at_khandwa,1999,96.49,2.75,1005.14
Abna_at_khandwa,2013,94.68,3.54,1280.87
Abna_at_khandwa,2024,73.41,3.36,1228.14
Abna_at_khandwa,2025,57.46,2.95,1077.67
Adityapur,1907,74.83,3.74,1366.9
Adityapur,1908,57.37,3.54,1294.08
Adityapur,1909,73.34,4.2,1533.55
Adityapur,1910,64.06,3.43,1252.2
Adityapur,1911,47.66,3.73,1360.74
Adityapur,1912,54.86,3.87,1417.79
Adityapur,1915,28.47,3.17,1156.5
Adityapur,1917,56.11,4.65,1697.13
Adityapur,1920,60.69,3.74,1368.66
Adityapur,1921,65.18,3.33,1216.04
Adityapur,1922,50.37,4.0,1459.69
Adityapur,1923,55.5,3.98,1454.03
Adityapur,1925,59.31,3.21,1169.91
Adityapur,1926,56.8,4.6,1679.58
Adityapur,1929,81.44,4.67,1705.15
Adityapur,1933,79.97,4.54,1658.48
Adityapur,1934,68.19,3.21,1172.89
Adityapur,1943,75.47,4.37,1589.29
Adityapur,1945,36.82,3.48,1270.6
Adityapur,1946,65.28,4.8,1752.25
Adityapur,1948,62.44,3.96,1449.34
Adityapur,1949,36.56,3.73,1360.64
Adityapur,1954,47.37,2.5,911.63
Adityapur,1967,50.07,3.48,1268.77
Adityapur,1968,77.72,3.39,1240.21
Adityapur,1969,45.75,3.06,1115.52
Adityapur,1970,38.28,3.12,1139.53
Adityapur,1971,92.47,4.96,1812.18
Adityapur,1972,69.14,3.35,1226.29
Adityapur,1973,84.14,4.85,1771.37
Adityapur,1976,67.55,3.01,1101.43
Adityapur,1978,76.2,4.36,1591.6
Adityapur,1979,37.25,2.25,822.81
Adityapur,1980,42.95,3.67,1343.36
Adityapur,1985,55.02,4.15,1515.64
Adityapur,1986,31.67,3.5,1277.02
Adityapur,1987,46.39,2.95,1075.25
Adityapur,1989,67.09,3.6,1314.44
Adityapur,1990,68.83,4.3,1568.7
Adityapur,1992,56.2,2.97,1087.62
Adityapur,1995,60.38,4.03,1469.95
Adityapur,1999,72.95,4.7,1717.0
Adityapur,2013,87.31,4.86,1772.09
Adityapur,2024,79.03,3.5,1279.23
Adityapur,2025,78.69,5.22,1906.35
Adkasthala,1907,91.93,10.86,3909.61
Adkasthala,1908,96.88,8.43,2965.85
Adkasthala,1909,98.56,9.29,3324.04
Adkasthala,1910,87.62,10.45,3781.55
Adkasthala,1911,92.64,8.78,3161.4
Adkasthala,1912,91.76,9.77,3487.2
Adkasthala,1915,93.57,8.85,3220.12
Adkasthala,1917,96.51,9.6,3484.83
Adkasthala,1920,98.43,10.69,3869.67
Adkasthala,1921,97.65,10.18,3664.03
Adkasthala,1922,94.0,10.21,3656.39
Adkasthala,1923,96.92,9.13,3231.35
Adkasthala,1925,93.23,8.52,2990.53
Adkasthala,1926,83.4,7.97,2845.06
Adkasthala,1929,97.95,11.02,3956.02
Adkasthala,1933,98.87,12.87,4647.07
Adkasthala,1934,95.16,8.25,2978.1
Adkasthala,1943,89.82,12.36,4474.31
Adkasthala,1945,97.46,9.0,3247.69
Adkasthala,1946,87.48,11.61,4133.11
Adkasthala,1948,82.05,10.84,3933.71
Adkasthala,1949,88.24,9.82,3506.42
Adkasthala,1954,96.07,10.62,3813.88
Adkasthala,1967,94.31,8.92,3174.37
Adkasthala,1968,98.71,10.73,3839.61
Adkasthala,1969,95.27,11.42,4133.61
Adkasthala,1970,93.44,11.06,3970.24
Adkasthala,1971,97.27,9.95,3582.59
Adkasthala,1972,91.41,8.19,2956.85
Adkasthala,1973,85.09,8.9,3230.38
Adkasthala,1976,86.65,8.4,3073.47
Adkasthala,1978,95.75,10.73,3830.25
Adkasthala,1979,95.5,8.51,3081.74
Adkasthala,1980,98.83,12.63,4558.65
Adkasthala,1985,86.55,9.21,3343.49
Adkasthala,1986,94.17,9.15,3302.25
Adkasthala,1987,61.5,7.58,2767.4
Adkasthala,1989,93.54,10.16,3696.88
Adkasthala,1990,87.36,12.55,4556.12
Adkasthala,1992,98.34,12.26,4426.79
Adkasthala,1995,97.73,11.13,4005.77
Adkasthala,1999,93.54,10.75,3871.41
Adkasthala,2013,95.67,9.68,3525.13
Adkasthala,2024,97.12,9.93,3594.9
Adkasthala,2025,98.92,11.05,3943.87
Akkalpada,1907,39.06,0.94,344.16
Akkalpada,1908,20.51,0.75,274.55
Akkalpada,1909,41.32,1.27,465.19
Akkalpada,1910,46.73,1.57,573.96
Akkalpada,1911,39.62,0.74,270.55
Akkalpada,1912,69.6,1.54,563.52
Akkalpada,1915,70.25,1.86,678.1
Akkalpada,1917,71.16,1.85,674.66
Akkalpada,1920,27.56,0.67,245.45
Akkalpada,1921,49.03,1.27,462.99
Akkalpada,1922,67.92,1.32,482.99
Akkalpada,1923,81.79,1.61,589.18
Akkalpada,1925,54.49,1.26,461.46
Akkalpada,1926,28.35,1.08,394.62
Akkalpada,1929,56.87,1.25,457.7
Akkalpada,1933,44.24,1.8,656.67
Akkalpada,1934,40.55,0.9,328.87
Akkalpada,1943,55.05,1.57,571.76
Akkalpada,1945,65.23,1.31,476.98
Akkalpada,1946,53.73,2.21,807.22
Akkalpada,1948,49.78,1.94,709.92
Akkalpada,1949,48.37,1.84,673.37
Akkalpada,1954,94.31,1.55,565.86
Akkalpada,1967,69.75,1.86,679.52
Akkalpada,1968,60.35,1.64,599.72
Akkalpada,1969,68.35,3.01,1099.14
Akkalpada,1970,60.2,1.68,613.23
Akkalpada,1971,56.45,1.39,505.87
Akkalpada,1972,35.89,0.88,323.76
Akkalpada,1973,56.9,1.82,662.96
Akkalpada,1976,82.03,2.64,960.97
Akkalpada,1978,66.72,1.6,585.77
Akkalpada,1979,48.46,1.72,627.93
Akkalpada,1980,55.2,1.95,712.61
Akkalpada,1985,55.38,1.58,576.75
Akkalpada,1986,29.79,0.94,343.34
Akkalpada,1987,87.38,1.72,628.23
Akkalpada,1989,90.63,1.66,604.15
Akkalpada,1990,41.85,1.71,624.62
Akkalpada,1992,53.14,1.33,486.97
Akkalpada,1995,45.97,1.46,532.89
Akkalpada,1999,53.9,1.65,600.9
Akkalpada,2013,40.45,1.76,643.63
Akkalpada,2024,80.52,3.03,1107.4
Akkalpada,2025,62.91,2.75,1002.69
Akkihebbal,1907,36.85,2.62,956.5
Akkihebbal,1908,37.02,1.67,610.4
Akkihebbal,1909,58.06,2.85,1038.53
Akkihebbal,1910,47.16,2.99,1093.05
Akkihebbal,1911,46.68,2.51,917.75
Akkihebbal,1912,38.89,3.08,1127.68
Akkihebbal,1915,38.03,2.65,968.83
Akkihebbal,1917,52.09,2.81,1025.84
Akkihebbal,1920,38.55,1.91,697.62
Akkihebbal,1921,29.55,2.31,843.39
Akkihebbal,1922,29.85,2.34,855.11
Akkihebbal,1923,54.57,2.47,902.37
Akkihebbal,1925,52.6,2.52,918.73
Akkihebbal,1926,57.5,2.33,850.93
Akkihebbal,1929,52.8,2.7,985.77
Akkihebbal,1933,43.58,3.45,1258.3
Akkihebbal,1934,44.05,1.82,664.86
Akkihebbal,1943,68.39,2.9,1057.95
Akkihebbal,1945,46.73,1.9,693.57
Akkihebbal,1946,33.41,3.23,1179.31
Akkihebbal,1948,53.24,2.62,958.01
Akkihebbal,1949,25.85,1.82,665.21
Akkihebbal,1954,35.15,2.37,865.01
Akkihebbal,1967,32.21,1.79,652.77
Akkihebbal,1968,38.25,1.94,709.84
Akkihebbal,1969,26.97,2.19,800.2
Akkihebbal,1970,36.73,1.96,716.71
Akkihebbal,1971,26.38,2.0,731.67
Akkihebbal,1972,38.81,2.56,935.39
Akkihebbal,1973,24.93,1.85,674.99
Akkihebbal,1976,22.56,1.47,538.31
Akkihebbal,1978,40.48,2.51,916.79
Akkihebbal,1979,32.43,2.7,983.93
Akkihebbal,1980,39.37,2.61,953.45
Akkihebbal,1985,43.44,1.81,659.81
Akkihebbal,1986,34.49,2.33,851.72
Akkihebbal,1987,47.04,2.43,886.72
Akkihebbal,1989,30.56,1.85,675.28
Akkihebbal,1990,15.38,1.78,651.0
Akkihebbal,1992,40.64,3.01,1103.07
Akkihebbal,1995,23.55,2.02,738.17
Akkihebbal,1999,45.47,2.62,956.52
Akkihebbal,2013,38.92,2.61,951.28
Akkihebbal,2024,44.62,2.97,1087.16
Akkihebbal,2025,63.98,2.68,978.49
Alandurai,1907,61.66,1.89,689.2
Alandurai,1908,54.56,1.51,551.94
Alandurai,1909,55.61,1.69,617.65
Alandurai,1910,82.9,1.67,608.28
Alandurai,1911,46.91,1.76,643.79
Alandurai,1912,63.19,1.9,694.29
Alandurai,1915,82.27,2.07,755.5
Alandurai,1917,46.2,1.51,550.4
Alandurai,1920,32.88,1.52,556.65
Alandurai,1921,50.42,1.67,608.97
Alandurai,1922,88.52,1.98,721.35
Alandurai,1923,30.11,1.3,473.12
Alandurai,1925,55.77,2.16,790.22
Alandurai,1926,59.92,1.75,639.83
Alandurai,1929,45.48,1.7,620.16
Alandurai,1933,47.58,2.09,762.61
Alandurai,1934,52.24,1.44,525.21
Alandurai,1943,57.76,2.0,730.15
Alandurai,1945,55.25,1.75,636.95
Alandurai,1946,57.62,2.38,867.88
Alandurai,1948,39.47,1.48,540.96
Alandurai,1949,41.12,1.35,491.18
Alandurai,1954,55.71,2.07,757.07
Alandurai,1967,47.36,1.02,372.46
Alandurai,1968,35.31,1.33,485.01
Alandurai,1969,50.36,1.69,616.06
Alandurai,1970,28.14,1.26,461.37
Alandurai,1971,51.97,1.71,623.98
Alandurai,1972,69.3,2.21,805.76
Alandurai,1973,67.82,1.4,511.19
Alandurai,1976,38.45,1.47,538.59
Alandurai,1978,77.02,1.73,630.95
Alandurai,1979,93.41,3.16,1146.82
Alandurai,1980,45.46,1.71,624.79
Alandurai,1985,35.97,1.12,409.5
Alandurai,1986,40.37,1.43,522.34
Alandurai,1987,89.09,1.79,653.76
Alandurai,1989,72.23,1.62,592.28
Alandurai,1990,37.63,1.49,544.74
Alandurai,1992,86.59,1.64,598.79
Alandurai,1995,43.58,1.38,504.15
Alandurai,1999,63.09,1.79,653.24
Alandurai,2013,78.87,1.36,495.49
Alandurai,2024,68.1,2.19,802.21
Alandurai,2025,46.61,1.46,532.47
Alladupalli,1907,36.33,1.37,499.77
Alladupalli,1908,49.72,1.65,603.76
Alladupalli,1909,62.15,2.12,774.17
Alladupalli,1910,49.32,2.27,827.49
Alladupalli,1911,26.03,1.39,508.45
Alladupalli,1912,37.89,1.56,569.28
Alladupalli,1915,77.32,2.17,793.11
Alladupalli,1917,76.39,2.37,865.01
Alladupalli,1920,50.03,1.21,442.62
Alladupalli,1921,34.36,1.61,588.15
Alladupalli,1922,32.89,1.54,560.99
Alladupalli,1923,57.29,1.51,549.53
Alladupalli,1925,44.84,2.34,855.72
Alladupalli,1926,43.82,1.49,543.54
Alladupalli,1929,35.05,1.5,548.46
Alladupalli,1933,54.8,1.74,635.04
Alladupalli,1934,38.28,1.62,590.01
Alladupalli,1943,78.3,2.03,739.47
Alladupalli,1945,36.13,1.54,561.31
Alladupalli,1946,71.42,2.0,728.35
Alladupalli,1948,27.96,1.6,584.34
Alladupalli,1949,74.49,2.29,837.57
Alladupalli,1954,53.62,1.67,610.66
Alladupalli,1967,36.32,1.78,649.46
Alladupalli,1968,24.17,1.34,491.95
Alladupalli,1969,35.33,1.83,669.47
Alladupalli,1970,49.66,2.23,812.98
Alladupalli,1971,28.06,1.35,492.25
Alladupalli,1972,41.84,1.69,619.14
Alladupalli,1973,42.78,1.8,658.06
Alladupalli,1976,34.53,1.53,558.54
Alladupalli,1978,38.19,2.15,785.71
Alladupalli,1979,64.01,1.86,680.17
Alladupalli,1980,30.56,1.29,473.18
Alladupalli,1985,34.95,1.28,466.28
Alladupalli,1986,46.49,1.3,472.86
Alladupalli,1987,48.92,2.17,792.32
Alladupalli,1989,57.42,1.94,708.88
Alladupalli,1990,51.78,2.19,799.68
Alladupalli,1992,43.29,1.56,571.95
Alladupalli,1995,38.98,2.31,843.71
Alladupalli,1999,43.57,1.25,454.94
Alladupalli,2013,38.13,2.02,737.49
Alladupalli,2024,41.15,2.32,847.72
Alladupalli,2025,69.3,2.61,951.15
Allam_vari_ghanapur,1907,90.09,3.01,1094.94
Allam_vari_ghanapur,1908,98.6,3.05,1111.86
Allam_vari_ghanapur,1909,48.12,2.31,843.19
Allam_vari_ghanapur,1910,67.28,3.47,1265.7
Allam_vari_ghanapur,1911,67.68,2.69,982.57
Allam_vari_ghanapur,1912,90.54,2.85,1043.32
Allam_vari_ghanapur,1915,69.93,3.35,1213.35
Allam_vari_ghanapur,1917,92.99,6.04,2196.76
Allam_vari_ghanapur,1920,81.13,1.89,693.03
Allam_vari_ghanapur,1921,76.01,3.93,1433.78
Allam_vari_ghanapur,1922,92.99,3.94,1435.06
Allam_vari_ghanapur,1923,78.98,2.82,1025.23
Allam_vari_ghanapur,1925,94.63,3.65,1329.67
Allam_vari_ghanapur,1926,94.18,3.71,1354.49
Allam_vari_ghanapur,1929,79.45,3.19,1166.0
Allam_vari_ghanapur,1933,77.52,4.08,1489.34
Allam_vari_ghanapur,1934,79.6,3.74,1361.3
Allam_vari_ghanapur,1943,85.48,2.35,857.72
Allam_vari_ghanapur,1945,68.93,3.92,1430.68
Allam_vari_ghanapur,1946,89.64,3.06,1111.5
Allam_vari_ghanapur,1948,68.02,3.5,1279.63
Allam_vari_ghanapur,1949,62.7,2.53,920.13
Allam_vari_ghanapur,1954,87.57,3.7,1336.71
Allam_vari_ghanapur,1967,67.86,3.61,1312.59
Allam_vari_ghanapur,1968,58.19,2.48,907.24
Allam_vari_ghanapur,1969,79.5,4.22,1539.04
Allam_vari_ghanapur,1970,67.79,3.61,1319.25
Allam_vari_ghanapur,1971,47.59,3.14,1146.27
Allam_vari_ghanapur,1972,53.79,2.29,836.93
Allam_vari_ghanapur,1973,70.83,3.26,1191.42
Allam_vari_ghanapur,1976,92.42,3.91,1425.84
Allam_vari_ghanapur,1978,83.03,4.45,1624.14
Allam_vari_ghanapur,1979,77.97,2.36,861.23
Allam_vari_ghanapur,1980,63.42,3.19,1166.2
Allam_vari_ghanapur,1985,97.16,2.7,978.66
Allam_vari_ghanapur,1986,94.76,3.17,1153.36
Allam_vari_ghanapur,1987,61.01,2.81,1027.35
Allam_vari_ghanapur,1989,82.88,3.84,1394.88
Allam_vari_ghanapur,1990,81.5,4.46,1613.72
Allam_vari_ghanapur,1992,75.93,3.18,1153.18
Allam_vari_ghanapur,1995,72.47,3.83,1393.36
Allam_vari_ghanapur,1999,98.36,4.87,1779.0
Allam_vari_ghanapur,2013,90.46,4.88,1772.32
Allam_vari_ghanapur,2024,62.21,4.2,1531.28
Allam_vari_ghanapur,2025,72.82,4.67,1704.49
Altuma,1907,82.29,4.15,1514.36
Altuma,1908,65.23,4.1,1498.9
Altuma,1909,33.69,3.92,1429.38
Altuma,1910,62.05,4.36,1590.97
Altuma,1911,47.87,3.23,1177.48
Altuma,1912,84.06,3.72,1362.34
Altuma,1915,87.32,3.85,1404.18
Altuma,1917,45.07,4.59,1673.97
Altuma,1920,87.73,4.46,1633.03
Altuma,1921,76.76,3.95,1441.19
Altuma,1922,80.27,3.55,1296.25
Altuma,1923,33.43,3.07,1119.51
Altuma,1925,82.99,4.52,1651.29
Altuma,1926,57.92,3.81,1382.63
Altuma,1929,91.77,3.81,1389.56
Altuma,1933,88.49,4.82,1761.11
Altuma,1934,59.24,3.7,1349.74
Altuma,1943,72.74,4.27,1556.96
Altuma,1945,74.83,3.6,1315.1
Altuma,1946,61.36,5.25,1915.91
Altuma,1948,37.15,3.64,1331.49
Altuma,1949,77.53,3.32,1212.08
Altuma,1954,36.34,3.07,1119.45
Altuma,1967,44.6,2.79,1018.22
Altuma,1968,72.98,3.62,1324.33
Altuma,1969,49.69,2.8,1018.43
Altuma,1970,51.79,2.88,1049.62
Altuma,1971,87.0,3.59,1310.49
Altuma,1972,74.31,3.04,1110.67
Altuma,1973,84.25,4.1,1493.74
Altuma,1976,55.49,2.97,1085.57
Altuma,1978,76.81,4.11,1499.84
Altuma,1979,55.18,3.49,1272.99
Altuma,1980,42.73,3.37,1234.26
Altuma,1985,59.73,5.22,1899.77
Altuma,1986,74.37,4.99,1820.79
Altuma,1987,52.53,3.47,1267.02
Altuma,1989,74.51,4.61,1682.4
Altuma,1990,77.55,6.63,2420.74
Altuma,1992,61.76,4.34,1588.73
Altuma,1995,76.46,4.31,1574.46
Altuma,1999,75.18,3.73,1345.38
Altuma,2013,61.8,4.86,1768.1
Altuma,2024,47.12,3.57,1307.48
Altuma,2025,85.21,4.89,1784.46
Ambaliyara,1907,91.75,2.38,868.58
Ambaliyara,1908,88.5,2.43,888.55
Ambaliyara,1909,88.91,1.84,671.07
Ambaliyara,1910,77.16,2.5,912.44
Ambaliyara,1911,66.98,0.86,315.58
Ambaliyara,1912,62.75,1.89,691.43
Ambaliyara,1915,53.91,1.15,421.15
Ambaliyara,1917,88.9,3.62,1323.06
Ambaliyara,1920,78.64,1.77,646.91
Ambaliyara,1921,83.84,2.94,1071.82
Ambaliyara,1922,73.1,2.13,777.37
Ambaliyara,1923,54.78,0.96,350.0
Ambaliyara,1925,62.19,1.3,474.3
Ambaliyara,1926,78.17,2.73,991.98
Ambaliyara,1929,55.17,1.16,421.61
Ambaliyara,1933,82.39,3.01,1095.17
Ambaliyara,1934,92.37,2.15,782.72
Ambaliyara,1943,79.5,2.31,843.21
Ambaliyara,1945,69.58,2.22,806.34
Ambaliyara,1946,54.69,2.02,737.98
Ambaliyara,1948,54.46,1.06,389.38
Ambaliyara,1949,55.47,1.22,445.7
Ambaliyara,1954,88.87,2.04,744.28
Ambaliyara,1967,72.96,2.15,781.79
Ambaliyara,1968,46.88,0.69,250.34
Ambaliyara,1969,61.8,2.22,810.11
Ambaliyara,1970,62.78,2.57,937.56
Ambaliyara,1971,83.91,1.33,484.79
Ambaliyara,1972,88.93,1.23,451.65
Ambaliyara,1973,94.75,2.82,1012.44
Ambaliyara,1976,89.34,2.77,1010.27
Ambaliyara,1978,74.63,2.76,1008.1
Ambaliyara,1979,89.27,1.62,590.74
Ambaliyara,1980,44.62,1.41,515.01
Ambaliyara,1985,74.88,1.15,421.56
Ambaliyara,1986,52.56,1.05,381.94
Ambaliyara,1987,75.53,1.4,511.57
Ambaliyara,1989,89.17,1.81,661.47
Ambaliyara,1990,98.54,2.75,1002.94
Ambaliyara,1992,89.14,1.87,683.87
Ambaliyara,1995,72.9,1.6,584.11
Ambaliyara,1999,60.58,1.22,444.81
Ambaliyara,2013,86.4,3.16,1152.82
Ambaliyara,2024,74.25,2.61,948.39
Ambaliyara,2025,96.97,2.84,1029.93
Ambarampalayam,1907,67.96,3.17,1155.97
Ambarampalayam,1908,72.48,2.75,1008.11
Ambarampalayam,1909,57.32,2.73,996.03
Ambarampalayam,1910,58.17,2.56,934.66
Ambarampalayam,1911,55.28,2.85,1039.3
Ambarampalayam,1912,70.71,2.98,1091.26
Ambarampalayam,1915,45.48,2.81,1026.96
Ambarampalayam,1917,74.05,2.47,900.82
Ambarampalayam,1920,61.84,2.63,963.12
Ambarampalayam,1921,51.65,2.94,1074.85
Ambarampalayam,1922,57.48,3.54,1292.56
Ambarampalayam,1923,48.77,2.58,941.62
Ambarampalayam,1925,38.52,4.01,1464.4
Ambarampalayam,1926,95.61,5.24,1911.5
Ambarampalayam,1929,72.22,5.61,2048.61
Ambarampalayam,1933,70.75,7.49,2733.42
Ambarampalayam,1934,68.95,4.59,1676.2
Ambarampalayam,1943,70.18,5.21,1895.34
Ambarampalayam,1945,64.83,2.25,819.69
Ambarampalayam,1946,51.85,6.9,2519.89
Ambarampalayam,1948,88.99,7.35,2690.48
Ambarampalayam,1949,61.76,5.04,1837.84
Ambarampalayam,1954,39.87,1.76,643.88
Ambarampalayam,1967,36.48,0.77,280.62
Ambarampalayam,1968,67.79,1.83,669.07
Ambarampalayam,1969,21.71,1.04,380.3
Ambarampalayam,1970,43.4,1.29,471.03
Ambarampalayam,1971,23.17,1.28,466.33
Ambarampalayam,1972,22.54,0.75,275.23
Ambarampalayam,1973,18.39,0.79,287.37
Ambarampalayam,1976,23.93,0.67,246.89
Ambarampalayam,1978,50.77,1.8,655.68
Ambarampalayam,1979,44.43,2.37,862.35
Ambarampalayam,1980,45.59,1.73,631.65
Ambarampalayam,1985,33.61,1.2,438.39
Ambarampalayam,1986,29.95,1.2,438.89
Ambarampalayam,1987,59.23,2.36,861.57
Ambarampalayam,1989,40.97,1.77,647.7
Ambarampalayam,1990,61.08,1.28,467.32
Ambarampalayam,1992,43.96,1.8,655.26
Ambarampalayam,1995,37.13,1.18,431.79
Ambarampalayam,1999,61.06,2.31,843.87
Ambarampalayam,2013,85.61,2.08,759.99
Ambarampalayam,2024,86.33,4.06,1487.41
Ambarampalayam,2025,64.42,4.09,1493.96
Ambasamudram,1907,83.4,2.43,888.64
Ambasamudram,1908,64.14,1.69,619.92
Ambasamudram,1909,92.94,2.91,1063.94
Ambasamudram,1910,70.67,2.86,1045.04
Ambasamudram,1911,86.63,1.87,682.3
Ambasamudram,1912,56.44,2.52,922.11
Ambasamudram,1915,67.3,2.96,1081.8
Ambasamudram,1917,61.11,2.42,882.6
Ambasamudram,1920,39.57,2.36,863.51
Ambasamudram,1921,56.04,2.12,774.4
Ambasamudram,1922,58.08,2.66,968.1
Ambasamudram,1923,54.27,1.61,588.94
Ambasamudram,1925,98.81,2.36,861.59
Ambasamudram,1926,52.67,2.1,765.31
Ambasamudram,1929,81.8,2.94,1072.93
Ambasamudram,1933,59.94,2.99,1090.0
Ambasamudram,1934,75.75,2.1,766.84
Ambasamudram,1943,56.42,2.95,1077.0
Ambasamudram,1945,88.98,2.76,1007.79
Ambasamudram,1946,44.2,2.77,1009.32
Ambasamudram,1948,60.39,2.15,788.49
Ambasamudram,1949,30.76,1.9,693.57
Ambasamudram,1954,41.92,2.54,926.55
Ambasamudram,1967,42.41,1.58,574.93
Ambasamudram,1968,43.48,1.7,621.04
Ambasamudram,1969,78.09,1.68,612.96
Ambasamudram,1970,59.11,1.99,726.72
Ambasamudram,1971,63.85,2.77,1011.02
Ambasamudram,1972,56.5,2.6,952.37
Ambasamudram,1973,56.03,2.49,905.35
Ambasamudram,1976,50.55,1.98,725.69
Ambasamudram,1978,88.24,2.43,887.24
Ambasamudram,1979,84.51,3.49,1274.42
Ambasamudram,1980,67.86,2.23,812.14
Ambasamudram,1985,44.04,1.68,611.77
Ambasamudram,1986,37.16,1.88,687.67
Ambasamudram,1987,66.27,3.11,1136.31
Ambasamudram,1989,80.38,2.68,977.1
Ambasamudram,1990,76.26,4.49,1639.65
Ambasamudram,1992,82.07,5.02,1834.01
Ambasamudram,1995,61.72,4.13,1506.9
Ambasamudram,1999,56.84,4.11,1500.4
Ambasamudram,2013,52.9,1.92,701.25
Ambasamudram,2024,72.7,2.93,1072.66
Ambasamudram,2025,61.55,2.44,891.32
Anantharam,1907,55.77,2.19,800.5
Anantharam,1908,62.35,2.76,1010.16
Anantharam,1909,38.24,1.85,675.16
Anantharam,1910,56.77,2.6,950.67
Anantharam,1911,32.19,1.41,516.26
Anantharam,1912,32.96,1.86,680.72
Anantharam,1915,74.33,3.04,1107.87
Anantharam,1917,66.6,3.11,1136.31
Anantharam,1920,43.16,1.32,481.95
Anantharam,1921,68.59,2.47,900.49
Anantharam,1922,41.89,2.3,839.02
Anantharam,1923,47.61,1.94,707.89
Anantharam,1925,61.24,3.08,1122.44
Anantharam,1926,45.25,1.77,644.96
Anantharam,1929,49.94,2.13,776.24
Anantharam,1933,61.12,2.75,1004.77
Anantharam,1934,35.51,1.94,709.56
Anantharam,1943,31.65,1.98,723.98
Anantharam,1945,67.01,2.19,800.88
Anantharam,1946,33.17,1.73,632.53
Anantharam,1948,36.86,1.74,635.65
Anantharam,1949,49.88,2.13,776.75
Anantharam,1954,45.26,1.91,696.95
Anantharam,1967,52.96,1.92,700.9
Anantharam,1968,44.83,1.84,674.07
Anantharam,1969,37.23,2.27,829.32
Anantharam,1970,37.43,2.12,773.63
Anantharam,1971,27.75,1.8,655.89
Anantharam,1972,36.26,1.59,582.44
Anantharam,1973,53.71,2.41,880.6
Anantharam,1976,68.93,2.01,735.38
Anantharam,1978,60.83,3.08,1124.75
Anantharam,1979,37.83,1.98,723.44
Anantharam,1980,46.55,1.77,649.55
Anantharam,1985,48.66,1.73,633.15
Anantharam,1986,48.79,2.0,728.46
Anantharam,1987,65.26,2.22,808.9
Anantharam,1989,80.24,2.59,943.62
Anantharam,1990,54.98,2.73,996.46
Anantharam,1992,31.55,1.72,630.82
Anantharam,1995,59.6,2.4,876.79
Anantharam,1999,69.58,1.76,643.91
Anantharam,2013,89.16,2.73,996.18
Anantharam,2024,80.12,2.8,1024.1
Anantharam,2025,63.83,3.04,1106.27
Anantwadi,1907,73.7,2.6,948.39
Anantwadi,1908,65.03,2.6,951.67
Anantwadi,1909,65.15,2.17,792.7
Anantwadi,1910,74.93,3.25,1187.98
Anantwadi,1911,57.44,1.76,642.57
Anantwadi,1912,70.61,2.06,754.69
Anantwadi,1915,70.26,3.07,1120.51
Anantwadi,1917,91.67,3.62,1322.64
Anantwadi,1920,46.1,1.12,411.26
Anantwadi,1921,59.29,2.72,989.87
Anantwadi,1922,80.77,2.7,985.28
Anantwadi,1923,56.88,2.43,886.85
Anantwadi,1925,75.92,2.27,829.1
Anantwadi,1926,56.31,2.64,964.06
Anantwadi,1929,52.26,1.81,662.36
Anantwadi,1933,48.1,3.59,1311.23
Anantwadi,1934,68.87,2.98,1087.21
Anantwadi,1943,63.15,2.05,747.13
Anantwadi,1945,74.17,2.82,1027.53
Anantwadi,1946,77.71,2.49,905.34
Anantwadi,1948,57.05,3.27,1197.62
Anantwadi,1949,74.18,3.21,1171.33
Anantwadi,1954,65.02,2.86,1042.79
Anantwadi,1967,64.55,2.26,823.78
Anantwadi,1968,44.83,2.12,776.34
Anantwadi,1969,67.09,2.35,856.71
Anantwadi,1970,79.92,3.09,1127.37
Anantwadi,1971,45.3,1.77,644.94
Anantwadi,1972,51.42,1.69,617.59
Anantwadi,1973,73.9,2.98,1089.26
Anantwadi,1976,61.19,2.36,863.09
Anantwadi,1978,75.81,2.73,996.08
Anantwadi,1979,65.87,2.03,741.47
Anantwadi,1980,51.16,2.66,973.63
Anantwadi,1985,45.38,1.92,700.67
Anantwadi,1986,68.85,2.05,748.63
Anantwadi,1987,39.82,1.91,698.84
Anantwadi,1989,75.84,2.81,1025.01
Anantwadi,1990,91.65,3.9,1421.72
Anantwadi,1992,89.04,2.5,914.56
Anantwadi,1995,86.36,2.95,1077.81
Anantwadi,1999,74.77,3.14,1144.45
Anantwadi,2013,79.37,3.53,1289.95
Anantwadi,2024,83.67,3.01,1100.26
Anantwadi,2025,66.74,3.13,1143.25
Ankushapur,1907,80.49,2.6,947.95
Ankushapur,1908,70.84,3.01,1101.39
Ankushapur,1909,55.38,2.01,732.34
Ankushapur,1910,68.64,2.8,1022.81
Ankushapur,1911,46.66,1.6,584.71
Ankushapur,1912,47.98,2.18,797.41
Ankushapur,1915,71.48,2.9,1059.15
Ankushapur,1917,81.94,3.9,1423.33
Ankushapur,1920,37.51,1.18,431.54
Ankushapur,1921,94.03,3.09,1127.33
Ankushapur,1922,61.1,2.75,1004.52
Ankushapur,1923,70.56,2.41,878.17
Ankushapur,1925,85.16,3.74,1366.6
Ankushapur,1926,54.79,2.28,830.4
Ankushapur,1929,57.42,2.44,891.27
Ankushapur,1933,73.38,3.52,1284.26
Ankushapur,1934,52.03,2.63,960.97
Ankushapur,1943,51.64,2.54,927.64
Ankushapur,1945,71.62,2.98,1088.66
Ankushapur,1946,77.4,2.38,869.65
Ankushapur,1948,62.93,2.61,956.08
Ankushapur,1949,77.64,3.4,1242.66
Ankushapur,1954,55.35,2.64,963.94
Ankushapur,1967,67.96,2.96,1081.44
Ankushapur,1968,72.72,2.23,815.03
Ankushapur,1969,58.23,3.37,1229.56
Ankushapur,1970,43.35,2.66,972.53
Ankushapur,1971,56.64,2.35,856.86
Ankushapur,1972,47.45,1.89,692.13
Ankushapur,1973,53.61,2.56,934.0
Ankushapur,1976,45.14,2.43,886.05
Ankushapur,1978,79.3,3.73,1363.01
Ankushapur,1979,62.54,1.96,716.62
Ankushapur,1980,49.68,2.37,868.42
Ankushapur,1985,41.05,1.92,702.21
Ankushapur,1986,91.77,2.66,970.35
Ankushapur,1987,97.33,2.87,1048.95
Ankushapur,1989,82.81,2.95,1075.11
Ankushapur,1990,46.73,3.16,1153.45
Ankushapur,1992,60.89,2.29,838.63
Ankushapur,1995,73.01,3.46,1261.5
Ankushapur,1999,59.11,2.88,1049.98
Ankushapur,2013,91.5,3.85,1406.23
Ankushapur,2024,61.76,3.65,1336.66
Ankushapur,2025,75.06,4.17,1523.47
Arangali,1907,67.2,4.33,1581.57
Arangali,1908,65.11,3.26,1193.07
Arangali,1909,86.89,3.57,1301.36
Arangali,1910,43.44,2.95,1076.76
Arangali,1911,87.54,3.33,1215.61
Arangali,1912,58.23,3.53,1290.37
Arangali,1915,60.59,3.5,1276.65
Arangali,1917,72.73,3.17,1157.31
Arangali,1920,89.55,3.21,1174.41
Arangali,1921,72.23,3.48,1269.33
Arangali,1922,51.0,4.04,1475.57
Arangali,1923,69.12,3.56,1300.55
Arangali,1925,55.28,4.99,1821.17
Arangali,1926,94.0,6.82,2453.8
Arangali,1929,62.7,8.14,2947.82
Arangali,1933,77.08,11.41,4141.52
Arangali,1934,92.21,6.6,2408.67
Arangali,1943,95.28,8.62,3130.72
Arangali,1945,57.85,2.13,778.69
Arangali,1946,98.66,10.65,3875.04
Arangali,1948,92.7,10.53,3810.35
Arangali,1949,92.15,8.16,2969.93
Arangali,1954,84.94,7.95,2902.58
Arangali,1967,92.33,6.15,2246.27
Arangali,1968,92.96,8.27,3018.25
Arangali,1969,84.01,6.75,2455.54
Arangali,1970,65.66,6.98,2546.07
Arangali,1971,90.62,7.07,2579.31
Arangali,1972,52.89,3.66,1338.6
Arangali,1973,94.74,6.13,2219.39
Arangali,1976,90.93,4.8,1757.76
Arangali,1978,84.98,7.41,2698.97
Arangali,1979,97.79,9.33,3405.98
Arangali,1980,92.8,9.89,3609.03
Arangali,1985,74.12,7.4,2677.11
Arangali,1986,80.12,6.23,2250.05
Arangali,1987,80.46,6.23,2273.33
Arangali,1989,98.02,7.87,2849.11
Arangali,1990,75.12,7.08,2583.7
Arangali,1992,71.92,5.84,2131.03
Arangali,1995,46.14,4.14,1511.27
Arangali,1999,71.2,5.36,1957.85
Arangali,2013,94.66,5.79,2111.63
Arangali,2024,76.51,5.83,2123.09
Arangali,2025,91.34,6.71,2449.33
Arkkannur,1907,88.4,7.86,2846.39
Arkkannur,1908,64.86,4.81,1761.15
Arkkannur,1909,95.05,6.44,2330.84
Arkkannur,1910,85.6,6.33,2302.66
Arkkannur,1911,89.95,6.27,2289.98
Arkkannur,1912,98.37,7.48,2730.3
Arkkannur,1915,97.43,6.55,2377.96
Arkkannur,1917,79.02,4.72,1716.72
Arkkannur,1920,90.4,7.88,2883.73
Arkkannur,1921,95.49,5.31,1932.52
Arkkannur,1922,75.02,6.94,2527.26
Arkkannur,1923,92.45,7.48,2701.8
Arkkannur,1925,66.43,5.7,2069.58
Arkkannur,1926,86.74,6.48,2358.53
Arkkannur,1929,92.18,8.04,2926.19
Arkkannur,1933,88.04,8.13,2958.65
Arkkannur,1934,77.93,4.62,1686.72
Arkkannur,1943,96.47,8.37,3046.25
Arkkannur,1945,86.88,5.35,1947.89
Arkkannur,1946,70.59,6.71,2441.47
Arkkannur,1948,79.25,5.7,2078.96
Arkkannur,1949,68.09,3.69,1347.74
Arkkannur,1954,98.59,6.08,2211.38
Arkkannur,1967,96.14,6.83,2479.09
Arkkannur,1968,80.44,6.81,2486.16
Arkkannur,1969,66.06,4.74,1729.41
Arkkannur,1970,90.21,6.26,2277.1
Arkkannur,1971,77.74,6.71,2449.21
Arkkannur,1972,96.71,6.2,2268.7
Arkkannur,1973,88.8,6.02,2196.33
Arkkannur,1976,91.71,4.99,1824.94
Arkkannur,1978,76.61,6.0,2183.35
Arkkannur,1979,77.16,6.04,2187.1
Arkkannur,1980,57.4,3.44,1258.09
Arkkannur,1985,45.82,2.09,763.78
Arkkannur,1986,78.69,2.14,779.5
Arkkannur,1987,50.86,2.4,875.54
Arkkannur,1989,46.97,2.72,994.38
Arkkannur,1990,84.28,5.94,2166.44
Arkkannur,1992,91.68,6.41,2334.56
Arkkannur,1995,88.68,6.85,2500.49
Arkkannur,1999,88.1,5.76,2078.91
Arkkannur,2013,93.38,7.36,2687.98
Arkkannur,2024,69.31,4.86,1767.32
Arkkannur,2025,77.31,6.07,2214.99
Arni,1907,75.28,2.42,882.48
Arni,1908,76.61,2.93,1072.84
Arni,1909,83.28,2.34,853.86
Arni,1910,93.65,3.07,1122.27
Arni,1911,96.48,1.67,609.4
Arni,1912,88.44,1.86,679.29
Arni,1915,59.73,2.45,892.52
Arni,1917,83.68,3.41,1245.22
Arni,1920,34.07,1.12,410.48
Arni,1921,70.19,2.47,899.57
Arni,1922,91.94,2.5,909.21
Arni,1923,40.14,1.94,709.03
Arni,1925,66.73,1.96,716.62
Arni,1926,79.31,2.73,995.46
Arni,1929,66.55,1.72,628.6
Arni,1933,81.87,3.56,1297.77
Arni,1934,61.19,3.08,1125.9
Arni,1943,72.1,2.05,748.09
Arni,1945,84.31,2.58,943.39
Arni,1946,58.11,2.53,917.49
Arni,1948,72.27,2.86,1047.19
Arni,1949,82.11,3.11,1130.44
Arni,1954,80.94,2.39,871.14
Arni,1967,44.19,2.0,729.8
Arni,1968,44.11,1.96,717.44
Arni,1969,65.41,2.52,919.84
Arni,1970,74.38,3.38,1233.09
Arni,1971,55.57,1.98,722.53
Arni,1972,81.99,1.47,538.1
Arni,1973,71.76,2.76,1007.85
Arni,1976,56.63,2.27,831.23
Arni,1978,47.81,2.54,927.78
Arni,1979,50.28,1.89,689.49
Arni,1980,65.01,2.68,980.21
Arni,1985,63.85,1.91,695.44
Arni,1986,54.79,1.7,622.02
Arni,1987,60.41,1.53,559.82
Arni,1989,62.38,2.22,810.96
Arni,1990,97.87,3.03,1103.94
Arni,1992,91.25,2.42,883.97
Arni,1995,67.82,2.25,820.38
Arni,1999,65.13,2.74,997.59
Arni,2013,77.17,3.14,1142.76
Arni,2024,61.23,3.12,1140.37
Arni,2025,67.18,3.16,1153.11
Aruvipuram,1907,60.06,2.52,918.9
Aruvipuram,1908,56.72,1.97,719.55
Aruvipuram,1909,48.96,1.93,702.99
Aruvipuram,1910,46.21,1.75,637.84
Aruvipuram,1911,39.69,2.13,779.13
Aruvipuram,1912,71.5,2.59,945.61
Aruvipuram,1915,67.15,2.62,957.79
Aruvipuram,1917,80.87,4.24,1545.85
Aruvipuram,1920,94.91,6.25,2280.21
Aruvipuram,1921,65.0,4.26,1553.67
Aruvipuram,1922,66.63,5.09,1852.12
Aruvipuram,1923,98.03,6.68,2439.42
Aruvipuram,1925,96.89,5.39,1956.48
Aruvipuram,1926,83.66,5.67,2069.13
Aruvipuram,1929,79.39,6.48,2365.96
Aruvipuram,1933,88.18,7.13,2575.51
Aruvipuram,1934,73.19,3.77,1376.62
Aruvipuram,1943,80.29,5.32,1936.3
Aruvipuram,1945,67.28,4.09,1488.68
Aruvipuram,1946,76.02,4.67,1701.41
Aruvipuram,1948,60.96,4.72,1724.2
Aruvipuram,1949,85.47,2.8,1021.41
Aruvipuram,1954,57.85,3.2,1169.19
Aruvipuram,1967,61.38,5.1,1855.47
Aruvipuram,1968,76.93,6.16,2252.76
Aruvipuram,1969,93.77,5.49,2002.81
Aruvipuram,1970,61.59,4.76,1729.21
Aruvipuram,1971,82.05,6.73,2442.93
Aruvipuram,1972,94.46,5.47,1990.22
Aruvipuram,1973,97.52,4.85,1770.95
Aruvipuram,1976,61.72,4.64,1696.61
Aruvipuram,1978,98.64,5.08,1853.85
Aruvipuram,1979,58.41,4.82,1760.72
Aruvipuram,1980,48.65,4.36,1595.28
Aruvipuram,1985,74.49,3.61,1317.35
Aruvipuram,1986,37.34,2.66,972.34
Aruvipuram,1987,83.56,4.36,1591.87
Aruvipuram,1989,69.42,3.92,1432.07
Aruvipuram,1990,82.09,4.41,1604.32
Aruvipuram,1992,73.35,4.1,1491.38
Aruvipuram,1995,49.28,3.74,1365.11
Aruvipuram,1999,42.77,4.67,1703.74
Aruvipuram,2013,75.13,3.22,1171.01
Aruvipuram,2024,60.32,3.54,1291.66
Aruvipuram,2025,63.48,4.02,1468.03
Asegaon,1907,66.84,1.77,646.34
Asegaon,1908,87.32,2.82,1032.84
Asegaon,1909,47.42,2.05,749.99
Asegaon,1910,96.78,3.82,1390.69
Asegaon,1911,44.19,1.61,589.23
Asegaon,1912,63.96,2.0,733.55
Asegaon,1915,92.26,3.64,1329.6
Asegaon,1917,97.64,3.27,1193.0
Asegaon,1920,67.34,0.77,281.17
Asegaon,1921,64.64,1.52,555.76
Asegaon,1922,78.69,2.49,909.45
Asegaon,1923,65.12,1.56,565.72
Asegaon,1925,74.65,1.8,658.27
Asegaon,1926,61.38,2.0,730.5
Asegaon,1929,84.24,1.64,599.05
Asegaon,1933,71.12,3.4,1241.48
Asegaon,1934,96.06,3.04,1107.93
Asegaon,1943,89.92,2.54,926.3
Asegaon,1945,97.11,1.88,684.86
Asegaon,1946,70.92,2.65,967.07
Asegaon,1948,59.91,3.06,1121.19
Asegaon,1949,53.48,2.64,962.66
Asegaon,1954,76.45,2.15,782.89
Asegaon,1967,64.81,2.59,944.88
Asegaon,1968,45.52,2.03,741.71
Asegaon,1969,74.19,2.45,893.05
Asegaon,1970,63.8,2.78,1013.41
Asegaon,1971,47.36,1.46,530.24
Asegaon,1972,49.73,1.32,483.91
Asegaon,1973,96.93,2.65,963.4
Asegaon,1976,90.96,1.66,604.62
Asegaon,1978,63.57,2.01,732.76
Asegaon,1979,95.25,2.12,770.85
Asegaon,1980,94.73,2.83,1036.19
Asegaon,1985,66.11,1.91,696.3
Asegaon,1986,79.86,1.81,662.46
Asegaon,1987,61.87,2.51,917.3
Asegaon,1989,81.93,2.59,938.82
Asegaon,1990,90.0,4.2,1534.18
Asegaon,1992,93.71,2.04,744.75
Asegaon,1995,37.71,2.21,805.83
Asegaon,1999,89.96,2.8,1022.26
Asegaon,2013,59.9,3.21,1171.85
Asegaon,2024,58.43,2.26,823.98
Asegaon,2025,80.07,3.34,1214.66
Atreyapuram__gauthami_,1907,76.24,2.88,1052.58
Atreyapuram__gauthami_,1908,44.67,2.92,1069.7
Atreyapuram__gauthami_,1909,44.07,3.03,1107.63
Atreyapuram__gauthami_,1910,48.11,4.7,1715.8
Atreyapuram__gauthami_,1911,69.24,2.99,1092.92
Atreyapuram__gauthami_,1912,48.46,3.06,1118.46
Atreyapuram__gauthami_,1915,58.39,3.46,1264.31
Atreyapuram__gauthami_,1917,62.4,4.33,1579.03
Atreyapuram__gauthami_,1920,77.55,2.13,778.55
Atreyapuram__gauthami_,1921,42.63,2.87,1047.96
Atreyapuram__gauthami_,1922,38.14,2.37,864.16
Atreyapuram__gauthami_,1923,87.16,3.58,1306.88
Atreyapuram__gauthami_,1925,63.54,3.77,1375.48
Atreyapuram__gauthami_,1926,45.56,2.83,1034.08
Atreyapuram__gauthami_,1929,35.32,2.35,857.54
Atreyapuram__gauthami_,1933,84.39,3.13,1142.58
Atreyapuram__gauthami_,1934,53.75,2.62,957.7
Atreyapuram__gauthami_,1943,48.67,2.46,898.61
Atreyapuram__gauthami_,1945,50.31,2.62,954.99
Atreyapuram__gauthami_,1946,44.88,2.61,952.15
Atreyapuram__gauthami_,1948,51.18,2.76,1010.64
Atreyapuram__gauthami_,1949,70.43,3.82,1394.52
Atreyapuram__gauthami_,1954,66.57,3.65,1332.57
Atreyapuram__gauthami_,1967,42.27,2.58,943.09
Atreyapuram__gauthami_,1968,56.86,2.35,859.23
Atreyapuram__gauthami_,1969,71.02,3.65,1332.29
Atreyapuram__gauthami_,1970,63.05,3.51,1279.57
Atreyapuram__gauthami_,1971,49.33,3.07,1120.67
Atreyapuram__gauthami_,1972,98.93,3.29,1203.32
Atreyapuram__gauthami_,1973,44.44,2.5,913.78
Atreyapuram__gauthami_,1976,83.66,3.51,1285.49
Atreyapuram__gauthami_,1978,74.56,3.01,1097.75
Atreyapuram__gauthami_,1979,66.41,2.61,951.45
Atreyapuram__gauthami_,1980,52.97,3.08,1126.86
Atreyapuram__gauthami_,1985,75.19,2.82,1028.38
Atreyapuram__gauthami_,1986,65.79,2.88,1049.74
Atreyapuram__gauthami_,1987,61.01,3.4,1241.59
Atreyapuram__gauthami_,1989,56.75,2.8,1019.06
Atreyapuram__gauthami_,1990,73.54,3.59,1302.94
Atreyapuram__gauthami_,1992,42.3,2.78,1019.18
Atreyapuram__gauthami_,1995,62.65,3.52,1284.95
Atreyapuram__gauthami_,1999,43.05,2.77,1010.11
Atreyapuram__gauthami_,2013,64.39,2.77,1010.78
Atreyapuram__gauthami_,2024,88.66,3.61,1322.88
Atreyapuram__gauthami_,2025,62.11,3.47,1265.01
Ayoor,1907,88.4,7.86,2846.39
Ayoor,1908,64.86,4.81,1761.15
Ayoor,1909,95.05,6.44,2330.84
Ayoor,1910,85.6,6.33,2302.66
Ayoor,1911,89.95,6.27,2289.98
Ayoor,1912,98.37,7.48,2730.3
Ayoor,1915,97.43,6.55,2377.96
Ayoor,1917,79.02,4.72,1716.72
Ayoor,1920,90.4,7.88,2883.73
Ayoor,1921,95.49,5.31,1932.52
Ayoor,1922,75.02,6.94,2527.26
Ayoor,1923,92.45,7.48,2701.8
Ayoor,1925,66.43,5.7,2069.58
Ayoor,1926,86.74,6.48,2358.53
Ayoor,1929,92.18,8.04,2926.19
Ayoor,1933,88.04,8.13,2958.65
Ayoor,1934,77.93,4.62,1686.72
Ayoor,1943,96.47,8.37,3046.25
Ayoor,1945,86.88,5.35,1947.89
Ayoor,1946,70.59,6.71,2441.47
Ayoor,1948,79.25,5.7,2078.96
Ayoor,1949,68.09,3.69,1347.74
Ayoor,1954,98.59,6.08,2211.38
Ayoor,1967,96.14,6.83,2479.09
Ayoor,1968,80.44,6.81,2486.16
Ayoor,1969,66.06,4.74,1729.41
Ayoor,1970,90.21,6.26,2277.1
Ayoor,1971,77.74,6.71,2449.21
Ayoor,1972,96.71,6.2,2268.7
Ayoor,1973,88.8,6.02,2196.33
Ayoor,1976,91.71,4.99,1824.94
Ayoor,1978,76.61,6.0,2183.35
Ayoor,1979,77.16,6.04,2187.1
Ayoor,1980,57.4,3.44,1258.09
Ayoor,1985,45.82,2.09,763.78
Ayoor,1986,78.69,2.14,779.5
Ayoor,1987,50.86,2.4,875.54
Ayoor,1989,46.97,2.72,994.38
Ayoor,1990,84.28,5.94,2166.44
Ayoor,1992,91.68,6.41,2334.56
Ayoor,1995,88.68,6.85,2500.49
Ayoor,1999,88.1,5.76,2078.91
Ayoor,2013,93.38,7.36,2687.98
Ayoor,2024,69.31,4.86,1767.32
Ayoor,2025,77.31,6.07,2214.99
Balasamudram,1907,32.15,2.51,915.09
Balasamudram,1908,50.91,2.74,1002.46
Balasamudram,1909,67.14,3.3,1206.13
Balasamudram,1910,50.97,3.34,1220.2
Balasamudram,1911,53.34,2.61,953.1
Balasamudram,1912,53.78,2.73,999.87
Balasamudram,1915,35.34,2.97,1085.07
Balasamudram,1917,40.02,3.03,1106.53
Balasamudram,1920,59.57,3.17,1161.48
Balasamudram,1921,42.42,3.14,1142.36
Balasamudram,1922,67.21,3.61,1315.77
Balasamudram,1923,85.97,2.63,960.7
Balasamudram,1925,82.99,3.3,1203.01
Balasamudram,1926,48.98,2.55,929.99
Balasamudram,1929,46.03,3.33,1214.75
Balasamudram,1933,62.89,3.63,1323.21
Balasamudram,1934,70.24,2.39,873.79
Balasamudram,1943,92.31,3.08,1124.1
Balasamudram,1945,49.9,2.35,857.47
Balasamudram,1946,62.06,3.67,1339.74
Balasamudram,1948,96.76,2.99,1096.1
Balasamudram,1949,28.79,2.43,886.9
Balasamudram,1954,30.86,2.59,945.23
Balasamudram,1967,48.28,2.32,848.44
Balasamudram,1968,36.56,2.67,977.68
Balasamudram,1969,36.84,2.49,909.93
Balasamudram,1970,38.3,2.73,994.97
Balasamudram,1971,79.09,3.58,1306.51
Balasamudram,1972,63.45,3.28,1200.11
Balasamudram,1973,53.17,2.31,844.85
Balasamudram,1976,30.94,2.0,732.57
Balasamudram,1978,79.65,2.51,916.16
Balasamudram,1979,98.81,3.77,1375.67
Balasamudram,1980,49.49,2.32,849.91
Balasamudram,1985,51.91,2.11,771.95
Balasamudram,1986,56.75,2.08,760.19
Balasamudram,1987,78.46,3.65,1332.57
Balasamudram,1989,57.17,2.6,949.12
Balasamudram,1990,90.0,2.94,1068.43
Balasamudram,1992,63.0,1.9,693.4
Balasamudram,1995,83.0,3.38,1227.0
Balasamudram,1999,90.0,3.16,1148.86
Balasamudram,2013,46.71,2.27,828.52
Balasamudram,2024,27.73,2.02,738.32
Balasamudram,2025,17.46,1.53,556.94
Bamnia,1907,38.66,1.39,506.54
Bamnia,1908,31.54,1.89,689.99
Bamnia,1909,71.07,2.1,766.85
Bamnia,1910,81.4,2.71,990.47
Bamnia,1911,39.48,1.1,403.29
Bamnia,1912,47.4,2.17,793.33
Bamnia,1915,42.79,1.59,579.45
Bamnia,1917,45.2,2.81,1026.15
Bamnia,1920,53.19,1.94,710.07
Bamnia,1921,89.89,2.56,935.36
Bamnia,1922,82.59,2.1,766.91
Bamnia,1923,74.93,2.2,801.7
Bamnia,1925,32.13,1.37,501.76
Bamnia,1926,37.73,1.56,567.7
Bamnia,1929,65.32,1.51,552.75
Bamnia,1933,93.36,2.81,1019.43
Bamnia,1934,79.22,2.6,947.42
Bamnia,1943,79.69,2.11,770.47
Bamnia,1945,76.33,2.78,1014.77
Bamnia,1946,95.86,3.37,1223.32
Bamnia,1948,55.96,2.37,866.55
Bamnia,1949,90.42,2.86,1043.63
Bamnia,1954,97.07,3.82,1395.58
Bamnia,1967,66.36,2.18,794.49
Bamnia,1968,54.64,1.54,563.64
Bamnia,1969,64.12,3.78,1380.57
Bamnia,1970,70.97,2.94,1072.1
Bamnia,1971,73.26,2.71,985.13
Bamnia,1972,70.33,1.6,583.33
Bamnia,1973,69.26,3.78,1380.28
Bamnia,1976,88.91,3.65,1334.41
Bamnia,1978,89.39,2.87,1041.94
Bamnia,1979,72.02,1.65,600.1
Bamnia,1980,87.41,2.34,852.41
Bamnia,1985,67.47,1.66,604.2
Bamnia,1986,98.4,2.08,758.01
Bamnia,1987,68.05,1.56,566.66
Bamnia,1989,41.79,2.19,799.33
Bamnia,1990,87.73,3.5,1267.4
Bamnia,1992,75.47,1.95,714.1
Bamnia,1995,91.59,2.8,1021.42
Bamnia,1999,46.18,1.44,526.12
Bamnia,2013,95.46,3.33,1210.13
Bamnia,2024,69.13,3.22,1179.62
Bamnia,2025,81.74,3.46,1261.21
Bamnidhi,1907,67.18,3.9,1423.26
Bamnidhi,1908,55.59,4.48,1638.86
Bamnidhi,1909,67.86,4.19,1529.19
Bamnidhi,1910,61.92,3.8,1388.38
Bamnidhi,1911,68.02,3.58,1306.11
Bamnidhi,1912,53.57,3.45,1261.31
Bamnidhi,1915,51.7,3.77,1375.08
Bamnidhi,1917,72.08,5.76,2103.69
Bamnidhi,1920,87.03,3.54,1295.34
Bamnidhi,1921,49.4,4.07,1485.38
Bamnidhi,1922,50.79,3.87,1412.08
Bamnidhi,1923,79.27,4.52,1648.13
Bamnidhi,1925,87.25,5.08,1853.05
Bamnidhi,1926,49.43,5.08,1855.11
Bamnidhi,1929,59.29,4.31,1573.69
Bamnidhi,1933,78.31,5.21,1900.52
Bamnidhi,1934,58.2,4.15,1513.0
Bamnidhi,1943,77.22,4.51,1645.83
Bamnidhi,1945,60.85,3.77,1377.53
Bamnidhi,1946,84.99,4.81,1757.4
Bamnidhi,1948,58.54,4.64,1697.39
Bamnidhi,1949,72.7,4.61,1682.64
Bamnidhi,1954,72.14,3.49,1273.18
Bamnidhi,1967,87.37,4.25,1549.56
Bamnidhi,1968,92.72,3.23,1183.03
Bamnidhi,1969,78.64,3.25,1185.32
Bamnidhi,1970,80.0,3.9,1421.76
Bamnidhi,1971,95.55,4.52,1648.18
Bamnidhi,1972,82.22,3.41,1248.17
Bamnidhi,1973,77.83,4.08,1489.72
Bamnidhi,1976,61.98,3.03,1110.57
Bamnidhi,1978,51.64,3.68,1341.7
Bamnidhi,1979,49.02,2.16,789.48
Bamnidhi,1980,67.89,4.23,1549.13
Bamnidhi,1985,76.79,4.03,1471.79
Bamnidhi,1986,66.67,3.8,1387.19
Bamnidhi,1987,64.45,3.52,1285.7
Bamnidhi,1989,70.39,3.06,1117.34
Bamnidhi,1990,63.36,4.08,1487.66
Bamnidhi,1992,54.55,2.94,1076.82
Bamnidhi,1995,57.07,2.84,1036.82
Bamnidhi,1999,70.04,4.03,1472.7
Bamnidhi,2013,62.14,3.24,1182.36
Bamnidhi,2024,54.71,3.59,1312.63
Bamnidhi,2025,65.69,3.32,1210.51
Bamrul,1907,37.31,1.35,494.48
Bamrul,1908,65.36,1.8,658.52
Bamrul,1909,54.3,1.73,631.64
Bamrul,1910,73.0,2.33,849.0
Bamrul,1911,45.45,1.47,537.53
Bamrul,1912,86.08,1.43,524.46
Bamrul,1915,73.54,2.39,872.45
Bamrul,1917,93.65,2.65,967.52
Bamrul,1920,62.44,1.26,460.57
Bamrul,1921,83.24,2.16,789.45
Bamrul,1922,61.91,2.26,825.64
Bamrul,1923,62.77,1.39,508.2
Bamrul,1925,48.33,1.57,573.25
Bamrul,1926,52.41,1.62,590.9
Bamrul,1929,69.01,1.68,614.27
Bamrul,1933,77.06,2.45,892.95
Bamrul,1934,87.35,2.73,996.93
Bamrul,1943,67.74,2.24,816.5
Bamrul,1945,32.31,1.4,510.48
Bamrul,1946,96.44,2.41,876.92
Bamrul,1948,82.89,2.49,909.98
Bamrul,1949,96.61,2.46,894.43
Bamrul,1954,88.33,2.39,869.99
Bamrul,1967,74.01,1.9,694.45
Bamrul,1968,92.77,2.04,745.43
Bamrul,1969,68.24,2.65,963.01
Bamrul,1970,93.71,2.63,958.58
Bamrul,1971,58.21,1.23,448.06
Bamrul,1972,41.04,1.34,490.15
Bamrul,1973,91.25,2.86,1043.62
Bamrul,1976,45.3,1.94,708.88
Bamrul,1978,42.55,1.43,522.68
Bamrul,1979,72.34,2.07,757.35
Bamrul,1980,51.82,1.76,643.93
Bamrul,1985,70.69,1.24,452.41
Bamrul,1986,42.45,1.0,362.79
Bamrul,1987,60.36,2.22,809.6
Bamrul,1989,74.74,2.12,771.63
Bamrul,1990,71.15,2.0,728.46
Bamrul,1992,68.55,1.84,671.81
Bamrul,1995,41.3,1.75,639.15
Bamrul,1999,55.13,1.63,594.61
Bamrul,2013,61.49,2.43,886.6
Bamrul,2024,77.17,2.81,1028.54
Bamrul,2025,78.46,2.75,999.26
Baronda,1907,83.23,3.89,1420.26
Baronda,1908,60.48,3.56,1302.61
Baronda,1909,70.52,3.51,1279.34
Baronda,1910,93.5,4.24,1546.41
Baronda,1911,82.88,4.01,1456.11
Baronda,1912,56.37,3.33,1217.73
Baronda,1915,64.31,3.32,1209.35
Baronda,1917,78.9,4.59,1675.95
Baronda,1920,73.92,2.67,977.72
Baronda,1921,88.47,3.68,1342.16
Baronda,1922,73.14,3.47,1265.6
Baronda,1923,39.32,2.61,953.96
Baronda,1925,81.68,4.63,1688.96
Baronda,1926,89.32,4.24,1548.53
Baronda,1929,83.24,4.4,1606.15
Baronda,1933,92.44,4.23,1544.69
Baronda,1934,86.29,4.31,1573.09
Baronda,1943,85.05,4.44,1619.95
Baronda,1945,64.87,4.05,1478.57
Baronda,1946,60.07,3.56,1297.96
Baronda,1948,60.0,3.51,1281.71
Baronda,1949,62.1,4.05,1478.55
Baronda,1954,74.02,2.96,1079.01
Baronda,1967,76.65,4.23,1545.1
Baronda,1968,71.56,3.33,1218.07
Baronda,1969,74.84,3.2,1168.83
Baronda,1970,73.19,3.95,1441.99
Baronda,1971,79.63,3.24,1180.94
Baronda,1972,76.82,2.98,1088.93
Baronda,1973,98.06,3.67,1340.67
Baronda,1976,76.52,3.49,1275.73
Baronda,1978,42.83,2.87,1047.58
Baronda,1979,72.68,2.63,959.69
Baronda,1980,58.62,3.81,1395.19
Baronda,1985,61.92,3.77,1377.12
Baronda,1986,76.42,2.89,1054.55
Baronda,1987,57.19,2.77,1010.43
Baronda,1989,66.01,2.73,997.5
Baronda,1990,64.55,4.95,1806.39
Baronda,1992,70.21,3.55,1300.44
Baronda,1995,63.19,3.21,1171.75
Baronda,1999,75.61,2.95,1075.25
Baronda,2013,78.51,3.9,1424.53
Baronda,2024,56.68,3.52,1289.61
Baronda,2025,72.63,4.08,1490.89
Bayyaram,1907,64.19,2.58,939.93
Bayyaram,1908,96.27,3.11,1138.62
Bayyaram,1909,49.63,2.15,786.13
Bayyaram,1910,55.0,3.08,1123.08
Bayyaram,1911,48.97,2.03,739.17
Bayyaram,1912,40.34,2.36,862.58
Bayyaram,1915,91.28,3.54,1292.67
Bayyaram,1917,70.08,5.02,1831.63
Bayyaram,1920,44.62,1.56,571.86
Bayyaram,1921,92.06,3.53,1288.85
Bayyaram,1922,62.37,3.33,1216.41
Bayyaram,1923,95.33,2.71,988.62
Bayyaram,1925,97.28,3.54,1289.78
Bayyaram,1926,57.34,2.91,1063.85
Bayyaram,1929,47.38,2.71,990.11
Bayyaram,1933,89.86,3.79,1383.92
Bayyaram,1934,61.89,2.83,1034.46
Bayyaram,1943,42.25,2.59,944.25
Bayyaram,1945,55.88,3.07,1119.44
Bayyaram,1946,72.06,2.58,942.19
Bayyaram,1948,50.15,2.69,985.19
Bayyaram,1949,59.47,3.12,1138.74
Bayyaram,1954,69.26,2.82,1030.49
Bayyaram,1967,58.92,3.05,1114.27
Bayyaram,1968,50.38,2.22,811.55
Bayyaram,1969,87.73,3.3,1202.97
Bayyaram,1970,62.75,2.85,1040.02
Bayyaram,1971,52.69,2.72,991.96
Bayyaram,1972,51.39,1.79,654.91
Bayyaram,1973,59.53,2.59,943.91
Bayyaram,1976,50.3,3.09,1128.37
Bayyaram,1978,73.78,3.84,1402.09
Bayyaram,1979,38.84,1.84,672.49
Bayyaram,1980,55.67,3.01,1102.06
Bayyaram,1985,65.6,2.2,804.39
Bayyaram,1986,89.88,2.45,893.11
Bayyaram,1987,62.74,2.73,992.95
Bayyaram,1989,92.3,3.52,1284.14
Bayyaram,1990,58.07,3.61,1318.92
Bayyaram,1992,55.75,2.52,921.25
Bayyaram,1995,72.22,3.16,1154.43
Bayyaram,1999,60.46,3.02,1101.32
Bayyaram,2013,58.01,3.65,1333.98
Bayyaram,2024,63.79,3.86,1408.05
Bayyaram,2025,86.32,5.37,1960.53
Belkhedi,1907,53.25,2.54,925.94
Belkhedi,1908,88.2,3.78,1382.49
Belkhedi,1909,68.0,3.21,1170.78
Belkhedi,1910,94.22,3.64,1329.94
Belkhedi,1911,75.91,2.84,1036.2
Belkhedi,1912,70.85,2.87,1048.88
Belkhedi,1915,71.36,3.57,1303.25
Belkhedi,1917,61.36,4.03,1472.41
Belkhedi,1920,76.09,2.49,913.1
Belkhedi,1921,60.13,2.66,969.34
Belkhedi,1922,54.06,2.27,828.55
Belkhedi,1923,79.4,3.54,1290.28
Belkhedi,1925,88.64,3.19,1163.68
Belkhedi,1926,92.06,4.55,1660.14
Belkhedi,1929,93.61,3.61,1316.5
Belkhedi,1933,72.02,4.07,1476.65
Belkhedi,1934,66.54,3.87,1411.72
Belkhedi,1943,81.63,3.57,1298.56
Belkhedi,1945,91.88,3.89,1416.25
Belkhedi,1946,86.65,3.67,1341.19
Belkhedi,1948,85.86,3.93,1440.04
Belkhedi,1949,71.46,4.28,1561.73
Belkhedi,1954,80.27,3.1,1131.82
Belkhedi,1967,56.46,3.76,1372.17
Belkhedi,1968,65.2,2.66,974.23
Belkhedi,1969,79.86,2.87,1047.42
Belkhedi,1970,78.52,4.07,1481.54
Belkhedi,1971,69.22,3.93,1433.1
Belkhedi,1972,95.5,2.72,993.63
Belkhedi,1973,86.73,3.35,1218.43
Belkhedi,1976,52.84,2.58,945.06
Belkhedi,1978,73.51,2.91,1062.68
Belkhedi,1979,69.39,2.21,806.26
Belkhedi,1980,74.44,2.53,924.4
Belkhedi,1985,90.26,2.84,1034.78
Belkhedi,1986,73.19,2.89,1055.0
Belkhedi,1987,45.32,2.58,940.07
Belkhedi,1989,86.31,2.59,942.92
Belkhedi,1990,80.25,3.92,1431.26
Belkhedi,1992,68.77,2.6,949.27
Belkhedi,1995,54.24,2.43,887.88
Belkhedi,1999,81.47,3.52,1283.01
Belkhedi,2013,88.3,4.73,1727.29
Belkhedi,2024,84.57,4.29,1570.3
Belkhedi,2025,79.86,3.98,1451.17
Belkund_at_ghughra,1907,62.83,2.93,1068.65
Belkund_at_ghughra,1908,72.83,4.6,1678.59
Belkund_at_ghughra,1909,61.04,3.21,1171.14
Belkund_at_ghughra,1910,61.81,3.43,1252.04
Belkund_at_ghughra,1911,86.62,3.37,1228.47
Belkund_at_ghughra,1912,66.66,3.34,1223.8
Belkund_at_ghughra,1915,88.35,3.54,1283.23
Belkund_at_ghughra,1917,70.12,4.88,1780.89
Belkund_at_ghughra,1920,42.47,2.01,733.89
Belkund_at_ghughra,1921,63.36,3.4,1241.78
Belkund_at_ghughra,1922,75.08,3.83,1397.42
Belkund_at_ghughra,1923,81.97,4.1,1489.17
Belkund_at_ghughra,1925,72.94,4.16,1518.58
Belkund_at_ghughra,1926,98.81,4.36,1577.07
Belkund_at_ghughra,1929,79.57,3.26,1188.25
Belkund_at_ghughra,1933,89.09,2.96,1081.1
Belkund_at_ghughra,1934,84.98,3.99,1452.69
Belkund_at_ghughra,1943,80.26,3.96,1441.21
Belkund_at_ghughra,1945,61.8,3.28,1198.1
Belkund_at_ghughra,1946,67.08,3.81,1389.35
Belkund_at_ghughra,1948,80.96,3.94,1440.64
Belkund_at_ghughra,1949,40.12,3.22,1175.84
Belkund_at_ghughra,1954,85.57,2.81,1024.4
Belkund_at_ghughra,1967,75.55,3.95,1443.17
Belkund_at_ghughra,1968,53.19,2.25,823.09
Belkund_at_ghughra,1969,92.16,2.78,1009.85
Belkund_at_ghughra,1970,95.29,4.1,1490.87
Belkund_at_ghughra,1971,81.79,5.01,1823.75
Belkund_at_ghughra,1972,48.75,2.34,854.96
Belkund_at_ghughra,1973,67.57,3.15,1146.04
Belkund_at_ghughra,1976,73.77,2.76,1011.76
Belkund_at_ghughra,1978,64.97,3.92,1429.44
Belkund_at_ghughra,1979,53.2,1.54,563.74
Belkund_at_ghughra,1980,90.84,3.81,1395.83
Belkund_at_ghughra,1985,49.0,2.44,887.78
Belkund_at_ghughra,1986,33.86,2.07,755.27
Belkund_at_ghughra,1987,73.34,2.91,1061.22
Belkund_at_ghughra,1989,62.13,2.48,904.94
Belkund_at_ghughra,1990,70.18,4.31,1569.27
Belkund_at_ghughra,1992,92.69,2.79,1014.77
Belkund_at_ghughra,1995,82.11,3.25,1186.8
Belkund_at_ghughra,1999,83.05,4.02,1466.81
Belkund_at_ghughra,2013,76.99,3.67,1341.22
Belkund_at_ghughra,2024,84.68,2.22,807.61
Belkund_at_ghughra,2025,68.08,2.7,984.15
Bendrahalli,1907,28.99,1.98,721.05
Bendrahalli,1908,44.62,1.81,661.52
Bendrahalli,1909,50.06,2.29,837.2
Bendrahalli,1910,48.7,2.49,908.29
Bendrahalli,1911,56.61,2.1,764.68
Bendrahalli,1912,62.41,2.13,778.71
Bendrahalli,1915,42.21,2.53,922.88
Bendrahalli,1917,38.53,2.22,811.87
Bendrahalli,1920,72.53,2.23,816.02
Bendrahalli,1921,49.12,2.33,849.96
Bendrahalli,1922,34.18,2.11,771.92
Bendrahalli,1923,28.72,1.36,498.16
Bendrahalli,1925,33.75,1.91,697.1
Bendrahalli,1926,35.3,1.7,620.42
Bendrahalli,1929,33.95,2.09,763.89
Bendrahalli,1933,46.95,2.96,1080.58
Bendrahalli,1934,44.19,1.99,726.73
Bendrahalli,1943,41.05,2.09,764.02
Bendrahalli,1945,35.3,1.86,679.03
Bendrahalli,1946,56.49,2.59,944.31
Bendrahalli,1948,38.19,1.91,699.09
Bendrahalli,1949,90.28,2.04,743.87
Bendrahalli,1954,34.77,2.29,835.57
Bendrahalli,1967,34.74,1.42,519.05
Bendrahalli,1968,50.47,2.0,733.05
Bendrahalli,1969,49.94,2.84,1036.27
Bendrahalli,1970,39.97,2.01,732.07
Bendrahalli,1971,51.67,2.72,992.84
Bendrahalli,1972,73.77,3.13,1146.75
Bendrahalli,1973,38.41,2.16,788.02
Bendrahalli,1976,24.27,1.42,519.08
Bendrahalli,1978,51.37,2.09,763.5
Bendrahalli,1979,38.22,2.83,1033.38
Bendrahalli,1980,39.59,2.11,773.29
Bendrahalli,1985,75.85,2.99,1089.66
Bendrahalli,1986,51.24,2.77,1010.07
Bendrahalli,1987,56.09,2.79,1017.03
Bendrahalli,1989,61.1,2.67,974.81
Bendrahalli,1990,52.55,2.18,793.93
Bendrahalli,1992,77.02,3.47,1271.47
Bendrahalli,1995,43.66,2.51,915.63
Bendrahalli,1999,52.27,2.99,1089.56
Bendrahalli,2013,47.36,1.75,637.09
Bendrahalli,2024,61.2,1.99,729.71
Bendrahalli,2025,35.78,1.48,541.85
Betmogra,1907,58.64,1.83,669.03
Betmogra,1908,76.17,2.91,1064.73
Betmogra,1909,40.71,2.02,735.61
Betmogra,1910,96.92,3.89,1419.58
Betmogra,1911,48.21,1.69,616.8
Betmogra,1912,53.29,2.11,773.33
Betmogra,1915,98.94,3.03,1106.89
Betmogra,1917,65.71,3.55,1295.99
Betmogra,1920,48.53,1.23,449.63
Betmogra,1921,54.68,2.25,821.85
Betmogra,1922,61.09,2.6,948.06
Betmogra,1923,62.9,2.2,801.32
Betmogra,1925,47.18,1.95,712.0
Betmogra,1926,36.29,1.93,704.16
Betmogra,1929,51.93,1.73,632.15
Betmogra,1933,66.14,3.83,1397.4
Betmogra,1934,58.45,2.7,987.23
Betmogra,1943,52.05,2.58,943.01
Betmogra,1945,53.62,2.18,795.67
Betmogra,1946,50.65,2.54,927.54
Betmogra,1948,65.88,2.89,1058.54
Betmogra,1949,43.46,2.92,1067.2
Betmogra,1954,68.49,2.41,878.12
Betmogra,1967,42.79,2.25,820.46
Betmogra,1968,53.24,2.24,818.99
Betmogra,1969,45.95,2.31,844.5
Betmogra,1970,74.59,2.78,1015.72
Betmogra,1971,38.93,1.64,598.16
Betmogra,1972,53.43,1.32,483.88
Betmogra,1973,40.77,2.44,891.23
Betmogra,1976,55.37,1.81,663.32
Betmogra,1978,49.08,2.52,918.28
Betmogra,1979,37.56,2.14,782.11
Betmogra,1980,49.99,2.36,862.8
Betmogra,1985,32.02,2.14,780.26
Betmogra,1986,42.33,1.75,637.51
Betmogra,1987,30.48,2.37,863.35
Betmogra,1989,93.45,3.15,1151.29
Betmogra,1990,86.49,3.69,1346.51
Betmogra,1992,83.21,1.88,689.36
Betmogra,1995,80.33,2.77,1011.21
Betmogra,1999,64.91,2.3,839.28
Betmogra,2013,36.91,2.77,1011.57
Betmogra,2024,77.44,2.72,996.21
Betmogra,2025,75.92,3.26,1188.48
Bettadamane,1907,77.98,6.64,2410.4
Bettadamane,1908,66.98,4.59,1674.1
Bettadamane,1909,97.64,6.32,2300.53
Bettadamane,1910,94.22,6.5,2371.19
Bettadamane,1911,90.8,4.4,1589.32
Bettadamane,1912,94.37,6.13,2214.61
Bettadamane,1915,83.49,5.1,1854.67
Bettadamane,1917,96.55,5.31,1939.14
Bettadamane,1920,85.32,5.11,1870.67
Bettadamane,1921,98.81,5.53,2007.26
Bettadamane,1922,85.32,4.61,1683.12
Bettadamane,1923,78.58,5.32,1909.23
Bettadamane,1925,88.16,4.3,1548.69
Bettadamane,1926,88.96,4.47,1612.71
Bettadamane,1929,84.36,5.86,2121.88
Bettadamane,1933,89.38,7.66,2796.86
Bettadamane,1934,97.97,5.12,1863.24
Bettadamane,1943,74.36,4.84,1746.42
Bettadamane,1945,93.38,4.56,1665.11
Bettadamane,1946,78.41,7.27,2654.96
Bettadamane,1948,86.99,5.93,2165.48
Bettadamane,1949,96.05,3.87,1413.2
Bettadamane,1954,78.83,5.78,2076.47
Bettadamane,1967,93.08,5.82,2105.3
Bettadamane,1968,73.25,5.24,1916.09
Bettadamane,1969,90.61,6.44,2338.31
Bettadamane,1970,90.85,7.2,2619.55
Bettadamane,1971,83.37,5.07,1846.22
Bettadamane,1972,88.21,5.78,2109.84
Bettadamane,1973,75.63,5.0,1786.23
Bettadamane,1976,77.66,5.7,2081.84
Bettadamane,1978,80.5,7.44,2701.73
Bettadamane,1979,97.62,7.05,2560.5
Bettadamane,1980,86.8,6.54,2346.09
Bettadamane,1985,79.29,5.23,1910.45
Bettadamane,1986,92.0,5.67,2067.85
Bettadamane,1987,74.22,4.7,1713.92
Bettadamane,1989,80.72,4.67,1689.22
Bettadamane,1990,63.06,4.81,1755.68
Bettadamane,1992,94.1,6.18,2261.15
Bettadamane,1995,85.46,5.88,2132.63
Bettadamane,1999,64.17,5.13,1873.19
Bettadamane,2013,77.83,7.93,2861.18
Bettadamane,2024,90.73,8.95,3256.64
Bettadamane,2025,96.45,10.17,3682.18
Bhadli,1907,37.08,1.32,482.11
Bhadli,1908,34.76,1.66,608.68
Bhadli,1909,41.45,1.9,692.11
Bhadli,1910,41.05,2.18,795.35
Bhadli,1911,49.28,1.35,490.93
Bhadli,1912,53.82,1.45,531.8
Bhadli,1915,77.35,2.63,960.26
Bhadli,1917,44.66,2.36,859.85
Bhadli,1920,59.36,1.49,543.76
Bhadli,1921,40.67,1.94,707.18
Bhadli,1922,50.78,1.79,653.34
Bhadli,1923,31.35,1.4,511.52
Bhadli,1925,53.49,1.51,551.91
Bhadli,1926,46.8,1.93,705.38
Bhadli,1929,37.95,1.25,454.85
Bhadli,1933,73.31,2.79,1019.68
Bhadli,1934,60.83,2.47,900.0
Bhadli,1943,62.35,2.45,893.26
Bhadli,1945,74.83,1.65,603.09
Bhadli,1946,54.65,2.49,908.7
Bhadli,1948,61.89,2.92,1068.53
Bhadli,1949,66.18,2.45,890.52
Bhadli,1954,46.76,2.29,837.03
Bhadli,1967,86.72,1.89,689.4
Bhadli,1968,95.82,1.46,532.52
Bhadli,1969,63.88,2.61,953.44
Bhadli,1970,96.53,2.95,1074.95
Bhadli,1971,53.75,1.57,573.96
Bhadli,1972,56.21,1.23,448.65
Bhadli,1973,61.95,2.55,926.39
Bhadli,1976,73.53,2.39,873.3
Bhadli,1978,72.13,2.27,829.26
Bhadli,1979,86.34,1.99,725.48
Bhadli,1980,37.19,1.77,648.73
Bhadli,1985,61.67,1.59,581.22
Bhadli,1986,50.5,1.75,639.3
Bhadli,1987,41.8,1.7,620.94
Bhadli,1989,51.31,2.4,874.26
Bhadli,1990,79.19,2.24,815.96
Bhadli,1992,58.77,1.57,575.71
Bhadli,1995,66.37,1.61,586.88
Bhadli,1999,64.07,1.91,697.2
Bhadli,2013,71.22,2.42,883.26
Bhadli,2024,63.85,2.79,1021.43
Bhadli,2025,57.95,2.3,841.31
Bhakudar__sipu_dam_,1907,88.99,2.97,1073.99
Bhakudar__sipu_dam_,1908,78.16,4.18,1505.3
Bhakudar__sipu_dam_,1909,83.18,2.83,1017.01
Bhakudar__sipu_dam_,1910,68.15,2.83,1031.63
Bhakudar__sipu_dam_,1911,36.19,0.89,326.12
Bhakudar__sipu_dam_,1912,83.83,2.43,887.74
Bhakudar__sipu_dam_,1915,34.78,1.17,427.66
Bhakudar__sipu_dam_,1917,94.27,5.66,2033.16
Bhakudar__sipu_dam_,1920,63.23,2.27,829.73
Bhakudar__sipu_dam_,1921,95.57,2.64,956.58
Bhakudar__sipu_dam_,1922,72.75,2.31,840.02
Bhakudar__sipu_dam_,1923,40.48,0.7,254.31
Bhakudar__sipu_dam_,1925,71.27,1.9,692.29
Bhakudar__sipu_dam_,1926,79.46,4.35,1573.67
Bhakudar__sipu_dam_,1929,92.42,2.22,802.94
Bhakudar__sipu_dam_,1933,69.26,3.6,1308.34
Bhakudar__sipu_dam_,1934,78.4,3.42,1238.06
Bhakudar__sipu_dam_,1943,85.33,2.68,968.8
Bhakudar__sipu_dam_,1945,95.63,3.23,1171.12
Bhakudar__sipu_dam_,1946,98.88,3.26,1185.08
Bhakudar__sipu_dam_,1948,65.25,1.71,623.03
Bhakudar__sipu_dam_,1949,66.99,2.09,763.5
Bhakudar__sipu_dam_,1954,97.95,2.89,1056.48
Bhakudar__sipu_dam_,1967,97.66,2.74,999.4
Bhakudar__sipu_dam_,1968,76.62,0.99,363.67
Bhakudar__sipu_dam_,1969,43.71,0.9,329.52
Bhakudar__sipu_dam_,1970,70.46,2.87,1044.03
Bhakudar__sipu_dam_,1971,81.42,1.87,683.89
Bhakudar__sipu_dam_,1972,75.36,1.66,606.41
Bhakudar__sipu_dam_,1973,83.94,2.97,1070.11
Bhakudar__sipu_dam_,1976,75.67,2.83,1026.6
Bhakudar__sipu_dam_,1978,78.69,2.8,1023.37
Bhakudar__sipu_dam_,1979,93.48,2.58,940.3
Bhakudar__sipu_dam_,1980,59.87,1.74,635.12
Bhakudar__sipu_dam_,1985,77.64,1.5,547.22
Bhakudar__sipu_dam_,1986,94.3,1.21,443.46
Bhakudar__sipu_dam_,1987,28.32,0.66,240.06
Bhakudar__sipu_dam_,1989,60.14,1.76,642.24
Bhakudar__sipu_dam_,1990,88.73,2.07,748.63
Bhakudar__sipu_dam_,1992,83.04,2.24,813.8
Bhakudar__sipu_dam_,1995,68.37,1.73,631.16
Bhakudar__sipu_dam_,1999,42.61,0.88,321.77
Bhakudar__sipu_dam_,2013,85.73,2.85,1037.6
Bhakudar__sipu_dam_,2024,73.95,2.53,926.55
Bhakudar__sipu_dam_,2025,75.95,3.02,1103.78
Bhamragad,1907,79.07,3.68,1342.1
Bhamragad,1908,88.35,3.35,1224.59
Bhamragad,1909,69.5,3.33,1215.44
Bhamragad,1910,85.36,4.02,1468.41
Bhamragad,1911,76.77,3.94,1439.46
Bhamragad,1912,73.16,4.03,1476.09
Bhamragad,1915,66.25,4.12,1504.6
Bhamragad,1917,64.36,4.46,1628.31
Bhamragad,1920,72.45,2.5,915.43
Bhamragad,1921,62.32,3.98,1451.8
Bhamragad,1922,78.47,3.45,1257.64
Bhamragad,1923,51.81,3.25,1186.28
Bhamragad,1925,53.18,4.47,1632.1
Bhamragad,1926,76.46,3.86,1407.59
Bhamragad,1929,77.02,3.98,1453.15
Bhamragad,1933,73.12,4.41,1608.29
Bhamragad,1934,88.78,3.78,1377.92
Bhamragad,1943,82.64,4.51,1647.14
Bhamragad,1945,65.87,4.59,1674.05
Bhamragad,1946,88.91,4.25,1552.55
Bhamragad,1948,77.23,4.06,1484.46
Bhamragad,1949,56.42,4.25,1550.59
Bhamragad,1954,69.88,3.55,1297.3
Bhamragad,1967,78.09,3.94,1438.34
Bhamragad,1968,84.74,3.17,1159.38
Bhamragad,1969,79.3,3.31,1209.45
Bhamragad,1970,94.58,3.92,1431.47
Bhamragad,1971,57.83,3.22,1175.42
Bhamragad,1972,87.08,3.09,1132.63
Bhamragad,1973,83.52,3.8,1387.51
Bhamragad,1976,93.55,4.02,1470.76
Bhamragad,1978,67.77,4.2,1533.67
Bhamragad,1979,92.08,3.28,1197.44
Bhamragad,1980,78.11,3.98,1455.51
Bhamragad,1985,89.32,3.77,1377.86
Bhamragad,1986,74.78,4.26,1549.69
Bhamragad,1987,75.38,3.64,1329.14
Bhamragad,1989,38.33,3.1,1130.74
Bhamragad,1990,63.22,5.37,1955.44
Bhamragad,1992,83.88,3.31,1210.07
Bhamragad,1995,88.0,3.71,1352.52
Bhamragad,1999,81.27,3.61,1316.54
Bhamragad,2013,73.64,4.14,1511.19
Bhamragad,2024,92.94,4.1,1501.79
Bhamragad,2025,63.58,4.74,1731.52
Bifercation_of_e_w_tammileru,1907,75.72,2.47,899.77
Bifercation_of_e_w_tammileru,1908,83.66,2.42,887.26
Bifercation_of_e_w_tammileru,1909,43.58,2.48,903.78
Bifercation_of_e_w_tammileru,1910,48.81,3.26,1188.55
Bifercation_of_e_w_tammileru,1911,48.64,2.36,859.9
Bifercation_of_e_w_tammileru,1912,60.49,2.47,903.55
Bifercation_of_e_w_tammileru,1915,84.27,3.26,1187.85
Bifercation_of_e_w_tammileru,1917,75.29,4.18,1526.11
Bifercation_of_e_w_tammileru,1920,71.9,2.05,749.97
Bifercation_of_e_w_tammileru,1921,80.62,3.16,1152.98
Bifercation_of_e_w_tammileru,1922,57.84,2.17,792.37
Bifercation_of_e_w_tammileru,1923,71.17,2.89,1055.53
Bifercation_of_e_w_tammileru,1925,72.28,3.63,1326.74
Bifercation_of_e_w_tammileru,1926,54.22,2.1,767.24
Bifercation_of_e_w_tammileru,1929,63.02,2.21,806.1
Bifercation_of_e_w_tammileru,1933,96.33,2.72,991.13
Bifercation_of_e_w_tammileru,1934,52.64,2.3,838.76
Bifercation_of_e_w_tammileru,1943,81.5,2.99,1090.05
Bifercation_of_e_w_tammileru,1945,70.56,2.6,949.61
Bifercation_of_e_w_tammileru,1946,41.76,1.98,724.2
Bifercation_of_e_w_tammileru,1948,43.79,2.65,969.2
Bifercation_of_e_w_tammileru,1949,79.44,3.42,1249.09
Bifercation_of_e_w_tammileru,1954,76.39,2.98,1086.78
Bifercation_of_e_w_tammileru,1967,40.96,2.01,734.84
Bifercation_of_e_w_tammileru,1968,84.79,2.37,866.61
Bifercation_of_e_w_tammileru,1969,87.32,3.82,1393.52
Bifercation_of_e_w_tammileru,1970,73.72,4.33,1581.0
Bifercation_of_e_w_tammileru,1971,46.07,2.51,914.65
Bifercation_of_e_w_tammileru,1972,71.85,2.9,1061.03
Bifercation_of_e_w_tammileru,1973,52.33,2.7,984.42
Bifercation_of_e_w_tammileru,1976,62.85,3.06,1113.37
Bifercation_of_e_w_tammileru,1978,76.49,3.23,1179.36
Bifercation_of_e_w_tammileru,1979,76.54,2.06,751.22
Bifercation_of_e_w_tammileru,1980,60.64,2.55,931.29
Bifercation_of_e_w_tammileru,1985,56.45,2.72,989.81
Bifercation_of_e_w_tammileru,1986,46.44,2.17,787.45
Bifercation_of_e_w_tammileru,1987,46.77,2.37,866.55
Bifercation_of_e_w_tammileru,1989,97.67,2.68,972.32
Bifercation_of_e_w_tammileru,1990,65.56,3.19,1161.93
Bifercation_of_e_w_tammileru,1992,78.92,2.73,1001.01
Bifercation_of_e_w_tammileru,1995,66.35,3.53,1286.97
Bifercation_of_e_w_tammileru,1999,53.43,2.49,909.18
Bifercation_of_e_w_tammileru,2013,57.28,2.38,868.74
Bifercation_of_e_w_tammileru,2024,69.36,3.81,1391.52
Bifercation_of_e_w_tammileru,2025,68.47,3.94,1436.71
Borad_at_thikri,1907,76.77,1.72,629.07
Borad_at_thikri,1908,35.27,1.51,551.35
Borad_at_thikri,1909,56.2,2.19,798.03
Borad_at_thikri,1910,51.24,2.36,859.56
Borad_at_thikri,1911,28.34,1.18,431.41
Borad_at_thikri,1912,48.5,1.76,645.01
Borad_at_thikri,1915,49.05,2.43,886.7
Borad_at_thikri,1917,43.5,2.85,1040.57
Borad_at_thikri,1920,85.55,2.25,825.26
Borad_at_thikri,1921,65.27,2.11,767.94
Borad_at_thikri,1922,82.47,2.57,937.43
Borad_at_thikri,1923,65.22,2.25,822.24
Borad_at_thikri,1925,35.37,1.57,573.63
Borad_at_thikri,1926,62.6,2.1,765.06
Borad_at_thikri,1929,65.79,1.43,521.5
Borad_at_thikri,1933,91.98,3.03,1103.96
Borad_at_thikri,1934,90.25,2.46,896.28
Borad_at_thikri,1943,95.6,2.4,877.56
Borad_at_thikri,1945,65.96,1.57,574.28
Borad_at_thikri,1946,74.24,2.72,991.04
Borad_at_thikri,1948,96.29,2.9,1060.93
Borad_at_thikri,1949,92.75,2.51,917.84
Borad_at_thikri,1954,84.73,2.2,801.3
Borad_at_thikri,1967,61.35,1.6,581.84
Borad_at_thikri,1968,94.51,1.79,654.94
Borad_at_thikri,1969,84.04,2.72,993.38
Borad_at_thikri,1970,97.92,2.65,964.15
Borad_at_thikri,1971,54.89,1.91,697.49
Borad_at_thikri,1972,33.03,1.03,374.62
Borad_at_thikri,1973,91.66,3.05,1111.62
Borad_at_thikri,1976,92.71,2.36,862.94
Borad_at_thikri,1978,91.39,2.21,805.15
Borad_at_thikri,1979,89.11,2.01,733.78
Borad_at_thikri,1980,40.42,1.76,642.42
Borad_at_thikri,1985,60.8,1.51,549.5
Borad_at_thikri,1986,70.95,2.04,743.56
Borad_at_thikri,1987,62.05,1.44,527.28
Borad_at_thikri,1989,93.26,2.55,930.8
Borad_at_thikri,1990,97.17,2.7,983.19
Borad_at_thikri,1992,68.21,1.71,624.57
Borad_at_thikri,1995,92.96,1.98,724.42
Borad_at_thikri,1999,66.39,1.84,671.52
Borad_at_thikri,2013,95.98,2.78,1014.32
Borad_at_thikri,2024,61.3,2.83,1036.28
Borad_at_thikri,2025,59.5,1.96,714.13
Butaram,1907,66.56,2.99,1088.51
Butaram,1908,86.57,3.07,1120.67
Butaram,1909,44.12,2.32,847.44
Butaram,1910,62.43,3.26,1190.36
Butaram,1911,48.04,2.49,909.71
Butaram,1912,69.92,2.92,1067.88
Butaram,1915,72.42,3.38,1223.72
Butaram,1917,97.56,6.1,2221.6
Butaram,1920,83.03,1.89,692.67
Butaram,1921,77.28,3.95,1441.0
Butaram,1922,96.19,4.0,1454.65
Butaram,1923,81.84,2.86,1040.28
Butaram,1925,94.48,3.67,1335.88
Butaram,1926,97.53,3.76,1370.58
Butaram,1929,81.93,3.23,1179.92
Butaram,1933,75.96,4.13,1508.98
Butaram,1934,81.17,3.77,1371.29
Butaram,1943,87.61,2.35,856.86
Butaram,1945,70.42,3.92,1430.0
Butaram,1946,90.68,3.05,1106.52
Butaram,1948,68.88,3.5,1279.56
Butaram,1949,64.17,2.75,1001.36
Butaram,1954,97.66,4.33,1576.23
Butaram,1967,73.34,3.58,1302.08
Butaram,1968,69.26,2.59,947.82
Butaram,1969,69.16,4.14,1511.83
Butaram,1970,91.08,3.43,1252.94
Butaram,1971,52.0,3.12,1139.72
Butaram,1972,43.32,2.21,808.77
Butaram,1973,90.27,3.47,1267.48
Butaram,1976,98.71,3.99,1456.98
Butaram,1978,83.27,4.27,1554.04
Butaram,1979,50.66,2.16,787.37
Butaram,1980,60.58,3.23,1184.0
Butaram,1985,94.27,2.7,983.61
Butaram,1986,82.32,3.1,1128.73
Butaram,1987,71.05,2.73,998.21
Butaram,1989,85.66,3.64,1323.64
Butaram,1990,96.59,4.17,1519.45
Butaram,1992,93.56,3.38,1232.75
Butaram,1995,59.54,3.09,1121.59
Butaram,1999,75.06,4.0,1459.12
Butaram,2013,70.5,4.07,1475.01
Butaram,2024,63.87,4.09,1491.47
Butaram,2025,85.07,5.21,1890.86
Chakkalakuth,1907,80.19,8.96,3260.79
Chakkalakuth,1908,64.5,5.85,2139.37
Chakkalakuth,1909,78.8,7.38,2679.89
Chakkalakuth,1910,86.38,7.58,2766.87
Chakkalakuth,1911,94.88,6.12,2196.17
Chakkalakuth,1912,88.08,7.74,2823.61
Chakkalakuth,1915,80.51,7.7,2809.69
Chakkalakuth,1917,58.83,7.55,2756.36
Chakkalakuth,1920,90.88,7.79,2851.77
Chakkalakuth,1921,90.18,7.75,2821.96
Chakkalakuth,1922,81.03,6.88,2498.89
Chakkalakuth,1923,97.69,7.73,2768.57
Chakkalakuth,1925,77.48,7.05,2566.59
Chakkalakuth,1926,87.31,6.53,2356.87
Chakkalakuth,1929,96.66,7.66,2781.46
Chakkalakuth,1933,92.78,9.43,3442.59
Chakkalakuth,1934,77.75,5.91,2156.32
Chakkalakuth,1943,94.69,7.93,2886.89
Chakkalakuth,1945,89.81,6.04,2199.13
Chakkalakuth,1946,93.34,8.89,3246.04
Chakkalakuth,1948,83.7,8.14,2971.22
Chakkalakuth,1949,64.99,6.48,2353.17
Chakkalakuth,1954,91.21,7.03,2566.25
Chakkalakuth,1967,69.96,6.37,2325.93
Chakkalakuth,1968,96.7,7.61,2784.06
Chakkalakuth,1969,90.01,6.49,2362.03
Chakkalakuth,1970,78.23,7.15,2603.48
Chakkalakuth,1971,59.03,6.13,2235.76
Chakkalakuth,1972,72.09,6.26,2292.12
Chakkalakuth,1973,87.42,6.3,2298.19
Chakkalakuth,1976,94.22,5.88,2146.59
Chakkalakuth,1978,95.46,7.26,2644.0
Chakkalakuth,1979,85.53,7.24,2641.77
Chakkalakuth,1980,94.61,7.29,2653.4
Chakkalakuth,1985,54.81,4.17,1523.79
Chakkalakuth,1986,61.51,5.36,1954.93
Chakkalakuth,1987,47.97,4.51,1647.74
Chakkalakuth,1989,64.5,3.9,1417.28
Chakkalakuth,1990,69.35,5.67,2062.4
Chakkalakuth,1992,83.33,7.78,2825.94
Chakkalakuth,1995,75.01,7.18,2620.18
Chakkalakuth,1999,57.76,6.7,2439.57
Chakkalakuth,2013,80.46,6.92,2511.47
Chakkalakuth,2024,80.02,5.88,2139.2
Chakkalakuth,2025,84.09,5.59,2039.37
Chakrar_at_gadasarai,1907,77.13,2.96,1081.19
Chakrar_at_gadasarai,1908,59.62,4.23,1549.5
Chakrar_at_gadasarai,1909,39.8,3.03,1104.43
Chakrar_at_gadasarai,1910,79.11,3.21,1172.71
Chakrar_at_gadasarai,1911,42.92,3.17,1155.35
Chakrar_at_gadasarai,1912,76.4,3.06,1120.01
Chakrar_at_gadasarai,1915,92.47,4.57,1663.3
Chakrar_at_gadasarai,1917,85.56,4.94,1801.77
Chakrar_at_gadasarai,1920,80.21,2.47,902.73
Chakrar_at_gadasarai,1921,73.11,3.25,1186.73
Chakrar_at_gadasarai,1922,59.07,3.18,1161.45
Chakrar_at_gadasarai,1923,80.73,4.56,1655.48
Chakrar_at_gadasarai,1925,70.03,3.94,1433.33
Chakrar_at_gadasarai,1926,96.5,3.88,1401.52
Chakrar_at_gadasarai,1929,82.96,3.37,1230.67
Chakrar_at_gadasarai,1933,94.25,4.38,1593.4
Chakrar_at_gadasarai,1934,91.29,4.19,1530.78
Chakrar_at_gadasarai,1943,70.6,4.29,1560.87
Chakrar_at_gadasarai,1945,69.48,4.22,1540.9
Chakrar_at_gadasarai,1946,67.18,4.43,1613.09
Chakrar_at_gadasarai,1948,89.21,3.99,1458.64
Chakrar_at_gadasarai,1949,81.38,3.79,1383.73
Chakrar_at_gadasarai,1954,41.72,2.53,921.87
Chakrar_at_gadasarai,1967,77.37,4.24,1546.05
Chakrar_at_gadasarai,1968,83.52,2.89,1056.8
Chakrar_at_gadasarai,1969,54.23,2.96,1078.69
Chakrar_at_gadasarai,1970,43.89,3.73,1362.41
Chakrar_at_gadasarai,1971,89.6,3.77,1373.24
Chakrar_at_gadasarai,1972,98.95,3.42,1242.62
Chakrar_at_gadasarai,1973,78.16,3.81,1389.09
Chakrar_at_gadasarai,1976,71.4,3.0,1096.25
Chakrar_at_gadasarai,1978,91.05,3.69,1346.49
Chakrar_at_gadasarai,1979,82.24,2.6,947.18
Chakrar_at_gadasarai,1980,82.43,4.12,1505.41
Chakrar_at_gadasarai,1985,53.1,3.69,1344.25
Chakrar_at_gadasarai,1986,72.79,3.48,1267.39
Chakrar_at_gadasarai,1987,58.27,2.92,1059.75
Chakrar_at_gadasarai,1989,85.86,2.44,887.13
Chakrar_at_gadasarai,1990,70.1,4.19,1527.55
Chakrar_at_gadasarai,1992,62.87,2.83,1036.96
Chakrar_at_gadasarai,1995,80.31,3.07,1116.01
Chakrar_at_gadasarai,1999,68.96,3.07,1119.39
Chakrar_at_gadasarai,2013,64.7,3.82,1393.44
Chakrar_at_gadasarai,2024,71.79,4.1,1500.37
Chakrar_at_gadasarai,2025,85.99,4.02,1466.62
Chanwada,1907,61.32,1.86,677.73
Chanwada,1908,84.08,2.88,1055.3
Chanwada,1909,87.18,2.42,884.93
Chanwada,1910,91.42,4.03,1469.32
Chanwada,1911,58.05,1.17,426.14
Chanwada,1912,71.2,3.32,1215.55
Chanwada,1915,80.88,2.43,886.89
Chanwada,1917,82.38,4.28,1563.39
Chanwada,1920,67.12,2.4,879.04
Chanwada,1921,66.66,3.46,1263.51
Chanwada,1922,48.74,2.57,939.09
Chanwada,1923,60.59,1.75,639.23
Chanwada,1925,59.46,1.74,634.01
Chanwada,1926,57.96,3.0,1093.51
Chanwada,1929,51.35,1.77,644.91
Chanwada,1933,70.3,3.05,1112.36
Chanwada,1934,50.39,2.69,982.21
Chanwada,1943,70.54,2.83,1031.36
Chanwada,1945,85.28,3.3,1196.19
Chanwada,1946,46.78,3.2,1168.07
Chanwada,1948,39.39,1.91,698.55
Chanwada,1949,88.86,3.14,1146.66
Chanwada,1954,83.57,3.41,1236.77
Chanwada,1967,80.11,2.56,931.45
Chanwada,1968,71.89,1.87,683.09
Chanwada,1969,82.23,2.99,1091.92
Chanwada,1970,78.05,3.42,1248.59
Chanwada,1971,58.55,1.84,672.07
Chanwada,1972,67.86,1.5,549.85
Chanwada,1973,70.61,3.94,1433.24
Chanwada,1976,83.06,4.29,1565.12
Chanwada,1978,85.09,3.12,1138.84
Chanwada,1979,84.91,2.1,764.92
Chanwada,1980,49.97,2.3,842.96
Chanwada,1985,46.07,1.36,496.48
Chanwada,1986,26.42,1.24,450.98
Chanwada,1987,44.09,1.24,454.08
Chanwada,1989,72.96,2.16,789.44
Chanwada,1990,79.74,2.9,1057.32
Chanwada,1992,47.49,2.12,776.99
Chanwada,1995,49.6,1.94,708.13
Chanwada,1999,56.94,1.46,534.07
Chanwada,2013,76.96,3.47,1265.47
Chanwada,2024,90.15,4.16,1523.12
Chanwada,2025,73.22,3.82,1394.15
Cherpad,1907,89.29,13.5,4886.98
Cherpad,1908,87.72,9.09,3327.95
Cherpad,1909,86.08,8.68,3151.66
Cherpad,1910,80.47,8.98,3278.65
Cherpad,1911,83.97,7.95,2900.47
Cherpad,1912,80.54,9.19,3365.36
Cherpad,1915,88.86,9.54,3473.63
Cherpad,1917,96.08,8.51,3105.03
Cherpad,1920,92.85,10.02,3665.87
Cherpad,1921,77.88,8.88,3242.54
Cherpad,1922,97.71,9.62,3512.29
Cherpad,1923,90.36,10.56,3843.49
Cherpad,1925,69.1,8.41,3068.07
Cherpad,1926,68.91,7.83,2858.95
Cherpad,1929,71.88,7.86,2852.08
Cherpad,1933,92.75,11.46,4160.44
Cherpad,1934,89.27,6.47,2362.03
Cherpad,1943,79.65,9.51,3461.04
Cherpad,1945,92.33,6.79,2476.7
Cherpad,1946,94.23,9.89,3610.44
Cherpad,1948,52.8,7.56,2760.05
Cherpad,1949,54.44,7.47,2727.82
Cherpad,1954,59.51,9.97,3638.64
Cherpad,1967,68.69,6.19,2260.08
Cherpad,1968,98.95,9.86,3598.93
Cherpad,1969,96.54,9.46,3441.71
Cherpad,1970,43.41,6.25,2281.1
Cherpad,1971,67.64,9.03,3295.9
Cherpad,1972,68.47,7.23,2646.92
Cherpad,1973,89.58,7.1,2592.19
Cherpad,1976,87.56,5.72,2094.53
Cherpad,1978,75.91,6.91,2522.62
Cherpad,1979,56.72,4.96,1810.31
Cherpad,1980,79.66,7.79,2850.56
Cherpad,1985,68.9,6.32,2306.84
Cherpad,1986,70.69,4.91,1793.46
Cherpad,1987,46.51,3.98,1451.91
Cherpad,1989,48.34,4.93,1800.38
Cherpad,1990,94.22,7.52,2729.05
Cherpad,1992,98.25,9.1,3295.79
Cherpad,1995,96.3,8.86,3217.41
Cherpad,1999,85.19,9.11,3305.47
Cherpad,2013,90.63,10.99,3979.02
Cherpad,2024,91.0,8.93,3251.31
Cherpad,2025,97.89,10.5,3792.21
Chhidgaon,1907,60.22,2.31,842.04
Chhidgaon,1908,61.84,2.61,955.74
Chhidgaon,1909,53.77,2.38,869.32
Chhidgaon,1910,47.36,3.02,1099.74
Chhidgaon,1911,75.52,2.3,839.34
Chhidgaon,1912,76.21,3.03,1110.59
Chhidgaon,1915,68.16,3.3,1204.99
Chhidgaon,1917,68.48,4.36,1590.88
Chhidgaon,1920,83.21,2.29,834.14
Chhidgaon,1921,71.18,2.86,1044.17
Chhidgaon,1922,78.03,2.87,1048.45
Chhidgaon,1923,90.86,3.18,1160.38
Chhidgaon,1925,91.96,2.39,871.56
Chhidgaon,1926,85.47,3.27,1193.62
Chhidgaon,1929,78.05,2.31,844.7
Chhidgaon,1933,90.78,3.42,1242.32
Chhidgaon,1934,66.96,3.7,1349.31
Chhidgaon,1943,97.28,3.29,1200.59
Chhidgaon,1945,89.25,3.35,1223.47
Chhidgaon,1946,74.65,3.31,1209.86
Chhidgaon,1948,73.69,4.71,1720.35
Chhidgaon,1949,70.24,3.59,1308.85
Chhidgaon,1954,62.72,3.8,1384.88
Chhidgaon,1967,49.1,2.43,886.83
Chhidgaon,1968,96.81,2.3,836.4
Chhidgaon,1969,83.28,3.3,1203.34
Chhidgaon,1970,93.68,3.63,1321.3
Chhidgaon,1971,93.34,3.13,1137.59
Chhidgaon,1972,74.63,2.55,928.29
Chhidgaon,1973,89.65,3.83,1393.48
Chhidgaon,1976,92.56,3.33,1217.67
Chhidgaon,1978,92.8,3.38,1234.42
Chhidgaon,1979,83.07,2.13,776.51
Chhidgaon,1980,57.94,2.39,874.26
Chhidgaon,1985,57.02,1.51,551.79
Chhidgaon,1986,95.06,3.77,1371.92
Chhidgaon,1987,68.56,2.22,808.99
Chhidgaon,1989,63.29,2.53,921.05
Chhidgaon,1990,91.28,4.65,1693.61
Chhidgaon,1992,97.67,2.26,823.58
Chhidgaon,1995,64.36,2.38,865.19
Chhidgaon,1999,86.49,4.53,1655.04
Chhidgaon,2013,80.13,4.07,1476.55
Chhidgaon,2024,82.13,3.7,1352.58
Chhidgaon,2025,69.26,3.42,1249.6
Chikkamalur,1907,50.28,1.7,619.2
Chikkamalur,1908,41.28,1.26,462.52
Chikkamalur,1909,53.7,2.5,912.35
Chikkamalur,1910,36.99,2.61,953.41
Chikkamalur,1911,59.86,1.59,579.65
Chikkamalur,1912,37.43,2.35,860.34
Chikkamalur,1915,56.98,2.48,905.28
Chikkamalur,1917,65.81,2.76,1008.76
Chikkamalur,1920,23.12,1.42,518.27
Chikkamalur,1921,44.68,1.89,688.82
Chikkamalur,1922,44.22,2.12,774.02
Chikkamalur,1923,25.26,1.22,445.65
Chikkamalur,1925,65.91,1.83,668.26
Chikkamalur,1926,40.21,1.73,633.01
Chikkamalur,1929,47.87,2.14,782.73
Chikkamalur,1933,62.47,2.77,1010.53
Chikkamalur,1934,29.87,1.48,540.65
Chikkamalur,1943,77.3,2.5,912.15
Chikkamalur,1945,49.93,1.57,574.11
Chikkamalur,1946,39.2,2.42,882.82
Chikkamalur,1948,42.62,2.75,1008.3
Chikkamalur,1949,36.84,1.99,726.62
Chikkamalur,1954,34.57,1.67,608.15
Chikkamalur,1967,33.67,1.31,477.1
Chikkamalur,1968,45.16,1.41,516.88
Chikkamalur,1969,38.95,1.83,668.64
Chikkamalur,1970,36.37,2.04,742.8
Chikkamalur,1971,36.17,2.09,762.61
Chikkamalur,1972,68.12,1.9,694.45
Chikkamalur,1973,38.7,2.38,868.89
Chikkamalur,1976,26.34,1.17,428.76
Chikkamalur,1978,41.38,1.94,707.13
Chikkamalur,1979,32.0,2.49,907.96
Chikkamalur,1980,54.67,2.22,814.11
Chikkamalur,1985,56.19,1.53,558.4
Chikkamalur,1986,39.67,2.1,765.18
Chikkamalur,1987,28.63,2.14,780.21
Chikkamalur,1989,29.34,1.8,658.76
Chikkamalur,1990,31.87,1.27,463.68
Chikkamalur,1992,40.64,2.26,828.27
Chikkamalur,1995,24.46,1.88,687.89
Chikkamalur,1999,34.96,2.28,831.34
Chikkamalur,2013,33.02,2.35,857.18
Chikkamalur,2024,40.66,3.21,1176.08
Chikkamalur,2025,46.05,2.89,1054.33
Chimthane,1907,44.31,1.07,390.68
Chimthane,1908,32.22,1.01,370.06
Chimthane,1909,50.79,1.32,483.37
Chimthane,1910,83.63,1.91,698.76
Chimthane,1911,22.24,0.6,218.06
Chimthane,1912,73.2,1.1,402.33
Chimthane,1915,46.5,1.65,603.74
Chimthane,1917,47.63,1.68,613.41
Chimthane,1920,75.58,0.99,361.53
Chimthane,1921,64.05,1.49,543.5
Chimthane,1922,43.15,1.43,521.79
Chimthane,1923,66.45,1.46,532.12
Chimthane,1925,78.27,1.47,534.73
Chimthane,1926,39.59,1.27,462.28
Chimthane,1929,54.63,1.29,472.65
Chimthane,1933,75.19,1.87,683.81
Chimthane,1934,50.89,1.38,501.96
Chimthane,1943,50.83,1.84,673.39
Chimthane,1945,29.84,1.16,423.21
Chimthane,1946,58.21,2.16,789.86
Chimthane,1948,51.43,1.66,606.89
Chimthane,1949,91.65,3.06,1117.74
Chimthane,1954,89.73,1.89,690.21
Chimthane,1967,61.56,2.79,1018.06
Chimthane,1968,83.77,1.43,523.72
Chimthane,1969,75.16,2.24,816.41
Chimthane,1970,59.27,1.95,710.41
Chimthane,1971,72.3,1.47,537.18
Chimthane,1972,40.76,0.94,344.08
Chimthane,1973,58.93,1.87,681.85
Chimthane,1976,75.27,2.32,850.23
Chimthane,1978,34.35,1.12,410.46
Chimthane,1979,41.4,1.79,653.73
Chimthane,1980,48.59,1.54,563.95
Chimthane,1985,65.89,1.09,397.89
Chimthane,1986,46.36,0.93,339.77
Chimthane,1987,63.16,1.67,610.31
Chimthane,1989,54.32,1.46,534.6
Chimthane,1990,54.99,1.35,493.69
Chimthane,1992,85.99,1.59,583.12
Chimthane,1995,46.83,1.33,484.57
Chimthane,1999,58.49,1.41,514.79
Chimthane,2013,54.24,1.87,681.41
Chimthane,2024,72.25,2.92,1069.54
Chimthane,2025,52.99,2.56,933.13
Chinamusi__tumadu,1907,50.97,1.52,556.57
Chinamusi__tumadu,1908,71.4,2.12,774.71
Chinamusi__tumadu,1909,38.13,1.2,436.63
Chinamusi__tumadu,1910,29.06,2.04,742.91
Chinamusi__tumadu,1911,86.59,2.01,730.0
Chinamusi__tumadu,1912,68.6,2.06,753.64
Chinamusi__tumadu,1915,68.34,2.68,977.65
Chinamusi__tumadu,1917,55.66,2.83,1034.17
Chinamusi__tumadu,1920,40.34,1.33,485.51
Chinamusi__tumadu,1921,49.55,2.01,734.29
Chinamusi__tumadu,1922,79.05,1.93,704.47
Chinamusi__tumadu,1923,49.71,1.35,493.34
Chinamusi__tumadu,1925,62.86,2.58,942.68
Chinamusi__tumadu,1926,30.28,1.01,370.43
Chinamusi__tumadu,1929,53.29,1.73,632.42
Chinamusi__tumadu,1933,94.36,2.05,747.36
Chinamusi__tumadu,1934,71.1,1.8,658.51
Chinamusi__tumadu,1943,68.17,2.15,784.47
Chinamusi__tumadu,1945,45.76,1.51,551.37
Chinamusi__tumadu,1946,88.31,2.59,946.18
Chinamusi__tumadu,1948,60.77,1.69,620.15
Chinamusi__tumadu,1949,81.13,2.27,824.98
Chinamusi__tumadu,1954,57.48,2.04,743.81
Chinamusi__tumadu,1967,69.02,1.85,676.57
Chinamusi__tumadu,1968,35.69,1.42,521.52
Chinamusi__tumadu,1969,84.91,3.11,1131.68
Chinamusi__tumadu,1970,76.91,2.03,740.77
Chinamusi__tumadu,1971,81.74,1.93,704.66
Chinamusi__tumadu,1972,86.92,2.32,850.66
Chinamusi__tumadu,1973,62.06,1.81,659.69
Chinamusi__tumadu,1976,73.23,2.42,885.3
Chinamusi__tumadu,1978,66.44,2.92,1064.32
Chinamusi__tumadu,1979,77.41,2.44,891.35
Chinamusi__tumadu,1980,91.77,1.74,637.23
Chinamusi__tumadu,1985,54.26,2.16,787.69
Chinamusi__tumadu,1986,61.09,2.24,816.16
Chinamusi__tumadu,1987,91.11,2.42,882.66
Chinamusi__tumadu,1989,85.86,1.91,695.99
Chinamusi__tumadu,1990,85.82,3.63,1324.91
Chinamusi__tumadu,1992,82.76,2.17,795.4
Chinamusi__tumadu,1995,59.12,2.19,797.58
Chinamusi__tumadu,1999,51.89,1.53,559.72
Chinamusi__tumadu,2013,55.4,2.33,847.5
Chinamusi__tumadu,2024,61.04,2.45,895.78
Chinamusi__tumadu,2025,51.57,2.67,970.47
Chitrasani,1907,81.63,2.72,977.46
Chitrasani,1908,89.33,4.34,1569.58
Chitrasani,1909,80.59,2.62,947.47
Chitrasani,1910,96.72,2.94,1074.05
Chitrasani,1911,50.74,0.89,323.77
Chitrasani,1912,62.02,2.49,912.58
Chitrasani,1915,28.43,1.06,387.1
Chitrasani,1917,94.41,5.67,2068.28
Chitrasani,1920,64.25,2.35,861.54
Chitrasani,1921,85.36,2.7,980.16
Chitrasani,1922,88.47,2.41,877.47
Chitrasani,1923,34.27,0.8,292.12
Chitrasani,1925,87.03,1.77,647.45
Chitrasani,1926,71.78,3.7,1338.17
Chitrasani,1929,88.63,2.38,860.74
Chitrasani,1933,59.06,3.48,1264.98
Chitrasani,1934,95.55,3.56,1296.7
Chitrasani,1943,83.79,2.62,947.6
Chitrasani,1945,66.14,2.83,1025.8
Chitrasani,1946,93.6,2.61,947.81
Chitrasani,1948,65.6,1.62,593.62
Chitrasani,1949,63.65,2.21,805.66
Chitrasani,1954,84.74,2.71,984.9
Chitrasani,1967,78.67,2.5,909.24
Chitrasani,1968,65.93,0.81,296.6
Chitrasani,1969,36.43,1.03,377.12
Chitrasani,1970,76.01,3.26,1190.39
Chitrasani,1971,94.88,1.27,464.18
Chitrasani,1972,58.0,0.99,363.71
Chitrasani,1973,87.87,2.57,928.97
Chitrasani,1976,97.18,2.35,859.48
Chitrasani,1978,71.55,2.22,810.46
Chitrasani,1979,45.01,1.23,450.01
Chitrasani,1980,67.75,1.26,461.26
Chitrasani,1985,83.53,1.24,453.64
Chitrasani,1986,58.52,0.97,355.22
Chitrasani,1987,26.61,0.6,218.69
Chitrasani,1989,71.87,1.8,655.29
Chitrasani,1990,86.8,2.11,768.76
Chitrasani,1992,92.05,2.08,760.44
Chitrasani,1995,89.8,1.98,719.5
Chitrasani,1999,15.8,0.2,72.69
Chitrasani,2013,76.79,2.6,947.89
Chitrasani,2024,60.99,2.34,852.89
Chitrasani,2025,83.74,2.86,1037.1
Chitrasani_-duplicate,1907,81.63,2.72,977.46
Chitrasani_-duplicate,1908,89.33,4.34,1569.58
Chitrasani_-duplicate,1909,80.59,2.62,947.47
Chitrasani_-duplicate,1910,96.72,2.94,1074.05
Chitrasani_-duplicate,1911,50.74,0.89,323.77
Chitrasani_-duplicate,1912,62.02,2.49,912.58
Chitrasani_-duplicate,1915,28.43,1.06,387.1
Chitrasani_-duplicate,1917,94.41,5.67,2068.28
Chitrasani_-duplicate,1920,64.25,2.35,861.54
Chitrasani_-duplicate,1921,85.36,2.7,980.16
Chitrasani_-duplicate,1922,88.47,2.41,877.47
Chitrasani_-duplicate,1923,34.27,0.8,292.12
Chitrasani_-duplicate,1925,87.03,1.77,647.45
Chitrasani_-duplicate,1926,71.78,3.7,1338.17
Chitrasani_-duplicate,1929,88.63,2.38,860.74
Chitrasani_-duplicate,1933,59.06,3.48,1264.98
Chitrasani_-duplicate,1934,95.55,3.56,1296.7
Chitrasani_-duplicate,1943,83.79,2.62,947.6
Chitrasani_-duplicate,1945,66.14,2.83,1025.8
Chitrasani_-duplicate,1946,93.6,2.61,947.81
Chitrasani_-duplicate,1948,65.6,1.62,593.62
Chitrasani_-duplicate,1949,63.65,2.21,805.66
Chitrasani_-duplicate,1954,84.74,2.71,984.9
Chitrasani_-duplicate,1967,78.67,2.5,909.24
Chitrasani_-duplicate,1968,65.93,0.81,296.6
Chitrasani_-duplicate,1969,36.43,1.03,377.12
Chitrasani_-duplicate,1970,76.01,3.26,1190.39
Chitrasani_-duplicate,1971,94.88,1.27,464.18
Chitrasani_-duplicate,1972,58.0,0.99,363.71
Chitrasani_-duplicate,1973,87.87,2.57,928.97
Chitrasani_-duplicate,1976,97.18,2.35,859.48
Chitrasani_-duplicate,1978,71.55,2.22,810.46
Chitrasani_-duplicate,1979,45.01,1.23,450.01
Chitrasani_-duplicate,1980,67.75,1.26,461.26
Chitrasani_-duplicate,1985,83.53,1.24,453.64
Chitrasani_-duplicate,1986,58.52,0.97,355.22
Chitrasani_-duplicate,1987,26.61,0.6,218.69
Chitrasani_-duplicate,1989,71.87,1.8,655.29
Chitrasani_-duplicate,1990,86.8,2.11,768.76
Chitrasani_-duplicate,1992,92.05,2.08,760.44
Chitrasani_-duplicate,1995,89.8,1.98,719.5
Chitrasani_-duplicate,1999,15.8,0.2,72.69
Chitrasani_-duplicate,2013,76.79,2.6,947.89
Chitrasani_-duplicate,2024,60.99,2.34,852.89
Chitrasani_-duplicate,2025,83.74,2.86,1037.1
Choral_at_barwah,1907,82.88,1.9,695.11
Choral_at_barwah,1908,51.45,1.65,603.85
Choral_at_barwah,1909,55.52,1.97,720.27
Choral_at_barwah,1910,56.24,2.28,828.75
Choral_at_barwah,1911,32.92,1.36,495.41
Choral_at_barwah,1912,52.19,1.96,716.46
Choral_at_barwah,1915,52.09,2.36,862.57
Choral_at_barwah,1917,55.92,3.05,1112.94
Choral_at_barwah,1920,72.35,2.49,912.11
Choral_at_barwah,1921,63.9,2.18,792.8
Choral_at_barwah,1922,94.3,2.68,977.69
Choral_at_barwah,1923,63.99,2.42,883.53
Choral_at_barwah,1925,33.74,1.54,562.38
Choral_at_barwah,1926,53.16,2.04,742.88
Choral_at_barwah,1929,98.47,1.87,684.27
Choral_at_barwah,1933,68.09,3.24,1180.62
Choral_at_barwah,1934,93.54,3.72,1357.85
Choral_at_barwah,1943,73.65,2.36,862.26
Choral_at_barwah,1945,91.93,2.09,760.79
Choral_at_barwah,1946,53.0,2.93,1062.68
Choral_at_barwah,1948,77.11,2.98,1091.92
Choral_at_barwah,1949,75.87,2.87,1047.23
Choral_at_barwah,1954,73.92,4.03,1469.94
Choral_at_barwah,1967,73.83,2.36,863.09
Choral_at_barwah,1968,79.66,2.16,788.99
Choral_at_barwah,1969,64.56,2.73,996.42
Choral_at_barwah,1970,80.42,2.35,856.99
Choral_at_barwah,1971,76.3,2.52,918.24
Choral_at_barwah,1972,63.66,1.33,482.92
Choral_at_barwah,1973,96.07,2.96,1061.25
Choral_at_barwah,1976,79.62,3.14,1147.49
Choral_at_barwah,1978,66.91,2.04,744.12
Choral_at_barwah,1979,58.81,1.64,595.82
Choral_at_barwah,1980,60.36,2.71,990.92
Choral_at_barwah,1985,89.54,1.81,659.27
Choral_at_barwah,1986,98.46,2.22,810.62
Choral_at_barwah,1987,70.69,1.71,622.38
Choral_at_barwah,1989,79.76,1.97,718.65
Choral_at_barwah,1990,97.77,2.4,873.79
Choral_at_barwah,1992,41.78,1.3,475.88
Choral_at_barwah,1995,97.09,2.07,754.47
Choral_at_barwah,1999,88.41,2.43,887.74
Choral_at_barwah,2013,85.05,3.11,1128.84
Choral_at_barwah,2024,65.76,2.62,960.6
Choral_at_barwah,2025,65.31,3.02,1101.77
Collem,1907,92.67,6.26,2259.99
Collem,1908,98.48,6.28,2300.04
Collem,1909,85.26,5.06,1847.28
Collem,1910,78.5,4.91,1792.7
Collem,1911,84.19,4.92,1795.98
Collem,1912,96.7,6.05,2197.78
Collem,1915,94.34,4.57,1666.26
Collem,1917,88.16,6.29,2297.46
Collem,1920,74.44,5.54,2029.04
Collem,1921,73.03,5.05,1833.05
Collem,1922,96.1,5.37,1953.53
Collem,1923,97.78,7.15,2588.35
Collem,1925,88.32,5.23,1894.97
Collem,1926,87.51,4.97,1798.12
Collem,1929,82.53,8.17,2982.51
Collem,1933,96.87,9.58,3495.62
Collem,1934,92.82,8.7,3159.27
Collem,1943,96.28,7.3,2650.13
Collem,1945,97.18,7.04,2563.34
Collem,1946,94.52,8.95,3256.87
Collem,1948,98.3,7.74,2831.91
Collem,1949,92.68,6.05,2208.25
Collem,1954,89.51,7.33,2660.31
Collem,1967,91.48,5.06,1848.13
Collem,1968,89.18,7.19,2624.98
Collem,1969,92.78,7.1,2569.63
Collem,1970,88.84,9.07,3293.18
Collem,1971,65.62,4.6,1680.63
Collem,1972,97.89,5.67,2057.43
Collem,1973,83.58,8.63,3133.1
Collem,1976,87.35,5.61,2053.14
Collem,1978,91.42,8.16,2954.12
Collem,1979,98.3,6.9,2483.98
Collem,1980,98.73,7.91,2862.27
Collem,1985,98.49,9.18,3259.01
Collem,1986,97.17,6.85,2465.07
Collem,1987,95.78,8.75,3183.85
Collem,1989,82.83,7.71,2783.94
Collem,1990,89.66,10.97,4002.52
Collem,1992,96.86,9.53,3429.68
Collem,1995,97.24,8.16,2955.3
Collem,1999,98.19,8.43,3017.04
Collem,2013,97.29,8.71,3125.74
Collem,2024,98.23,9.37,3306.74
Collem,2025,98.09,11.34,4026.61
Dabri,1907,43.82,1.43,520.91
Dabri,1908,46.12,1.72,629.37
Dabri,1909,66.8,1.93,702.89
Dabri,1910,59.76,2.34,852.94
Dabri,1911,37.62,1.3,475.64
Dabri,1912,72.26,1.84,672.62
Dabri,1915,34.36,1.17,427.52
Dabri,1917,61.25,3.04,1109.0
Dabri,1920,63.56,1.8,660.24
Dabri,1921,57.72,1.79,654.77
Dabri,1922,70.08,1.97,716.35
Dabri,1923,72.28,2.24,815.36
Dabri,1925,55.27,1.65,602.78
Dabri,1926,43.89,1.82,663.87
Dabri,1929,83.99,1.39,505.52
Dabri,1933,93.21,2.85,1030.47
Dabri,1934,89.16,2.97,1082.24
Dabri,1943,92.84,2.46,897.2
Dabri,1945,96.86,2.86,1038.34
Dabri,1946,94.01,3.44,1249.33
Dabri,1948,64.63,2.78,1018.55
Dabri,1949,68.26,2.5,913.25
Dabri,1954,95.88,4.02,1466.73
Dabri,1967,60.98,1.93,705.82
Dabri,1968,66.5,2.02,736.57
Dabri,1969,95.55,3.62,1321.25
Dabri,1970,98.61,2.62,956.02
Dabri,1971,74.22,3.51,1282.09
Dabri,1972,71.51,1.75,637.99
Dabri,1973,92.39,3.34,1206.85
Dabri,1976,81.13,3.14,1142.37
Dabri,1978,72.81,3.19,1164.65
Dabri,1979,79.19,2.03,740.46
Dabri,1980,90.66,2.65,968.08
Dabri,1985,84.0,1.59,577.63
Dabri,1986,73.06,1.77,641.43
Dabri,1987,96.65,2.03,740.0
Dabri,1989,61.54,2.18,797.33
Dabri,1990,97.87,3.39,1234.59
Dabri,1992,57.12,2.12,774.65
Dabri,1995,83.25,2.37,862.75
Dabri,1999,74.83,2.16,788.61
Dabri,2013,91.58,3.68,1338.49
Dabri,2024,60.1,2.76,1011.01
Dabri,2025,81.28,4.16,1519.03
Dameracherla,1907,33.04,1.94,707.41
Dameracherla,1908,60.65,2.31,845.55
Dameracherla,1909,39.98,1.88,685.12
Dameracherla,1910,50.36,2.26,825.52
Dameracherla,1911,24.08,1.45,529.66
Dameracherla,1912,32.23,1.77,646.44
Dameracherla,1915,84.24,3.31,1207.93
Dameracherla,1917,32.47,2.74,1000.93
Dameracherla,1920,53.88,1.49,544.53
Dameracherla,1921,30.77,2.06,752.1
Dameracherla,1922,47.26,1.96,714.84
Dameracherla,1923,57.83,1.72,628.84
Dameracherla,1925,62.67,2.54,925.29
Dameracherla,1926,35.73,1.6,584.14
Dameracherla,1929,34.46,1.78,649.78
Dameracherla,1933,54.71,2.74,1001.86
Dameracherla,1934,26.73,1.71,623.33
Dameracherla,1943,32.76,2.12,775.54
Dameracherla,1945,65.84,2.16,786.8
Dameracherla,1946,26.15,1.75,639.77
Dameracherla,1948,27.41,1.87,683.05
Dameracherla,1949,32.84,1.82,665.45
Dameracherla,1954,74.87,1.99,726.66
Dameracherla,1967,48.44,1.93,703.29
Dameracherla,1968,51.42,1.8,659.43
Dameracherla,1969,35.72,2.01,733.76
Dameracherla,1970,33.58,2.31,842.67
Dameracherla,1971,46.71,1.61,589.08
Dameracherla,1972,28.01,1.27,465.06
Dameracherla,1973,37.73,2.2,803.81
Dameracherla,1976,57.05,2.23,816.81
Dameracherla,1978,64.6,3.04,1109.26
Dameracherla,1979,35.47,1.84,673.22
Dameracherla,1980,33.83,1.56,570.17
Dameracherla,1985,32.74,1.73,631.15
Dameracherla,1986,48.05,1.85,674.98
Dameracherla,1987,77.94,2.34,852.38
Dameracherla,1989,58.52,2.29,834.66
Dameracherla,1990,44.09,2.7,987.26
Dameracherla,1992,32.16,1.59,582.9
Dameracherla,1995,62.8,2.62,957.98
Dameracherla,1999,40.29,1.6,582.91
Dameracherla,2013,64.43,2.77,1009.93
Dameracherla,2024,75.93,2.34,857.96
Dameracherla,2025,56.76,3.04,1111.31
Daredu,1907,59.5,2.64,960.96
Daredu,1908,96.27,3.09,1130.81
Daredu,1909,45.77,2.21,807.23
Daredu,1910,54.5,3.22,1174.66
Daredu,1911,50.13,2.21,805.96
Daredu,1912,47.51,2.43,890.05
Daredu,1915,91.38,3.58,1305.41
Daredu,1917,67.97,5.13,1872.81
Daredu,1920,48.03,1.65,604.01
Daredu,1921,84.57,3.58,1307.71
Daredu,1922,63.86,3.36,1225.21
Daredu,1923,95.33,2.7,983.86
Daredu,1925,94.58,3.5,1272.26
Daredu,1926,55.69,2.97,1085.62
Daredu,1929,52.93,2.71,988.84
Daredu,1933,89.84,3.62,1322.42
Daredu,1934,61.52,2.84,1036.66
Daredu,1943,45.38,2.72,991.4
Daredu,1945,53.47,3.1,1133.03
Daredu,1946,59.78,2.63,959.24
Daredu,1948,45.87,2.66,973.97
Daredu,1949,52.06,2.76,1008.96
Daredu,1954,63.12,2.84,1037.07
Daredu,1967,61.33,3.18,1160.83
Daredu,1968,53.68,2.21,808.04
Daredu,1969,87.73,3.45,1259.74
Daredu,1970,59.7,2.96,1079.7
Daredu,1971,43.46,2.61,951.64
Daredu,1972,51.32,1.86,678.99
Daredu,1973,52.1,2.55,929.78
Daredu,1976,96.4,3.27,1195.67
Daredu,1978,73.31,3.8,1385.74
Daredu,1979,43.83,1.87,681.42
Daredu,1980,58.58,3.09,1131.71
Daredu,1985,65.6,2.31,841.76
Daredu,1986,89.88,2.42,879.54
Daredu,1987,53.29,2.59,942.32
Daredu,1989,91.81,3.29,1201.51
Daredu,1990,60.1,3.49,1275.58
Daredu,1992,49.91,2.45,896.67
Daredu,1995,72.89,3.08,1124.1
Daredu,1999,57.57,2.99,1092.12
Daredu,2013,62.18,3.62,1323.04
Daredu,2024,59.1,3.73,1359.7
Daredu,2025,73.59,5.22,1906.04
Datuni_at_dudwas,1907,57.81,2.08,759.91
Datuni_at_dudwas,1908,76.91,2.55,934.5
Datuni_at_dudwas,1909,66.58,2.47,901.89
Datuni_at_dudwas,1910,69.37,2.98,1086.61
Datuni_at_dudwas,1911,83.94,2.4,877.78
Datuni_at_dudwas,1912,57.57,2.73,1000.65
Datuni_at_dudwas,1915,79.73,2.97,1085.72
Datuni_at_dudwas,1917,63.22,4.22,1540.14
Datuni_at_dudwas,1920,43.04,2.06,751.45
Datuni_at_dudwas,1921,89.41,2.61,951.05
Datuni_at_dudwas,1922,53.24,3.19,1163.94
Datuni_at_dudwas,1923,87.34,3.75,1367.14
Datuni_at_dudwas,1925,66.76,2.03,739.93
Datuni_at_dudwas,1926,70.11,3.37,1230.63
Datuni_at_dudwas,1929,95.95,2.45,892.85
Datuni_at_dudwas,1933,90.41,3.65,1330.66
Datuni_at_dudwas,1934,38.39,3.35,1220.99
Datuni_at_dudwas,1943,63.43,2.93,1070.66
Datuni_at_dudwas,1945,89.95,3.77,1374.64
Datuni_at_dudwas,1946,82.91,3.4,1235.98
Datuni_at_dudwas,1948,98.21,3.67,1342.48
Datuni_at_dudwas,1949,94.42,2.56,934.26
Datuni_at_dudwas,1954,84.47,3.12,1134.73
Datuni_at_dudwas,1967,63.05,2.11,768.79
Datuni_at_dudwas,1968,83.77,1.95,709.56
Datuni_at_dudwas,1969,97.38,3.02,1101.48
Datuni_at_dudwas,1970,85.91,3.19,1162.95
Datuni_at_dudwas,1971,54.7,2.9,1056.8
Datuni_at_dudwas,1972,70.65,1.8,653.73
Datuni_at_dudwas,1973,84.67,3.8,1373.95
Datuni_at_dudwas,1976,82.23,3.12,1136.01
Datuni_at_dudwas,1978,75.81,3.17,1157.11
Datuni_at_dudwas,1979,87.64,2.75,1002.03
Datuni_at_dudwas,1980,71.91,2.55,929.57
Datuni_at_dudwas,1985,67.66,2.0,729.31
Datuni_at_dudwas,1986,76.95,2.25,816.19
Datuni_at_dudwas,1987,61.04,2.31,843.14
Datuni_at_dudwas,1989,71.89,2.23,814.58
Datuni_at_dudwas,1990,69.95,3.61,1315.89
Datuni_at_dudwas,1992,67.69,1.62,591.6
Datuni_at_dudwas,1995,66.09,2.09,763.81
Datuni_at_dudwas,1999,96.18,3.7,1349.24
Datuni_at_dudwas,2013,72.91,3.54,1281.3
Datuni_at_dudwas,2024,73.48,3.75,1370.89
Datuni_at_dudwas,2025,86.31,3.52,1279.96
Deb_at_khajuri,1907,33.37,1.34,488.38
Deb_at_khajuri,1908,40.31,1.36,496.27
Deb_at_khajuri,1909,44.51,1.96,717.12
Deb_at_khajuri,1910,46.98,2.36,862.11
Deb_at_khajuri,1911,40.67,1.09,397.27
Deb_at_khajuri,1912,72.59,1.47,536.76
Deb_at_khajuri,1915,71.92,2.11,769.8
Deb_at_khajuri,1917,49.23,2.04,745.89
Deb_at_khajuri,1920,73.76,1.53,560.83
Deb_at_khajuri,1921,35.86,1.96,714.75
Deb_at_khajuri,1922,56.87,1.58,577.8
Deb_at_khajuri,1923,46.72,1.35,493.53
Deb_at_khajuri,1925,29.51,1.43,520.9
Deb_at_khajuri,1926,60.83,1.59,580.19
Deb_at_khajuri,1929,33.24,1.14,415.01
Deb_at_khajuri,1933,94.06,3.09,1128.22
Deb_at_khajuri,1934,89.23,2.27,826.85
Deb_at_khajuri,1943,87.08,2.33,850.33
Deb_at_khajuri,1945,49.8,1.57,571.77
Deb_at_khajuri,1946,52.1,2.63,959.82
Deb_at_khajuri,1948,81.5,2.82,1033.88
Deb_at_khajuri,1949,90.98,2.4,877.63
Deb_at_khajuri,1954,54.38,2.08,758.46
Deb_at_khajuri,1967,63.47,1.51,549.63
Deb_at_khajuri,1968,96.26,1.4,511.66
Deb_at_khajuri,1969,79.17,2.61,952.15
Deb_at_khajuri,1970,78.09,2.62,954.51
Deb_at_khajuri,1971,64.1,1.73,632.96
Deb_at_khajuri,1972,32.45,1.14,417.65
Deb_at_khajuri,1973,75.41,2.75,1001.1
Deb_at_khajuri,1976,63.37,2.25,825.1
Deb_at_khajuri,1978,81.39,2.31,844.47
Deb_at_khajuri,1979,86.85,1.94,704.57
Deb_at_khajuri,1980,46.79,1.77,648.75
Deb_at_khajuri,1985,65.87,1.48,540.73
Deb_at_khajuri,1986,63.19,1.8,657.24
Deb_at_khajuri,1987,39.87,1.41,512.9
Deb_at_khajuri,1989,76.32,2.55,932.07
Deb_at_khajuri,1990,73.7,2.1,763.19
Deb_at_khajuri,1992,54.9,1.28,467.69
Deb_at_khajuri,1995,55.68,1.36,496.63
Deb_at_khajuri,1999,52.98,1.88,686.19
Deb_at_khajuri,2013,69.01,2.43,884.04
Deb_at_khajuri,2024,75.72,2.78,1017.33
Deb_at_khajuri,2025,60.13,2.52,918.5
Degloor,1907,54.93,2.14,779.32
Degloor,1908,83.55,2.82,1033.18
Degloor,1909,43.17,2.06,753.26
Degloor,1910,71.56,3.26,1185.52
Degloor,1911,37.43,1.69,616.11
Degloor,1912,38.02,2.25,824.32
Degloor,1915,96.32,2.76,1005.89
Degloor,1917,64.26,3.62,1321.7
Degloor,1920,61.79,1.36,497.86
Degloor,1921,55.49,2.5,912.55
Degloor,1922,52.54,2.59,946.81
Degloor,1923,56.48,2.04,744.8
Degloor,1925,33.98,2.01,733.1
Degloor,1926,44.65,2.3,838.66
Degloor,1929,58.31,1.6,585.01
Degloor,1933,62.12,3.75,1367.55
Degloor,1934,64.84,2.91,1063.34
Degloor,1943,61.48,3.0,1095.91
Degloor,1945,56.5,2.64,963.08
Degloor,1946,48.31,2.82,1029.57
Degloor,1948,70.77,3.15,1153.53
Degloor,1949,59.87,3.48,1269.58
Degloor,1954,57.42,2.12,771.37
Degloor,1967,43.55,2.14,780.17
Degloor,1968,58.6,2.02,740.88
Degloor,1969,41.99,2.28,831.4
Degloor,1970,72.59,2.87,1047.04
Degloor,1971,39.02,1.66,606.32
Degloor,1972,54.67,1.09,400.19
Degloor,1973,50.34,2.96,1081.56
Degloor,1976,73.14,2.08,762.51
Degloor,1978,59.88,2.84,1037.17
Degloor,1979,48.03,2.22,808.83
Degloor,1980,46.89,2.17,793.01
Degloor,1985,34.25,2.24,815.92
Degloor,1986,40.47,1.63,594.12
Degloor,1987,41.04,2.31,842.72
Degloor,1989,65.88,2.87,1046.59
Degloor,1990,85.2,3.1,1130.2
Degloor,1992,61.96,1.6,586.7
Degloor,1995,57.9,2.54,926.07
Degloor,1999,59.56,2.14,780.79
Degloor,2013,57.26,2.76,1006.5
Degloor,2024,63.2,2.7,987.23
Degloor,2025,65.5,3.43,1250.35
Denwa_at_matkuli,1907,88.74,3.02,1104.09
Denwa_at_matkuli,1908,80.25,4.39,1608.56
Denwa_at_matkuli,1909,68.17,3.28,1198.19
Denwa_at_matkuli,1910,92.97,4.37,1586.93
Denwa_at_matkuli,1911,66.87,3.74,1359.39
Denwa_at_matkuli,1912,89.63,3.55,1288.16
Denwa_at_matkuli,1915,88.35,4.98,1808.08
Denwa_at_matkuli,1917,86.37,5.38,1951.5
Denwa_at_matkuli,1920,68.16,2.65,966.05
Denwa_at_matkuli,1921,88.36,3.37,1223.86
Denwa_at_matkuli,1922,52.22,3.95,1441.74
Denwa_at_matkuli,1923,93.25,3.85,1385.41
Denwa_at_matkuli,1925,97.77,3.62,1312.69
Denwa_at_matkuli,1926,97.25,5.14,1867.54
Denwa_at_matkuli,1929,94.16,4.46,1626.37
Denwa_at_matkuli,1933,92.52,4.51,1626.76
Denwa_at_matkuli,1934,87.12,5.86,2134.83
Denwa_at_matkuli,1943,66.29,4.85,1757.22
Denwa_at_matkuli,1945,84.89,4.51,1638.28
Denwa_at_matkuli,1946,83.32,4.51,1638.67
Denwa_at_matkuli,1948,64.32,4.52,1640.07
Denwa_at_matkuli,1949,76.15,4.65,1693.03
Denwa_at_matkuli,1954,95.45,4.02,1463.33
Denwa_at_matkuli,1967,84.52,4.27,1558.76
Denwa_at_matkuli,1968,88.99,4.03,1473.92
Denwa_at_matkuli,1969,80.91,4.45,1615.06
Denwa_at_matkuli,1970,90.75,4.14,1487.85
Denwa_at_matkuli,1971,72.15,4.68,1704.12
Denwa_at_matkuli,1972,97.42,3.46,1260.55
Denwa_at_matkuli,1973,90.98,5.32,1921.08
Denwa_at_matkuli,1976,72.45,4.28,1562.01
Denwa_at_matkuli,1978,82.87,4.28,1544.55
Denwa_at_matkuli,1979,77.06,2.54,920.4
Denwa_at_matkuli,1980,87.88,3.56,1301.71
Denwa_at_matkuli,1985,80.93,3.72,1359.3
Denwa_at_matkuli,1986,83.22,3.86,1401.5
Denwa_at_matkuli,1987,56.21,2.49,904.64
Denwa_at_matkuli,1989,78.78,2.62,958.12
Denwa_at_matkuli,1990,62.85,4.96,1805.53
Denwa_at_matkuli,1992,75.7,3.13,1133.13
Denwa_at_matkuli,1995,90.77,3.0,1087.29
Denwa_at_matkuli,1999,84.18,4.02,1440.71
Denwa_at_matkuli,2013,88.17,4.96,1789.48
Denwa_at_matkuli,2024,95.59,4.53,1655.15
Denwa_at_matkuli,2025,76.18,4.42,1613.04
Dhadgaon,1907,40.15,1.32,482.67
Dhadgaon,1908,32.4,1.28,468.07
Dhadgaon,1909,27.07,1.56,570.0
Dhadgaon,1910,63.2,2.52,919.94
Dhadgaon,1911,26.29,0.86,313.73
Dhadgaon,1912,67.13,1.54,562.38
Dhadgaon,1915,72.82,1.95,710.5
Dhadgaon,1917,45.62,2.11,768.6
Dhadgaon,1920,51.82,1.3,475.01
Dhadgaon,1921,63.33,1.89,689.69
Dhadgaon,1922,51.32,1.54,563.82
Dhadgaon,1923,42.97,1.24,452.37
Dhadgaon,1925,80.75,1.41,514.99
Dhadgaon,1926,23.31,1.43,523.6
Dhadgaon,1929,71.55,1.37,501.0
Dhadgaon,1933,64.16,2.24,818.63
Dhadgaon,1934,31.16,1.67,610.9
Dhadgaon,1943,52.34,2.36,862.98
Dhadgaon,1945,57.84,1.87,680.97
Dhadgaon,1946,66.58,2.85,1039.44
Dhadgaon,1948,73.62,2.72,996.44
Dhadgaon,1949,65.24,2.71,990.07
Dhadgaon,1954,54.07,1.88,682.73
Dhadgaon,1967,79.88,2.34,852.92
Dhadgaon,1968,88.12,1.81,661.37
Dhadgaon,1969,92.18,2.57,937.4
Dhadgaon,1970,83.23,2.65,963.19
Dhadgaon,1971,42.01,1.69,616.58
Dhadgaon,1972,54.74,1.67,611.25
Dhadgaon,1973,54.67,2.33,852.13
Dhadgaon,1976,81.76,3.95,1446.23
Dhadgaon,1978,54.22,2.06,751.85
Dhadgaon,1979,71.81,2.34,853.47
Dhadgaon,1980,39.5,1.74,636.38
Dhadgaon,1985,61.68,1.14,414.68
Dhadgaon,1986,26.27,1.07,390.95
Dhadgaon,1987,68.07,1.35,491.99
Dhadgaon,1989,81.46,2.41,878.03
Dhadgaon,1990,95.1,2.48,901.46
Dhadgaon,1992,64.65,1.81,659.12
Dhadgaon,1995,53.74,1.63,595.74
Dhadgaon,1999,64.02,1.18,430.72
Dhadgaon,2013,89.72,2.96,1076.03
Dhadgaon,2024,87.22,2.52,919.6
Dhadgaon,2025,52.41,2.59,944.39
Dhariawad,1907,55.16,1.42,517.09
Dhariawad,1908,63.41,1.8,659.9
Dhariawad,1909,39.81,1.3,472.43
Dhariawad,1910,54.46,2.1,768.0
Dhariawad,1911,89.43,1.3,476.07
Dhariawad,1912,50.68,1.66,606.59
Dhariawad,1915,45.25,1.29,472.44
Dhariawad,1917,76.35,4.65,1698.69
Dhariawad,1920,76.34,1.93,707.18
Dhariawad,1921,52.22,1.52,553.31
Dhariawad,1922,95.65,2.5,910.7
Dhariawad,1923,54.3,2.14,779.7
Dhariawad,1925,72.13,1.48,539.77
Dhariawad,1926,83.49,2.85,1038.73
Dhariawad,1929,64.17,2.11,768.68
Dhariawad,1933,86.24,3.03,1101.37
Dhariawad,1934,67.39,2.71,989.79
Dhariawad,1943,68.41,2.18,792.43
Dhariawad,1945,43.57,2.12,768.73
Dhariawad,1946,67.15,3.69,1348.16
Dhariawad,1948,61.14,2.47,903.07
Dhariawad,1949,40.1,1.37,500.21
Dhariawad,1954,73.22,2.82,1030.83
Dhariawad,1967,55.41,1.6,581.31
Dhariawad,1968,85.82,1.77,647.15
Dhariawad,1969,82.8,2.75,1001.34
Dhariawad,1970,47.87,1.92,700.07
Dhariawad,1971,47.99,2.23,812.78
Dhariawad,1972,40.67,1.4,511.55
Dhariawad,1973,71.54,3.46,1260.28
Dhariawad,1976,90.42,3.16,1156.78
Dhariawad,1978,75.64,2.76,1008.74
Dhariawad,1979,76.49,1.82,664.4
Dhariawad,1980,79.7,1.97,719.95
Dhariawad,1985,57.71,1.8,653.62
Dhariawad,1986,95.56,1.81,661.07
Dhariawad,1987,77.13,1.76,641.59
Dhariawad,1989,46.84,2.1,767.28
Dhariawad,1990,59.17,2.54,928.19
Dhariawad,1992,72.96,1.88,685.92
Dhariawad,1995,80.23,1.65,601.48
Dhariawad,1999,76.88,2.27,828.2
Dhariawad,2013,66.99,3.15,1149.64
Dhariawad,2024,61.84,2.08,757.14
Dhariawad,2025,91.94,2.73,996.04
Dhule,1907,38.3,0.99,359.67
Dhule,1908,22.11,0.84,306.38
Dhule,1909,36.73,1.29,471.25
Dhule,1910,39.06,1.69,615.56
Dhule,1911,32.65,0.69,253.06
Dhule,1912,69.01,1.39,509.79
Dhule,1915,55.86,1.79,653.31
Dhule,1917,63.32,1.79,654.24
Dhule,1920,29.04,0.78,284.14
Dhule,1921,54.04,1.34,489.83
Dhule,1922,55.83,1.36,495.92
Dhule,1923,59.67,1.54,562.78
Dhule,1925,62.42,1.33,485.88
Dhule,1926,24.56,1.14,417.17
Dhule,1929,56.12,1.27,462.68
Dhule,1933,43.85,1.85,674.55
Dhule,1934,36.34,1.06,386.57
Dhule,1943,42.85,1.66,605.63
Dhule,1945,65.23,1.32,480.8
Dhule,1946,55.23,2.19,800.19
Dhule,1948,37.73,1.87,683.87
Dhule,1949,61.64,2.24,817.6
Dhule,1954,88.62,1.66,605.41
Dhule,1967,65.61,2.17,792.37
Dhule,1968,83.77,1.77,647.26
Dhule,1969,60.44,2.74,999.19
Dhule,1970,45.86,1.78,648.27
Dhule,1971,43.37,1.41,516.31
Dhule,1972,29.07,0.9,330.54
Dhule,1973,49.0,1.83,669.26
Dhule,1976,78.87,2.8,1024.23
Dhule,1978,50.8,1.44,527.33
Dhule,1979,38.74,1.74,636.53
Dhule,1980,53.0,1.81,663.05
Dhule,1985,41.72,1.4,509.94
Dhule,1986,23.82,0.94,342.15
Dhule,1987,70.88,1.7,622.25
Dhule,1989,63.77,1.57,572.01
Dhule,1990,44.29,1.59,580.98
Dhule,1992,64.09,1.42,519.02
Dhule,1995,37.2,1.42,516.78
Dhule,1999,45.2,1.57,572.2
Dhule,2013,42.38,1.8,656.23
Dhule,2024,68.78,2.99,1094.78
Dhule,2025,49.76,2.68,979.5
Dindori,1907,70.51,3.01,1099.83
Dindori,1908,71.29,4.29,1568.69
Dindori,1909,37.48,3.03,1106.24
Dindori,1910,50.23,3.04,1110.45
Dindori,1911,55.4,2.93,1069.14
Dindori,1912,69.37,2.99,1094.84
Dindori,1915,81.29,4.39,1602.69
Dindori,1917,67.33,4.73,1725.74
Dindori,1920,82.36,2.58,944.99
Dindori,1921,74.64,3.27,1191.79
Dindori,1922,40.54,3.11,1136.67
Dindori,1923,70.02,4.67,1698.1
Dindori,1925,86.79,4.14,1510.5
Dindori,1926,86.35,4.52,1645.46
Dindori,1929,82.59,3.48,1271.38
Dindori,1933,89.62,4.23,1539.09
Dindori,1934,83.47,4.11,1500.53
Dindori,1943,59.8,4.34,1579.02
Dindori,1945,71.2,4.09,1491.42
Dindori,1946,59.41,4.46,1622.28
Dindori,1948,89.21,4.05,1480.85
Dindori,1949,67.99,3.87,1411.77
Dindori,1954,35.79,2.35,859.5
Dindori,1967,71.28,4.2,1532.31
Dindori,1968,81.76,3.13,1147.39
Dindori,1969,52.91,3.07,1122.26
Dindori,1970,44.27,3.77,1376.22
Dindori,1971,82.85,4.0,1459.1
Dindori,1972,98.82,3.77,1377.58
Dindori,1973,78.16,3.91,1427.92
Dindori,1976,61.43,3.01,1100.29
Dindori,1978,84.15,3.65,1332.57
Dindori,1979,57.56,2.49,910.59
Dindori,1980,59.23,4.19,1532.83
Dindori,1985,49.18,3.63,1322.04
Dindori,1986,71.28,3.67,1338.25
Dindori,1987,58.22,3.03,1102.44
Dindori,1989,91.62,2.76,1008.82
Dindori,1990,64.34,4.23,1544.36
Dindori,1992,61.6,2.85,1044.13
Dindori,1995,71.01,3.4,1241.41
Dindori,1999,61.1,3.17,1156.83
Dindori,2013,68.81,4.1,1498.2
Dindori,2024,51.15,4.16,1523.54
Dindori,2025,85.99,3.77,1376.96
Dipuru,1907,55.26,1.45,527.04
Dipuru,1908,77.62,1.76,643.83
Dipuru,1909,70.04,2.22,812.0
Dipuru,1910,43.69,2.42,884.07
Dipuru,1911,70.66,2.02,736.86
Dipuru,1912,63.37,2.38,869.94
Dipuru,1915,74.51,2.82,1024.78
Dipuru,1917,84.89,3.05,1109.66
Dipuru,1920,61.02,2.17,793.99
Dipuru,1921,87.38,1.83,666.28
Dipuru,1922,64.26,2.61,954.14
Dipuru,1923,76.37,1.67,610.52
Dipuru,1925,98.93,3.37,1230.32
Dipuru,1926,84.51,1.65,601.21
Dipuru,1929,36.37,1.82,664.2
Dipuru,1933,69.41,2.08,757.5
Dipuru,1934,92.62,1.54,562.32
Dipuru,1943,97.43,3.07,1116.75
Dipuru,1945,46.7,1.26,460.32
Dipuru,1946,95.42,2.86,1041.87
Dipuru,1948,53.67,2.13,780.18
Dipuru,1949,79.6,2.07,756.66
Dipuru,1954,80.74,2.19,795.81
Dipuru,1967,66.72,2.09,763.77
Dipuru,1968,76.7,1.66,606.29
Dipuru,1969,96.03,2.71,985.66
Dipuru,1970,35.27,1.69,615.67
Dipuru,1971,93.56,1.72,628.86
Dipuru,1972,75.28,2.94,1076.61
Dipuru,1973,84.98,2.04,743.03
Dipuru,1976,87.89,2.45,894.78
Dipuru,1978,72.47,2.55,929.1
Dipuru,1979,78.9,2.55,928.47
Dipuru,1980,82.35,1.94,710.1
Dipuru,1985,62.39,2.06,750.74
Dipuru,1986,96.66,2.09,760.48
Dipuru,1987,48.07,2.39,871.7
Dipuru,1989,60.43,1.95,713.1
Dipuru,1990,71.38,2.76,1008.33
Dipuru,1992,65.43,2.3,842.37
Dipuru,1995,89.41,1.88,684.13
Dipuru,1999,54.96,1.74,635.91
Dipuru,2013,53.35,2.13,778.83
Dipuru,2024,72.33,2.91,1066.85
Dipuru,2025,79.59,2.99,1087.18
Doddipadu,1907,62.22,1.27,464.52
Doddipadu,1908,43.47,1.44,528.59
Doddipadu,1909,49.76,1.63,596.1
Doddipadu,1910,84.53,2.24,819.12
Doddipadu,1911,48.49,1.2,439.49
Doddipadu,1912,30.51,1.42,520.55
Doddipadu,1915,96.72,2.26,823.27
Doddipadu,1917,70.54,1.86,679.15
Doddipadu,1920,34.58,1.03,376.66
Doddipadu,1921,49.21,1.52,554.33
Doddipadu,1922,37.28,1.15,420.18
Doddipadu,1923,50.05,1.12,409.87
Doddipadu,1925,30.96,1.64,599.1
Doddipadu,1926,49.75,1.17,426.18
Doddipadu,1929,33.79,1.34,490.39
Doddipadu,1933,44.64,1.77,644.84
Doddipadu,1934,36.19,1.21,439.91
Doddipadu,1943,46.72,1.74,636.16
Doddipadu,1945,40.69,1.56,570.76
Doddipadu,1946,73.24,1.91,695.84
Doddipadu,1948,32.32,1.47,539.16
Doddipadu,1949,81.21,1.96,715.97
Doddipadu,1954,59.08,1.44,523.78
Doddipadu,1967,40.04,1.32,480.57
Doddipadu,1968,30.84,1.27,465.47
Doddipadu,1969,65.49,1.34,488.03
Doddipadu,1970,56.71,1.96,713.96
Doddipadu,1971,47.49,1.28,466.33
Doddipadu,1972,55.46,1.47,539.41
Doddipadu,1973,42.3,1.78,648.82
Doddipadu,1976,25.46,1.25,458.4
Doddipadu,1978,43.46,2.2,801.58
Doddipadu,1979,74.02,2.01,731.99
Doddipadu,1980,41.8,1.35,493.6
Doddipadu,1985,36.56,1.27,463.2
Doddipadu,1986,32.2,1.11,405.88
Doddipadu,1987,34.76,1.7,619.63
Doddipadu,1989,52.1,1.61,587.07
Doddipadu,1990,41.68,1.52,556.3
Doddipadu,1992,38.07,1.39,508.31
Doddipadu,1995,51.82,1.87,683.35
Doddipadu,1999,51.52,1.2,439.34
Doddipadu,2013,52.88,2.02,737.56
Doddipadu,2024,54.15,2.04,745.05
Doddipadu,2025,62.39,2.3,838.52
Dudhi_at_panagar,1907,75.98,2.5,912.51
Dudhi_at_panagar,1908,95.63,4.23,1547.67
Dudhi_at_panagar,1909,55.41,2.73,996.21
Dudhi_at_panagar,1910,88.3,3.88,1417.26
Dudhi_at_panagar,1911,65.1,3.25,1181.43
Dudhi_at_panagar,1912,88.17,3.3,1204.59
Dudhi_at_panagar,1915,82.69,4.71,1719.27
Dudhi_at_panagar,1917,76.62,4.82,1759.18
Dudhi_at_panagar,1920,75.53,2.67,978.77
Dudhi_at_panagar,1921,97.49,3.19,1165.24
Dudhi_at_panagar,1922,47.23,3.19,1165.76
Dudhi_at_panagar,1923,93.14,3.99,1447.99
Dudhi_at_panagar,1925,67.12,3.46,1263.5
Dudhi_at_panagar,1926,83.13,4.73,1727.45
Dudhi_at_panagar,1929,84.53,4.33,1579.26
Dudhi_at_panagar,1933,94.83,4.76,1731.07
Dudhi_at_panagar,1934,80.2,4.8,1752.15
Dudhi_at_panagar,1943,68.4,4.04,1466.98
Dudhi_at_panagar,1945,80.41,3.67,1339.43
Dudhi_at_panagar,1946,96.47,3.68,1339.27
Dudhi_at_panagar,1948,87.28,4.23,1547.62
Dudhi_at_panagar,1949,90.95,4.62,1687.52
Dudhi_at_panagar,1954,64.44,3.34,1218.76
Dudhi_at_panagar,1967,55.4,3.15,1150.69
Dudhi_at_panagar,1968,76.78,2.37,863.93
Dudhi_at_panagar,1969,70.26,2.56,930.82
Dudhi_at_panagar,1970,96.13,3.87,1408.06
Dudhi_at_panagar,1971,47.71,2.96,1081.55
Dudhi_at_panagar,1972,97.56,2.57,941.2
Dudhi_at_panagar,1973,75.84,3.97,1442.64
Dudhi_at_panagar,1976,90.42,2.98,1085.02
Dudhi_at_panagar,1978,78.33,3.71,1352.7
Dudhi_at_panagar,1979,85.95,2.74,1001.85
Dudhi_at_panagar,1980,76.79,2.54,930.05
Dudhi_at_panagar,1985,82.06,2.99,1093.11
Dudhi_at_panagar,1986,93.55,3.49,1270.57
Dudhi_at_panagar,1987,56.44,2.04,743.23
Dudhi_at_panagar,1989,65.08,2.01,735.21
Dudhi_at_panagar,1990,72.44,3.59,1311.5
Dudhi_at_panagar,1992,94.79,2.41,877.29
Dudhi_at_panagar,1995,65.46,2.34,854.93
Dudhi_at_panagar,1999,71.06,3.64,1305.01
Dudhi_at_panagar,2013,72.71,4.23,1538.03
Dudhi_at_panagar,2024,49.45,2.89,1055.96
Dudhi_at_panagar,2025,91.78,3.26,1190.58
Elunuthimangalam,1907,33.64,1.83,668.44
Elunuthimangalam,1908,39.82,1.53,559.9
Elunuthimangalam,1909,51.38,1.95,710.66
Elunuthimangalam,1910,44.06,1.81,662.16
Elunuthimangalam,1911,30.81,1.46,533.94
Elunuthimangalam,1912,42.07,1.76,645.14
Elunuthimangalam,1915,30.65,2.13,775.68
Elunuthimangalam,1917,28.12,2.06,750.4
Elunuthimangalam,1920,32.7,1.94,708.8
Elunuthimangalam,1921,39.71,2.14,780.97
Elunuthimangalam,1922,48.53,2.2,804.43
Elunuthimangalam,1923,19.0,1.0,364.39
Elunuthimangalam,1925,46.94,1.83,668.59
Elunuthimangalam,1926,49.53,1.79,654.57
Elunuthimangalam,1929,37.33,1.64,599.7
Elunuthimangalam,1933,35.02,2.12,773.64
Elunuthimangalam,1934,44.2,1.5,546.8
Elunuthimangalam,1943,37.13,2.73,997.63
Elunuthimangalam,1945,35.49,1.83,668.7
Elunuthimangalam,1946,52.2,3.32,1210.37
Elunuthimangalam,1948,30.7,2.7,988.73
Elunuthimangalam,1949,22.99,2.18,796.45
Elunuthimangalam,1954,36.05,2.06,752.39
Elunuthimangalam,1967,26.14,1.14,416.26
Elunuthimangalam,1968,24.47,1.26,460.12
Elunuthimangalam,1969,32.79,1.55,565.81
Elunuthimangalam,1970,39.73,1.58,575.11
Elunuthimangalam,1971,41.17,1.66,606.46
Elunuthimangalam,1972,59.81,2.4,876.68
Elunuthimangalam,1973,33.08,1.36,498.21
Elunuthimangalam,1976,36.18,1.55,566.39
Elunuthimangalam,1978,53.28,1.84,671.25
Elunuthimangalam,1979,67.71,2.63,958.89
Elunuthimangalam,1980,40.8,1.63,597.35
Elunuthimangalam,1985,36.78,1.8,655.48
Elunuthimangalam,1986,34.28,1.76,640.91
Elunuthimangalam,1987,42.06,1.91,697.07
Elunuthimangalam,1989,38.48,1.87,682.53
Elunuthimangalam,1990,38.08,1.5,548.06
Elunuthimangalam,1992,37.98,1.92,701.25
Elunuthimangalam,1995,38.11,1.37,498.87
Elunuthimangalam,1999,39.25,2.11,770.73
Elunuthimangalam,2013,34.98,1.07,390.66
Elunuthimangalam,2024,36.8,2.1,767.8
Elunuthimangalam,2025,45.48,1.47,537.05
Errakalva____ananthapalli,1907,86.17,2.52,917.04
Errakalva____ananthapalli,1908,52.98,2.7,985.36
Errakalva____ananthapalli,1909,42.65,2.91,1060.56
Errakalva____ananthapalli,1910,55.9,4.65,1697.77
Errakalva____ananthapalli,1911,58.19,3.0,1094.96
Errakalva____ananthapalli,1912,57.32,2.95,1080.03
Errakalva____ananthapalli,1915,65.56,3.45,1260.21
Errakalva____ananthapalli,1917,50.7,4.42,1613.59
Errakalva____ananthapalli,1920,60.71,1.9,696.86
Errakalva____ananthapalli,1921,43.94,3.07,1119.42
Errakalva____ananthapalli,1922,47.75,2.26,824.04
Errakalva____ananthapalli,1923,72.47,3.48,1270.32
Errakalva____ananthapalli,1925,57.48,3.76,1372.6
Errakalva____ananthapalli,1926,47.89,2.5,911.09
Errakalva____ananthapalli,1929,73.3,2.09,764.36
Errakalva____ananthapalli,1933,85.87,3.11,1130.39
Errakalva____ananthapalli,1934,43.86,2.39,872.09
Errakalva____ananthapalli,1943,58.58,2.88,1050.43
Errakalva____ananthapalli,1945,41.99,2.39,872.52
Errakalva____ananthapalli,1946,45.23,2.52,919.17
Errakalva____ananthapalli,1948,40.03,2.77,1014.1
Errakalva____ananthapalli,1949,69.6,3.57,1303.37
Errakalva____ananthapalli,1954,92.45,3.67,1338.69
Errakalva____ananthapalli,1967,43.36,2.65,965.95
Errakalva____ananthapalli,1968,66.84,2.22,811.67
Errakalva____ananthapalli,1969,72.87,3.9,1425.19
Errakalva____ananthapalli,1970,51.58,3.92,1431.36
Errakalva____ananthapalli,1971,48.36,2.79,1019.65
Errakalva____ananthapalli,1972,80.26,3.11,1137.05
Errakalva____ananthapalli,1973,56.6,2.88,1051.36
Errakalva____ananthapalli,1976,73.86,3.47,1271.7
Errakalva____ananthapalli,1978,77.51,3.68,1342.8
Errakalva____ananthapalli,1979,73.46,2.58,941.26
Errakalva____ananthapalli,1980,62.25,3.12,1142.23
Errakalva____ananthapalli,1985,62.63,2.74,999.13
Errakalva____ananthapalli,1986,96.62,2.29,835.84
Errakalva____ananthapalli,1987,47.5,2.59,946.4
Errakalva____ananthapalli,1989,82.25,3.19,1157.1
Errakalva____ananthapalli,1990,94.79,3.64,1325.22
Errakalva____ananthapalli,1992,67.36,2.65,971.63
Errakalva____ananthapalli,1995,53.71,3.56,1298.68
Errakalva____ananthapalli,1999,45.41,2.23,812.39
Errakalva____ananthapalli,2013,64.34,2.95,1075.44
Errakalva____ananthapalli,2024,93.41,3.92,1434.26
Errakalva____ananthapalli,2025,59.07,3.87,1410.75
Fekoghat,1907,52.44,2.84,1027.75
Fekoghat,1908,80.09,4.06,1484.14
Fekoghat,1909,97.86,4.46,1628.66
Fekoghat,1910,79.48,3.67,1338.27
Fekoghat,1911,41.56,3.56,1297.67
Fekoghat,1912,66.65,3.86,1412.55
Fekoghat,1915,68.95,3.17,1155.44
Fekoghat,1917,84.09,4.69,1711.43
Fekoghat,1920,94.2,3.39,1239.75
Fekoghat,1921,86.15,3.13,1142.87
Fekoghat,1922,81.78,3.79,1376.58
Fekoghat,1923,98.95,3.95,1441.37
Fekoghat,1925,58.45,3.62,1319.56
Fekoghat,1926,83.04,5.34,1949.64
Fekoghat,1929,66.64,3.95,1438.24
Fekoghat,1933,59.46,4.37,1595.23
Fekoghat,1934,51.54,2.95,1076.56
Fekoghat,1943,64.59,3.65,1332.03
Fekoghat,1945,54.1,3.34,1218.61
Fekoghat,1946,56.73,3.83,1393.41
Fekoghat,1948,54.01,3.9,1426.42
Fekoghat,1949,67.09,3.99,1454.79
Fekoghat,1954,57.85,2.62,957.13
Fekoghat,1967,54.6,3.45,1256.61
Fekoghat,1968,85.15,3.68,1337.73
Fekoghat,1969,82.64,3.99,1453.41
Fekoghat,1970,74.46,3.49,1274.13
Fekoghat,1971,70.93,4.6,1659.48
Fekoghat,1972,68.06,3.48,1264.53
Fekoghat,1973,64.42,4.23,1540.69
Fekoghat,1976,51.11,3.12,1142.07
Fekoghat,1978,74.28,4.56,1649.48
Fekoghat,1979,50.73,2.62,953.19
Fekoghat,1980,56.16,4.05,1483.23
Fekoghat,1985,63.19,3.8,1380.48
Fekoghat,1986,73.73,4.18,1522.06
Fekoghat,1987,87.91,4.02,1466.54
Fekoghat,1989,78.14,3.64,1319.67
Fekoghat,1990,89.62,5.94,2169.62
Fekoghat,1992,78.72,3.56,1302.3
Fekoghat,1995,71.95,4.2,1533.15
Fekoghat,1999,92.15,4.45,1626.03
Fekoghat,2013,90.53,3.91,1416.14
Fekoghat,2024,78.4,4.15,1513.04
Fekoghat,2025,55.66,4.39,1598.15
Gagadio___sanaliya,1907,75.02,1.35,493.44
Gagadio___sanaliya,1908,90.21,1.69,618.13
Gagadio___sanaliya,1909,55.14,1.61,588.62
Gagadio___sanaliya,1910,74.82,1.94,705.25
Gagadio___sanaliya,1911,60.28,0.68,247.84
Gagadio___sanaliya,1912,63.75,2.51,916.86
Gagadio___sanaliya,1915,83.78,0.77,279.31
Gagadio___sanaliya,1917,90.61,3.03,1105.17
Gagadio___sanaliya,1920,55.37,1.27,462.27
Gagadio___sanaliya,1921,97.75,2.13,779.05
Gagadio___sanaliya,1922,81.96,1.46,531.92
Gagadio___sanaliya,1923,64.25,0.99,361.58
Gagadio___sanaliya,1925,60.49,1.59,578.76
Gagadio___sanaliya,1926,79.78,2.25,819.92
Gagadio___sanaliya,1929,45.63,1.11,402.84
Gagadio___sanaliya,1933,86.47,1.75,640.06
Gagadio___sanaliya,1934,38.27,1.34,487.82
Gagadio___sanaliya,1943,64.19,1.51,550.53
Gagadio___sanaliya,1945,63.48,2.73,993.89
Gagadio___sanaliya,1946,79.28,2.06,751.14
Gagadio___sanaliya,1948,22.78,0.51,187.41
Gagadio___sanaliya,1949,76.53,1.28,465.5
Gagadio___sanaliya,1954,50.88,2.0,726.46
Gagadio___sanaliya,1967,74.82,1.62,592.06
Gagadio___sanaliya,1968,42.97,0.88,322.17
Gagadio___sanaliya,1969,62.67,1.01,369.38
Gagadio___sanaliya,1970,92.33,2.81,1026.75
Gagadio___sanaliya,1971,64.84,1.64,597.76
Gagadio___sanaliya,1972,30.77,0.48,175.61
Gagadio___sanaliya,1973,49.77,1.41,515.33
Gagadio___sanaliya,1976,87.96,1.33,485.74
Gagadio___sanaliya,1978,47.46,0.99,360.36
Gagadio___sanaliya,1979,91.33,2.53,924.76
Gagadio___sanaliya,1980,56.36,1.69,620.11
Gagadio___sanaliya,1985,35.59,0.88,320.79
Gagadio___sanaliya,1986,81.13,1.03,376.89
Gagadio___sanaliya,1987,41.0,0.48,174.74
Gagadio___sanaliya,1989,42.48,1.43,522.96
Gagadio___sanaliya,1990,84.98,1.53,557.09
Gagadio___sanaliya,1992,60.98,1.6,584.67
Gagadio___sanaliya,1995,54.36,1.19,433.77
Gagadio___sanaliya,1999,59.17,1.06,386.18
Gagadio___sanaliya,2013,76.77,1.97,716.57
Gagadio___sanaliya,2024,69.87,2.19,800.45
Gagadio___sanaliya,2025,52.08,1.77,644.34
Gandlapet,1907,57.47,2.07,757.15
Gandlapet,1908,73.34,3.04,1108.85
Gandlapet,1909,46.81,1.56,570.67
Gandlapet,1910,82.64,2.93,1069.56
Gandlapet,1911,75.22,1.91,697.29
Gandlapet,1912,57.08,2.55,934.64
Gandlapet,1915,83.23,2.73,996.09
Gandlapet,1917,78.57,3.78,1378.89
Gandlapet,1920,88.65,1.51,551.4
Gandlapet,1921,69.57,2.94,1073.98
Gandlapet,1922,69.04,2.5,910.95
Gandlapet,1923,49.3,1.89,691.28
Gandlapet,1925,58.34,2.61,953.66
Gandlapet,1926,73.54,2.3,838.78
Gandlapet,1929,41.46,1.82,661.53
Gandlapet,1933,56.45,3.43,1252.75
Gandlapet,1934,64.57,2.42,881.59
Gandlapet,1943,69.72,2.51,914.77
Gandlapet,1945,35.36,2.48,905.99
Gandlapet,1946,44.9,2.24,816.88
Gandlapet,1948,52.72,2.4,879.75
Gandlapet,1949,46.37,2.75,1005.26
Gandlapet,1954,72.8,2.57,938.78
Gandlapet,1967,48.57,2.35,858.99
Gandlapet,1968,23.79,1.77,648.89
Gandlapet,1969,55.46,2.53,923.44
Gandlapet,1970,64.52,2.74,998.86
Gandlapet,1971,39.35,1.5,549.02
Gandlapet,1972,65.04,1.8,660.05
Gandlapet,1973,45.34,2.72,991.21
Gandlapet,1976,90.61,2.25,825.19
Gandlapet,1978,65.4,3.09,1128.84
Gandlapet,1979,39.68,2.01,734.35
Gandlapet,1980,43.53,1.75,640.31
Gandlapet,1985,37.3,1.6,583.19
Gandlapet,1986,70.17,2.34,853.28
Gandlapet,1987,77.55,2.49,907.74
Gandlapet,1989,88.5,2.63,958.24
Gandlapet,1990,79.83,4.2,1533.37
Gandlapet,1992,56.69,2.1,766.87
Gandlapet,1995,87.2,3.36,1218.79
Gandlapet,1999,41.16,1.98,724.16
Gandlapet,2013,86.51,3.89,1419.52
Gandlapet,2024,86.39,3.07,1123.57
Gandlapet,2025,78.98,3.5,1272.53
Ganjem,1907,90.05,5.63,2049.9
Ganjem,1908,93.1,5.05,1847.85
Ganjem,1909,75.36,4.29,1564.63
Ganjem,1910,62.03,4.1,1498.1
Ganjem,1911,61.95,4.03,1469.66
Ganjem,1912,98.19,5.22,1889.66
Ganjem,1915,84.66,3.94,1438.95
Ganjem,1917,62.17,4.68,1709.11
Ganjem,1920,50.94,4.34,1587.2
Ganjem,1921,78.78,3.84,1392.66
Ganjem,1922,93.92,4.03,1471.23
Ganjem,1923,95.22,5.89,2136.9
Ganjem,1925,69.37,4.43,1609.18
Ganjem,1926,89.14,4.78,1739.38
Ganjem,1929,82.84,8.27,3019.49
Ganjem,1933,88.56,10.01,3653.83
Ganjem,1934,96.2,8.77,3185.12
Ganjem,1943,96.76,6.49,2360.99
Ganjem,1945,87.68,7.28,2655.39
Ganjem,1946,76.76,8.2,2983.03
Ganjem,1948,73.48,6.95,2535.03
Ganjem,1949,83.26,6.7,2440.49
Ganjem,1954,93.85,8.67,3164.12
Ganjem,1967,49.0,3.73,1361.89
Ganjem,1968,77.34,5.44,1989.94
Ganjem,1969,90.76,6.02,2192.68
Ganjem,1970,84.23,6.21,2259.7
Ganjem,1971,90.17,4.63,1689.95
Ganjem,1972,97.12,4.68,1713.42
Ganjem,1973,78.62,5.54,2015.31
Ganjem,1976,77.07,5.07,1850.54
Ganjem,1978,90.06,7.48,2708.01
Ganjem,1979,97.9,6.91,2481.81
Ganjem,1980,96.5,9.23,3341.97
Ganjem,1985,90.95,6.78,2446.55
Ganjem,1986,96.91,7.07,2538.24
Ganjem,1987,92.21,7.7,2802.83
Ganjem,1989,98.65,8.71,3152.89
Ganjem,1990,98.17,11.83,4236.52
Ganjem,1992,97.86,8.58,3062.18
Ganjem,1995,88.69,7.17,2568.28
Ganjem,1999,95.64,7.56,2661.93
Ganjem,2013,97.74,9.31,3342.69
Ganjem,2024,95.4,8.24,2841.24
Ganjem,2025,90.7,10.21,3602.88
Garimillapalli,1907,75.89,3.06,1116.92
Garimillapalli,1908,64.95,3.21,1173.41
Garimillapalli,1909,57.04,2.27,830.3
Garimillapalli,1910,56.91,3.0,1093.34
Garimillapalli,1911,39.79,2.15,784.75
Garimillapalli,1912,79.92,2.81,1029.76
Garimillapalli,1915,96.31,3.39,1230.31
Garimillapalli,1917,92.12,5.68,2073.82
Garimillapalli,1920,67.39,1.72,630.9
Garimillapalli,1921,81.29,3.83,1396.52
Garimillapalli,1922,89.45,4.08,1487.62
Garimillapalli,1923,56.32,2.68,974.69
Garimillapalli,1925,82.86,3.61,1314.51
Garimillapalli,1926,74.9,3.34,1218.19
Garimillapalli,1929,55.04,3.02,1100.57
Garimillapalli,1933,76.3,4.11,1501.7
Garimillapalli,1934,76.06,3.33,1214.76
Garimillapalli,1943,51.58,2.61,952.6
Garimillapalli,1945,74.8,3.7,1350.04
Garimillapalli,1946,81.92,2.7,981.43
Garimillapalli,1948,61.57,3.18,1162.23
Garimillapalli,1949,74.02,3.57,1303.54
Garimillapalli,1954,39.69,1.74,633.21
Garimillapalli,1967,77.07,3.53,1289.09
Garimillapalli,1968,56.25,1.66,607.94
Garimillapalli,1969,98.52,1.06,384.15
Garimillapalli,1970,54.68,1.79,650.96
Garimillapalli,1971,56.76,2.27,826.91
Garimillapalli,1972,70.04,1.9,693.88
Garimillapalli,1973,89.81,3.43,1251.43
Garimillapalli,1976,83.91,3.61,1322.59
Garimillapalli,1978,76.34,4.24,1546.95
Garimillapalli,1979,64.33,2.9,1060.05
Garimillapalli,1980,63.43,2.55,932.04
Garimillapalli,1985,74.39,2.39,870.53
Garimillapalli,1986,97.4,2.79,1018.79
Garimillapalli,1987,48.92,2.38,869.98
Garimillapalli,1989,81.7,3.27,1195.35
Garimillapalli,1990,65.94,3.75,1368.49
Garimillapalli,1992,92.57,2.86,1048.13
Garimillapalli,1995,80.81,3.28,1193.87
Garimillapalli,1999,57.78,3.52,1284.76
Garimillapalli,2013,64.97,4.2,1523.71
Garimillapalli,2024,71.94,4.41,1611.33
Garimillapalli,2025,71.93,4.8,1738.0
Gaur_at_bhalawara,1907,67.38,3.55,1294.51
Gaur_at_bhalawara,1908,76.72,4.55,1666.84
Gaur_at_bhalawara,1909,59.07,3.67,1340.24
Gaur_at_bhalawara,1910,72.39,3.85,1406.19
Gaur_at_bhalawara,1911,76.63,3.23,1177.55
Gaur_at_bhalawara,1912,57.28,3.43,1254.04
Gaur_at_bhalawara,1915,91.73,3.73,1348.17
Gaur_at_bhalawara,1917,91.94,4.59,1670.81
Gaur_at_bhalawara,1920,74.78,2.57,934.03
Gaur_at_bhalawara,1921,86.27,2.87,1041.84
Gaur_at_bhalawara,1922,87.05,3.75,1360.46
Gaur_at_bhalawara,1923,90.42,4.34,1567.03
Gaur_at_bhalawara,1925,87.24,4.21,1528.19
Gaur_at_bhalawara,1926,96.71,4.52,1626.37
Gaur_at_bhalawara,1929,98.45,3.67,1335.71
Gaur_at_bhalawara,1933,89.99,4.23,1532.64
Gaur_at_bhalawara,1934,90.8,4.49,1626.32
Gaur_at_bhalawara,1943,98.28,4.07,1486.32
Gaur_at_bhalawara,1945,97.51,5.42,1978.51
Gaur_at_bhalawara,1946,96.28,4.36,1582.82
Gaur_at_bhalawara,1948,91.39,4.15,1516.21
Gaur_at_bhalawara,1949,61.9,3.72,1354.96
Gaur_at_bhalawara,1954,82.74,3.16,1144.99
Gaur_at_bhalawara,1967,94.47,3.92,1429.5
Gaur_at_bhalawara,1968,84.32,2.54,928.84
Gaur_at_bhalawara,1969,64.32,2.94,1065.46
Gaur_at_bhalawara,1970,76.16,3.99,1449.71
Gaur_at_bhalawara,1971,92.7,5.41,1968.05
Gaur_at_bhalawara,1972,93.35,1.85,668.04
Gaur_at_bhalawara,1973,96.05,4.03,1466.09
Gaur_at_bhalawara,1976,63.48,3.18,1164.38
Gaur_at_bhalawara,1978,85.43,3.72,1357.63
Gaur_at_bhalawara,1979,76.83,1.91,695.6
Gaur_at_bhalawara,1980,85.18,3.86,1403.79
Gaur_at_bhalawara,1985,74.46,3.22,1173.07
Gaur_at_bhalawara,1986,95.11,3.23,1180.33
Gaur_at_bhalawara,1987,95.72,3.68,1340.68
Gaur_at_bhalawara,1989,42.33,2.37,862.6
Gaur_at_bhalawara,1990,72.59,4.46,1622.4
Gaur_at_bhalawara,1992,73.82,2.61,947.99
Gaur_at_bhalawara,1995,98.33,4.0,1461.44
Gaur_at_bhalawara,1999,98.54,3.92,1420.57
Gaur_at_bhalawara,2013,84.51,4.86,1762.42
Gaur_at_bhalawara,2024,94.45,4.36,1589.8
Gaur_at_bhalawara,2025,81.16,3.66,1327.18
Gavachi_ver_,1907,53.74,2.3,839.76
Gavachi_ver_,1908,58.88,2.58,945.01
Gavachi_ver_,1909,57.37,3.08,1124.36
Gavachi_ver_,1910,64.27,2.94,1071.85
Gavachi_ver_,1911,68.43,1.6,582.84
Gavachi_ver_,1912,77.33,3.18,1165.63
Gavachi_ver_,1915,63.84,2.39,872.65
Gavachi_ver_,1917,74.78,4.11,1501.96
Gavachi_ver_,1920,50.68,2.38,870.5
Gavachi_ver_,1921,69.44,2.75,1004.42
Gavachi_ver_,1922,57.39,2.73,996.12
Gavachi_ver_,1923,75.26,2.24,818.81
Gavachi_ver_,1925,34.06,1.9,694.55
Gavachi_ver_,1926,48.7,2.76,1006.11
Gavachi_ver_,1929,53.55,1.98,723.41
Gavachi_ver_,1933,59.94,2.94,1074.39
Gavachi_ver_,1934,44.6,2.53,924.92
Gavachi_ver_,1943,49.37,2.75,1002.55
Gavachi_ver_,1945,79.08,3.21,1172.73
Gavachi_ver_,1946,67.39,4.58,1671.0
Gavachi_ver_,1948,43.79,2.09,766.32
Gavachi_ver_,1949,52.69,2.93,1069.17
Gavachi_ver_,1954,76.61,3.35,1221.12
Gavachi_ver_,1967,97.67,2.82,1027.84
Gavachi_ver_,1968,66.7,2.37,865.61
Gavachi_ver_,1969,75.48,3.65,1327.98
Gavachi_ver_,1970,79.33,3.8,1385.19
Gavachi_ver_,1971,54.33,2.74,1000.29
Gavachi_ver_,1972,54.23,2.02,737.81
Gavachi_ver_,1973,57.59,3.44,1256.54
Gavachi_ver_,1976,71.21,4.56,1664.96
Gavachi_ver_,1978,82.15,2.98,1089.44
Gavachi_ver_,1979,51.49,2.61,952.96
Gavachi_ver_,1980,42.74,2.6,950.58
Gavachi_ver_,1985,66.01,1.96,715.81
Gavachi_ver_,1986,52.28,2.0,728.87
Gavachi_ver_,1987,43.44,1.74,636.3
Gavachi_ver_,1989,65.21,2.86,1044.01
Gavachi_ver_,1990,76.29,3.11,1134.63
Gavachi_ver_,1992,70.43,2.86,1047.8
Gavachi_ver_,1995,43.29,2.28,832.58
Gavachi_ver_,1999,62.15,2.36,861.23
Gavachi_ver_,2013,85.4,4.5,1643.67
Gavachi_ver_,2024,81.36,3.91,1429.38
Gavachi_ver_,2025,66.32,4.09,1491.88
Gidhade,1907,26.32,1.73,631.97
Gidhade,1908,39.01,1.94,711.61
Gidhade,1909,29.16,2.03,741.95
Gidhade,1910,30.51,2.55,931.79
Gidhade,1911,29.9,1.52,555.27
Gidhade,1912,33.86,1.62,593.51
Gidhade,1915,49.28,2.38,869.98
Gidhade,1917,27.29,2.56,933.23
Gidhade,1920,42.15,1.23,451.4
Gidhade,1921,39.28,1.99,728.15
Gidhade,1922,34.95,1.98,723.87
Gidhade,1923,24.86,1.8,657.72
Gidhade,1925,26.4,1.6,583.18
Gidhade,1926,24.13,1.87,681.19
Gidhade,1929,36.06,1.63,593.28
Gidhade,1933,42.3,2.74,1000.82
Gidhade,1934,42.49,2.43,887.7
Gidhade,1943,36.0,2.33,849.25
Gidhade,1945,59.14,2.03,740.26
Gidhade,1946,50.25,2.59,946.12
Gidhade,1948,31.14,2.77,1012.64
Gidhade,1949,44.91,3.03,1107.63
Gidhade,1954,40.07,2.35,856.34
Gidhade,1967,34.03,1.99,724.97
Gidhade,1968,58.69,1.74,638.07
Gidhade,1969,44.34,2.28,830.66
Gidhade,1970,35.35,2.77,1012.5
Gidhade,1971,30.86,1.56,570.79
Gidhade,1972,48.46,1.63,594.95
Gidhade,1973,40.94,2.51,916.44
Gidhade,1976,30.87,2.22,814.13
Gidhade,1978,38.95,2.14,781.47
Gidhade,1979,55.38,2.54,926.05
Gidhade,1980,26.87,1.95,715.02
Gidhade,1985,33.0,1.63,594.31
Gidhade,1986,37.7,1.82,663.95
Gidhade,1987,26.36,1.89,690.95
Gidhade,1989,49.71,2.11,768.97
Gidhade,1990,52.46,2.68,977.5
Gidhade,1992,55.0,2.01,734.66
Gidhade,1995,45.52,1.94,709.89
Gidhade,1999,42.39,2.25,822.03
Gidhade,2013,49.9,2.79,1017.11
Gidhade,2024,35.68,2.74,1002.82
Gidhade,2025,37.39,2.46,898.27
Halia,1907,39.51,1.64,597.61
Halia,1908,93.34,2.42,884.57
Halia,1909,48.91,1.73,631.5
Halia,1910,60.43,2.4,876.45
Halia,1911,37.82,1.28,465.4
Halia,1912,28.4,1.69,617.27
Halia,1915,91.72,3.03,1103.24
Halia,1917,56.2,2.53,924.09
Halia,1920,82.72,1.59,580.71
Halia,1921,52.74,1.77,644.25
Halia,1922,87.78,2.26,825.26
Halia,1923,74.89,1.48,539.95
Halia,1925,83.61,1.97,719.84
Halia,1926,45.71,1.36,495.03
Halia,1929,72.51,1.8,656.21
Halia,1933,59.34,2.59,946.28
Halia,1934,43.72,1.84,671.43
Halia,1943,42.84,1.77,646.5
Halia,1945,88.65,2.04,746.26
Halia,1946,40.77,1.63,593.37
Halia,1948,54.11,1.86,679.87
Halia,1949,71.91,1.71,625.88
Halia,1954,88.12,1.8,657.7
Halia,1967,59.53,1.79,654.91
Halia,1968,86.82,1.86,682.49
Halia,1969,50.99,2.15,785.5
Halia,1970,38.28,1.83,667.8
Halia,1971,77.41,1.7,620.17
Halia,1972,56.65,1.22,446.91
Halia,1973,66.3,2.12,774.15
Halia,1976,53.93,1.98,726.48
Halia,1978,58.45,2.11,768.89
Halia,1979,50.87,1.55,564.29
Halia,1980,45.7,1.38,505.35
Halia,1985,34.07,1.66,605.07
Halia,1986,58.33,1.44,526.44
Halia,1987,75.94,1.97,716.58
Halia,1989,71.74,2.42,883.69
Halia,1990,82.29,2.39,871.39
Halia,1992,34.14,1.38,505.53
Halia,1995,56.43,2.81,1027.26
Halia,1999,29.93,1.04,379.25
Halia,2013,72.77,2.88,1047.97
Halia,2024,86.35,2.17,793.11
Halia,2025,54.79,2.81,1023.86
Hamdapur,1907,55.39,2.96,1081.3
Hamdapur,1908,58.08,3.03,1107.65
Hamdapur,1909,57.15,2.93,1069.84
Hamdapur,1910,87.37,3.84,1403.15
Hamdapur,1911,62.31,2.27,826.26
Hamdapur,1912,68.26,2.71,990.84
Hamdapur,1915,95.63,3.3,1205.0
Hamdapur,1917,70.35,3.97,1450.35
Hamdapur,1920,64.45,1.6,585.63
Hamdapur,1921,60.35,2.38,868.83
Hamdapur,1922,87.4,3.12,1139.75
Hamdapur,1923,58.29,2.69,983.33
Hamdapur,1925,77.3,2.74,1000.13
Hamdapur,1926,66.51,3.32,1213.23
Hamdapur,1929,61.99,2.61,952.95
Hamdapur,1933,76.73,3.77,1367.91
Hamdapur,1934,88.74,3.58,1305.64
Hamdapur,1943,72.7,2.79,1018.59
Hamdapur,1945,55.73,2.86,1044.25
Hamdapur,1946,75.32,2.98,1086.98
Hamdapur,1948,67.09,3.33,1220.42
Hamdapur,1949,74.06,3.69,1345.86
Hamdapur,1954,83.7,3.18,1161.08
Hamdapur,1967,71.95,2.43,884.3
Hamdapur,1968,57.76,2.02,740.4
Hamdapur,1969,56.1,2.21,806.5
Hamdapur,1970,90.44,3.75,1368.68
Hamdapur,1971,54.5,2.28,829.36
Hamdapur,1972,45.0,1.69,619.76
Hamdapur,1973,76.71,2.51,910.82
Hamdapur,1976,51.8,2.31,846.35
Hamdapur,1978,45.19,2.93,1065.42
Hamdapur,1979,83.86,2.94,1069.95
Hamdapur,1980,65.84,2.91,1063.89
Hamdapur,1985,74.98,2.86,1042.59
Hamdapur,1986,67.65,2.82,1028.79
Hamdapur,1987,45.29,2.13,776.51
Hamdapur,1989,55.54,2.65,966.37
Hamdapur,1990,88.12,3.37,1230.22
Hamdapur,1992,62.7,2.44,892.31
Hamdapur,1995,84.49,2.76,1007.6
Hamdapur,1999,61.74,2.73,992.0
Hamdapur,2013,55.57,2.7,984.87
Hamdapur,2024,74.23,3.28,1199.78
Hamdapur,2025,51.99,2.99,1086.63
Harur,1907,46.87,1.87,683.99
Harur,1908,67.78,2.15,787.11
Harur,1909,68.85,3.17,1152.33
Harur,1910,64.29,2.93,1070.91
Harur,1911,43.71,1.92,701.97
Harur,1912,59.13,2.26,828.66
Harur,1915,73.94,3.4,1240.65
Harur,1917,64.86,3.03,1104.42
Harur,1920,82.75,3.26,1193.39
Harur,1921,55.29,2.55,930.38
Harur,1922,66.8,3.13,1141.19
Harur,1923,42.79,1.54,561.15
Harur,1925,70.92,2.25,820.18
Harur,1926,48.16,2.06,753.27
Harur,1929,68.45,2.3,840.93
Harur,1933,86.86,2.42,882.57
Harur,1934,52.37,2.26,824.0
Harur,1943,87.8,3.49,1273.86
Harur,1945,61.05,2.23,813.62
Harur,1946,83.55,3.6,1312.16
Harur,1948,71.43,2.98,1092.44
Harur,1949,64.04,2.57,936.47
Harur,1954,55.17,2.8,1021.13
Harur,1967,62.7,2.04,743.19
Harur,1968,50.64,2.02,739.3
Harur,1969,80.84,2.39,870.72
Harur,1970,60.96,2.45,895.86
Harur,1971,65.96,3.22,1175.18
Harur,1972,92.38,3.56,1300.43
Harur,1973,72.77,1.7,620.0
Harur,1976,35.2,1.3,474.96
Harur,1978,78.94,2.93,1069.16
Harur,1979,46.01,3.23,1177.81
Harur,1980,36.56,1.78,650.92
Harur,1985,40.14,2.96,1080.51
Harur,1986,37.05,3.0,1094.87
Harur,1987,52.38,2.88,1050.51
Harur,1989,41.73,2.68,979.53
Harur,1990,35.82,2.71,987.57
Harur,1992,54.24,2.75,1005.23
Harur,1995,32.43,2.21,805.8
Harur,1999,78.16,2.57,938.35
Harur,2013,54.31,2.28,831.49
Harur,2024,76.07,2.51,915.55
Harur,2025,46.6,2.21,805.84
Hathed_at_misrod,1907,98.78,2.48,903.6
Hathed_at_misrod,1908,57.27,2.74,1004.39
Hathed_at_misrod,1909,73.54,2.36,860.38
Hathed_at_misrod,1910,90.42,3.13,1140.27
Hathed_at_misrod,1911,91.4,2.52,920.99
Hathed_at_misrod,1912,83.98,3.07,1122.53
Hathed_at_misrod,1915,84.23,3.6,1313.52
Hathed_at_misrod,1917,81.91,4.0,1455.54
Hathed_at_misrod,1920,55.35,2.23,813.4
Hathed_at_misrod,1921,55.6,2.61,950.57
Hathed_at_misrod,1922,54.35,3.12,1137.06
Hathed_at_misrod,1923,83.48,3.12,1133.67
Hathed_at_misrod,1925,74.65,2.43,884.28
Hathed_at_misrod,1926,69.33,3.44,1256.79
Hathed_at_misrod,1929,95.8,2.68,980.02
Hathed_at_misrod,1933,89.99,3.44,1249.26
Hathed_at_misrod,1934,95.81,4.41,1605.27
Hathed_at_misrod,1943,81.69,3.36,1224.34
Hathed_at_misrod,1945,80.78,3.77,1374.45
Hathed_at_misrod,1946,85.2,3.63,1326.63
Hathed_at_misrod,1948,96.79,4.74,1729.95
Hathed_at_misrod,1949,71.41,3.43,1251.52
Hathed_at_misrod,1954,90.84,3.06,1113.58
Hathed_at_misrod,1967,75.25,3.05,1110.09
Hathed_at_misrod,1968,85.6,2.73,996.92
Hathed_at_misrod,1969,96.28,3.8,1383.05
Hathed_at_misrod,1970,69.87,3.32,1203.46
Hathed_at_misrod,1971,86.89,3.17,1151.84
Hathed_at_misrod,1972,89.54,2.03,737.14
Hathed_at_misrod,1973,94.93,3.42,1233.42
Hathed_at_misrod,1976,53.78,2.66,972.65
Hathed_at_misrod,1978,80.36,3.78,1376.52
Hathed_at_misrod,1979,84.41,2.25,820.57
Hathed_at_misrod,1980,94.26,2.96,1082.74
Hathed_at_misrod,1985,85.87,3.13,1144.17
Hathed_at_misrod,1986,81.66,3.39,1233.41
Hathed_at_misrod,1987,60.96,2.27,828.07
Hathed_at_misrod,1989,72.88,2.35,852.49
Hathed_at_misrod,1990,94.27,4.06,1477.16
Hathed_at_misrod,1992,86.83,1.94,704.86
Hathed_at_misrod,1995,96.9,2.92,1064.66
Hathed_at_misrod,1999,97.77,4.4,1607.12
Hathed_at_misrod,2013,76.66,4.14,1508.66
Hathed_at_misrod,2024,68.3,3.38,1232.89
Hathed_at_misrod,2025,74.68,3.87,1411.66
Hemavathy_reservoir,1907,52.01,3.6,1315.28
Hemavathy_reservoir,1908,49.56,2.38,871.44
Hemavathy_reservoir,1909,62.6,3.35,1221.33
Hemavathy_reservoir,1910,60.87,3.51,1281.5
Hemavathy_reservoir,1911,67.08,3.09,1126.38
Hemavathy_reservoir,1912,51.32,3.92,1434.99
Hemavathy_reservoir,1915,37.28,3.1,1131.62
Hemavathy_reservoir,1917,69.75,3.04,1108.1
Hemavathy_reservoir,1920,65.49,2.57,942.05
Hemavathy_reservoir,1921,51.34,3.1,1130.92
Hemavathy_reservoir,1922,33.29,2.71,987.72
Hemavathy_reservoir,1923,68.99,3.69,1341.95
Hemavathy_reservoir,1925,67.83,3.37,1230.95
Hemavathy_reservoir,1926,83.22,3.15,1149.03
Hemavathy_reservoir,1929,56.85,3.46,1262.77
Hemavathy_reservoir,1933,46.19,4.43,1618.12
Hemavathy_reservoir,1934,46.43,2.45,894.95
Hemavathy_reservoir,1943,65.61,3.38,1235.37
Hemavathy_reservoir,1945,75.41,2.33,849.4
Hemavathy_reservoir,1946,43.6,3.98,1451.41
Hemavathy_reservoir,1948,79.93,3.18,1163.96
Hemavathy_reservoir,1949,47.9,2.12,773.69
Hemavathy_reservoir,1954,58.53,2.98,1088.95
Hemavathy_reservoir,1967,62.24,2.92,1064.61
Hemavathy_reservoir,1968,39.09,2.37,867.03
Hemavathy_reservoir,1969,43.27,2.74,999.39
Hemavathy_reservoir,1970,47.06,2.69,983.36
Hemavathy_reservoir,1971,34.0,2.51,915.19
Hemavathy_reservoir,1972,45.75,3.6,1318.29
Hemavathy_reservoir,1973,54.7,3.33,1216.07
Hemavathy_reservoir,1976,37.47,2.37,868.7
Hemavathy_reservoir,1978,44.74,4.04,1474.94
Hemavathy_reservoir,1979,41.73,3.6,1313.26
Hemavathy_reservoir,1980,53.55,4.11,1504.6
Hemavathy_reservoir,1985,32.91,2.31,844.02
Hemavathy_reservoir,1986,39.29,3.01,1099.59
Hemavathy_reservoir,1987,42.28,2.79,1017.5
Hemavathy_reservoir,1989,36.86,1.97,717.89
Hemavathy_reservoir,1990,35.28,2.56,934.65
Hemavathy_reservoir,1992,79.22,4.54,1662.64
Hemavathy_reservoir,1995,34.94,2.37,864.85
Hemavathy_reservoir,1999,58.47,3.43,1250.97
Hemavathy_reservoir,2013,60.34,3.65,1333.54
Hemavathy_reservoir,2024,58.61,2.69,982.74
Hemavathy_reservoir,2025,80.21,3.1,1130.23
Hiran_at_singaldeep,1907,55.83,2.78,1015.35
Hiran_at_singaldeep,1908,77.29,4.89,1788.74
Hiran_at_singaldeep,1909,68.32,3.0,1093.23
Hiran_at_singaldeep,1910,70.56,3.32,1211.09
Hiran_at_singaldeep,1911,79.98,3.26,1189.14
Hiran_at_singaldeep,1912,63.47,3.25,1190.78
Hiran_at_singaldeep,1915,88.51,3.54,1284.37
Hiran_at_singaldeep,1917,80.58,5.01,1829.65
Hiran_at_singaldeep,1920,51.52,2.19,798.05
Hiran_at_singaldeep,1921,69.57,3.62,1323.06
Hiran_at_singaldeep,1922,82.64,3.79,1384.83
Hiran_at_singaldeep,1923,85.54,4.36,1587.92
Hiran_at_singaldeep,1925,66.8,4.05,1479.59
Hiran_at_singaldeep,1926,98.81,4.31,1560.21
Hiran_at_singaldeep,1929,78.38,3.85,1403.72
Hiran_at_singaldeep,1933,89.09,3.39,1236.77
Hiran_at_singaldeep,1934,83.79,4.24,1541.99
Hiran_at_singaldeep,1943,82.35,4.42,1613.19
Hiran_at_singaldeep,1945,64.83,3.84,1399.93
Hiran_at_singaldeep,1946,74.63,4.01,1463.12
Hiran_at_singaldeep,1948,60.84,3.78,1381.74
Hiran_at_singaldeep,1949,41.76,3.53,1287.75
Hiran_at_singaldeep,1954,86.8,3.38,1232.51
Hiran_at_singaldeep,1967,71.38,4.19,1530.42
Hiran_at_singaldeep,1968,52.45,2.77,1012.74
Hiran_at_singaldeep,1969,90.89,2.96,1078.67
Hiran_at_singaldeep,1970,65.76,4.0,1459.8
Hiran_at_singaldeep,1971,86.99,5.53,2017.13
Hiran_at_singaldeep,1972,53.7,2.49,911.61
Hiran_at_singaldeep,1973,66.54,3.42,1243.35
Hiran_at_singaldeep,1976,45.68,2.89,1056.25
Hiran_at_singaldeep,1978,61.81,3.83,1396.84
Hiran_at_singaldeep,1979,63.02,1.62,591.83
Hiran_at_singaldeep,1980,89.51,3.71,1357.18
Hiran_at_singaldeep,1985,67.91,2.85,1040.55
Hiran_at_singaldeep,1986,43.8,2.31,842.3
Hiran_at_singaldeep,1987,73.34,2.87,1046.03
Hiran_at_singaldeep,1989,60.51,2.25,822.83
Hiran_at_singaldeep,1990,68.13,4.33,1580.76
Hiran_at_singaldeep,1992,71.29,2.97,1084.49
Hiran_at_singaldeep,1995,82.11,3.36,1226.43
Hiran_at_singaldeep,1999,76.52,4.1,1494.86
Hiran_at_singaldeep,2013,90.99,4.26,1556.22
Hiran_at_singaldeep,2024,68.93,2.74,1001.45
Hiran_at_singaldeep,2025,50.55,3.06,1115.64
Hogenakkal,1907,36.37,1.97,720.08
Hogenakkal,1908,42.21,1.55,568.09
Hogenakkal,1909,73.03,2.72,992.96
Hogenakkal,1910,95.37,3.17,1157.43
Hogenakkal,1911,90.23,1.95,711.02
Hogenakkal,1912,56.88,2.41,883.17
Hogenakkal,1915,43.71,2.73,995.8
Hogenakkal,1917,73.58,2.34,854.26
Hogenakkal,1920,56.28,2.2,807.03
Hogenakkal,1921,74.04,2.34,854.6
Hogenakkal,1922,62.43,2.24,817.94
Hogenakkal,1923,67.89,1.42,517.2
Hogenakkal,1925,58.87,1.98,721.12
Hogenakkal,1926,74.31,2.04,743.17
Hogenakkal,1929,57.16,1.87,683.26
Hogenakkal,1933,65.98,2.16,787.82
Hogenakkal,1934,68.26,1.96,716.0
Hogenakkal,1943,90.18,2.76,1004.56
Hogenakkal,1945,49.62,1.89,688.97
Hogenakkal,1946,74.1,3.4,1242.33
Hogenakkal,1948,90.68,2.49,910.47
Hogenakkal,1949,42.12,2.45,892.87
Hogenakkal,1954,75.36,2.52,921.36
Hogenakkal,1967,58.17,2.67,974.69
Hogenakkal,1968,41.84,1.99,730.05
Hogenakkal,1969,50.92,2.13,776.54
Hogenakkal,1970,61.2,2.05,748.87
Hogenakkal,1971,52.79,2.44,890.0
Hogenakkal,1972,81.66,2.52,923.76
Hogenakkal,1973,63.08,2.47,901.37
Hogenakkal,1976,48.92,1.92,701.64
Hogenakkal,1978,73.52,2.09,764.36
Hogenakkal,1979,48.77,2.59,945.37
Hogenakkal,1980,29.04,1.25,458.93
Hogenakkal,1985,71.09,2.17,793.4
Hogenakkal,1986,71.01,2.64,963.85
Hogenakkal,1987,42.34,2.25,820.57
Hogenakkal,1989,70.82,2.32,845.97
Hogenakkal,1990,74.11,1.9,691.8
Hogenakkal,1992,34.09,1.88,687.22
Hogenakkal,1995,66.34,3.42,1247.46
Hogenakkal,1999,53.72,2.26,824.14
Hogenakkal,2013,60.67,2.33,851.29
Hogenakkal,2024,94.78,3.04,1111.33
Hogenakkal,2025,49.12,2.24,817.69
Hommaragalli,1907,43.32,4.71,1720.52
Hommaragalli,1908,34.65,3.69,1349.75
Hommaragalli,1909,67.85,4.68,1709.31
Hommaragalli,1910,47.03,4.64,1695.37
Hommaragalli,1911,60.3,4.18,1526.59
Hommaragalli,1912,44.94,4.44,1626.35
Hommaragalli,1915,42.36,4.72,1723.82
Hommaragalli,1917,37.3,3.94,1439.46
Hommaragalli,1920,48.27,4.4,1610.57
Hommaragalli,1921,55.85,4.57,1669.65
Hommaragalli,1922,28.05,4.13,1506.3
Hommaragalli,1923,57.6,4.73,1725.87
Hommaragalli,1925,55.55,3.99,1455.04
Hommaragalli,1926,59.09,3.71,1355.89
Hommaragalli,1929,46.13,4.37,1595.77
Hommaragalli,1933,53.91,6.17,2251.75
Hommaragalli,1934,50.18,3.95,1442.0
Hommaragalli,1943,44.71,4.71,1717.55
Hommaragalli,1945,65.37,3.88,1415.27
Hommaragalli,1946,47.83,5.78,2108.27
Hommaragalli,1948,43.19,4.76,1743.34
Hommaragalli,1949,42.37,4.39,1602.66
Hommaragalli,1954,45.07,3.02,1102.76
Hommaragalli,1967,28.83,2.13,777.64
Hommaragalli,1968,26.03,2.86,1047.61
Hommaragalli,1969,40.19,2.34,853.5
Hommaragalli,1970,33.47,2.75,1004.46
Hommaragalli,1971,53.13,4.7,1714.47
Hommaragalli,1972,45.57,3.11,1137.38
Hommaragalli,1973,36.99,2.89,1055.29
Hommaragalli,1976,31.26,2.59,948.97
Hommaragalli,1978,48.03,3.37,1231.51
Hommaragalli,1979,32.24,3.09,1127.29
Hommaragalli,1980,45.83,3.2,1169.45
Hommaragalli,1985,46.37,2.23,814.46
Hommaragalli,1986,31.21,2.58,941.14
Hommaragalli,1987,65.56,2.16,788.23
Hommaragalli,1989,56.82,2.54,926.33
Hommaragalli,1990,38.52,2.13,777.73
Hommaragalli,1992,40.83,3.03,1109.91
Hommaragalli,1995,24.14,2.41,879.21
Hommaragalli,1999,37.25,3.11,1136.08
Hommaragalli,2013,43.23,3.08,1122.93
Hommaragalli,2024,48.16,3.55,1298.48
Hommaragalli,2025,63.35,3.77,1375.12
Indra_at_khapriya,1907,65.16,2.41,879.61
Indra_at_khapriya,1908,62.88,2.94,1076.91
Indra_at_khapriya,1909,89.73,2.5,913.87
Indra_at_khapriya,1910,71.69,3.06,1111.44
Indra_at_khapriya,1911,90.81,2.66,969.21
Indra_at_khapriya,1912,82.66,2.67,975.47
Indra_at_khapriya,1915,87.96,3.4,1236.73
Indra_at_khapriya,1917,92.11,4.43,1613.07
Indra_at_khapriya,1920,88.23,2.12,773.3
Indra_at_khapriya,1921,67.01,2.93,1067.97
Indra_at_khapriya,1922,97.76,3.05,1112.67
Indra_at_khapriya,1923,98.16,2.9,1049.33
Indra_at_khapriya,1925,77.18,2.54,928.36
Indra_at_khapriya,1926,92.64,3.32,1209.3
Indra_at_khapriya,1929,61.71,2.3,837.91
Indra_at_khapriya,1933,96.84,3.0,1087.57
Indra_at_khapriya,1934,96.36,4.72,1721.66
Indra_at_khapriya,1943,75.36,3.37,1225.92
Indra_at_khapriya,1945,86.15,3.68,1342.48
Indra_at_khapriya,1946,85.64,3.69,1345.3
Indra_at_khapriya,1948,84.86,4.61,1677.48
Indra_at_khapriya,1949,84.99,3.6,1312.36
Indra_at_khapriya,1954,79.05,4.09,1491.6
Indra_at_khapriya,1967,93.33,3.3,1204.24
Indra_at_khapriya,1968,86.71,2.55,925.9
Indra_at_khapriya,1969,94.68,4.04,1472.85
Indra_at_khapriya,1970,92.43,3.37,1222.95
Indra_at_khapriya,1971,74.09,2.99,1084.84
Indra_at_khapriya,1972,96.07,2.85,1039.86
Indra_at_khapriya,1973,81.84,3.48,1262.42
Indra_at_khapriya,1976,75.29,2.65,966.22
Indra_at_khapriya,1978,90.62,3.54,1291.04
Indra_at_khapriya,1979,76.12,1.81,657.58
Indra_at_khapriya,1980,94.23,3.06,1121.79
Indra_at_khapriya,1985,90.0,2.81,1023.67
Indra_at_khapriya,1986,93.45,3.26,1182.33
Indra_at_khapriya,1987,45.95,2.24,816.35
Indra_at_khapriya,1989,92.19,2.5,908.64
Indra_at_khapriya,1990,93.15,4.7,1715.67
Indra_at_khapriya,1992,73.42,2.1,766.86
Indra_at_khapriya,1995,91.39,3.06,1117.85
Indra_at_khapriya,1999,69.3,4.16,1512.85
Indra_at_khapriya,2013,62.49,3.68,1339.83
Indra_at_khapriya,2024,75.34,3.31,1208.68
Indra_at_khapriya,2025,64.95,4.01,1462.55
Jamner_at_sandalpur,1907,47.56,2.26,823.46
Jamner_at_sandalpur,1908,92.49,2.86,1044.74
Jamner_at_sandalpur,1909,55.31,2.4,876.64
Jamner_at_sandalpur,1910,66.62,3.23,1177.46
Jamner_at_sandalpur,1911,65.88,2.39,868.23
Jamner_at_sandalpur,1912,90.29,2.8,1025.48
Jamner_at_sandalpur,1915,64.67,3.48,1267.47
Jamner_at_sandalpur,1917,96.33,4.27,1559.01
Jamner_at_sandalpur,1920,46.38,1.89,690.48
Jamner_at_sandalpur,1921,67.75,2.72,991.64
Jamner_at_sandalpur,1922,45.1,3.1,1131.23
Jamner_at_sandalpur,1923,98.61,3.3,1202.67
Jamner_at_sandalpur,1925,77.26,2.55,929.83
Jamner_at_sandalpur,1926,75.34,3.17,1152.87
Jamner_at_sandalpur,1929,53.45,1.91,693.53
Jamner_at_sandalpur,1933,84.15,2.74,995.06
Jamner_at_sandalpur,1934,85.87,4.14,1511.65
Jamner_at_sandalpur,1943,80.58,3.09,1125.8
Jamner_at_sandalpur,1945,90.62,3.5,1275.74
Jamner_at_sandalpur,1946,91.52,3.57,1298.82
Jamner_at_sandalpur,1948,93.09,3.9,1423.93
Jamner_at_sandalpur,1949,92.29,3.15,1149.56
Jamner_at_sandalpur,1954,98.55,2.98,1083.2
Jamner_at_sandalpur,1967,83.43,2.11,767.34
Jamner_at_sandalpur,1968,61.07,2.4,875.42
Jamner_at_sandalpur,1969,72.81,3.0,1095.96
Jamner_at_sandalpur,1970,75.11,3.58,1303.22
Jamner_at_sandalpur,1971,76.24,2.73,994.78
Jamner_at_sandalpur,1972,64.19,1.93,701.78
Jamner_at_sandalpur,1973,90.97,3.33,1204.56
Jamner_at_sandalpur,1976,85.37,3.08,1122.26
Jamner_at_sandalpur,1978,73.48,3.15,1143.89
Jamner_at_sandalpur,1979,98.72,2.18,795.15
Jamner_at_sandalpur,1980,98.99,3.22,1177.88
Jamner_at_sandalpur,1985,82.73,2.51,911.85
Jamner_at_sandalpur,1986,87.09,2.41,872.48
Jamner_at_sandalpur,1987,51.48,2.1,763.95
Jamner_at_sandalpur,1989,73.41,2.43,886.28
Jamner_at_sandalpur,1990,48.58,3.58,1303.89
Jamner_at_sandalpur,1992,91.03,1.94,708.98
Jamner_at_sandalpur,1995,53.29,2.45,895.63
Jamner_at_sandalpur,1999,78.12,4.0,1450.55
Jamner_at_sandalpur,2013,77.4,4.13,1499.51
Jamner_at_sandalpur,2024,69.01,3.84,1406.06
Jamner_at_sandalpur,2025,69.62,3.79,1383.04
Jannapura,1907,49.68,3.42,1247.0
Jannapura,1908,50.38,1.93,704.97
Jannapura,1909,69.02,3.42,1248.08
Jannapura,1910,68.68,3.9,1422.72
Jannapura,1911,86.41,3.04,1110.03
Jannapura,1912,89.73,4.21,1540.92
Jannapura,1915,44.69,2.88,1051.86
Jannapura,1917,64.24,3.1,1130.69
Jannapura,1920,58.32,2.26,825.55
Jannapura,1921,69.4,2.65,966.82
Jannapura,1922,54.97,2.63,961.27
Jannapura,1923,85.99,2.94,1071.08
Jannapura,1925,59.74,2.68,979.36
Jannapura,1926,91.68,2.46,895.38
Jannapura,1929,92.35,3.23,1179.23
Jannapura,1933,52.59,3.74,1365.76
Jannapura,1934,45.66,2.06,753.37
Jannapura,1943,80.05,3.6,1313.16
Jannapura,1945,63.99,2.15,786.45
Jannapura,1946,50.93,4.14,1511.14
Jannapura,1948,60.53,2.95,1080.63
Jannapura,1949,41.92,1.81,661.01
Jannapura,1954,48.78,1.53,559.45
Jannapura,1967,48.79,1.49,544.05
Jannapura,1968,52.34,1.75,640.38
Jannapura,1969,82.12,2.35,856.41
Jannapura,1970,31.98,0.8,290.46
Jannapura,1971,40.66,1.48,540.65
Jannapura,1972,47.88,1.62,593.45
Jannapura,1973,57.49,1.31,478.18
Jannapura,1976,28.96,1.16,424.64
Jannapura,1978,63.04,2.51,916.89
Jannapura,1979,46.79,2.41,880.35
Jannapura,1980,77.46,2.9,1062.86
Jannapura,1985,43.93,0.99,360.81
Jannapura,1986,28.76,1.17,427.71
Jannapura,1987,60.46,1.79,653.22
Jannapura,1989,46.46,1.77,644.71
Jannapura,1990,38.51,2.02,737.83
Jannapura,1992,58.45,2.57,941.52
Jannapura,1995,46.27,2.51,914.99
Jannapura,1999,42.38,3.08,1123.14
Jannapura,2013,47.49,2.48,904.0
Jannapura,2024,57.79,3.04,1113.39
Jannapura,2025,73.35,3.05,1112.81
Jannepally,1907,58.36,2.18,795.27
Jannepally,1908,77.97,3.13,1142.71
Jannepally,1909,57.45,1.61,588.01
Jannepally,1910,92.44,3.11,1135.59
Jannepally,1911,98.37,2.09,762.52
Jannepally,1912,57.95,2.58,942.9
Jannepally,1915,83.54,2.73,995.1
Jannepally,1917,98.93,4.02,1466.46
Jannepally,1920,64.51,1.38,504.33
Jannepally,1921,70.54,3.18,1160.78
Jannepally,1922,70.63,2.58,941.79
Jannepally,1923,56.51,2.07,753.74
Jannepally,1925,63.38,2.38,869.47
Jannepally,1926,59.08,2.21,806.25
Jannepally,1929,47.38,1.67,608.95
Jannepally,1933,83.96,3.45,1260.46
Jannepally,1934,67.25,2.64,964.64
Jannepally,1943,51.32,2.72,989.77
Jannepally,1945,52.69,2.39,872.35
Jannepally,1946,68.42,2.38,869.05
Jannepally,1948,49.68,2.89,1057.93
Jannepally,1949,66.87,3.54,1292.9
Jannepally,1954,96.1,2.31,841.93
Jannepally,1967,59.11,2.49,908.88
Jannepally,1968,34.46,1.94,708.88
Jannepally,1969,40.42,2.19,797.93
Jannepally,1970,62.53,2.32,843.53
Jannepally,1971,46.62,1.56,567.62
Jannepally,1972,89.09,1.8,660.39
Jannepally,1973,65.29,2.39,872.23
Jannepally,1976,68.42,1.96,714.24
Jannepally,1978,54.15,2.87,1048.31
Jannepally,1979,78.2,2.07,756.71
Jannepally,1980,64.45,2.13,779.66
Jannepally,1985,42.17,1.92,699.15
Jannepally,1986,78.04,2.1,762.78
Jannepally,1987,53.34,2.4,874.43
Jannepally,1989,93.52,3.07,1111.94
Jannepally,1990,73.25,3.94,1434.29
Jannepally,1992,84.44,2.07,755.16
Jannepally,1995,92.97,3.05,1103.3
Jannepally,1999,42.79,1.31,479.5
Jannepally,2013,83.69,3.97,1449.22
Jannepally,2024,92.76,2.78,1013.89
Jannepally,2025,83.87,2.62,952.87
Jaraikela,1907,65.79,3.87,1412.87
Jaraikela,1908,46.83,3.86,1411.24
Jaraikela,1909,48.6,4.08,1487.98
Jaraikela,1910,49.53,3.63,1326.59
Jaraikela,1911,61.04,3.76,1372.06
Jaraikela,1912,48.86,3.51,1286.33
Jaraikela,1915,38.66,2.88,1051.47
Jaraikela,1917,41.76,4.65,1698.8
Jaraikela,1920,73.75,4.07,1488.39
Jaraikela,1921,64.81,3.51,1281.51
Jaraikela,1922,41.92,3.73,1360.94
Jaraikela,1923,53.48,4.52,1650.26
Jaraikela,1925,36.54,3.73,1361.03
Jaraikela,1926,50.38,4.36,1591.11
Jaraikela,1929,46.57,4.69,1712.48
Jaraikela,1933,60.99,4.57,1667.09
Jaraikela,1934,39.09,3.26,1188.97
Jaraikela,1943,60.7,4.31,1572.39
Jaraikela,1945,39.15,3.54,1293.59
Jaraikela,1946,38.88,4.41,1611.18
Jaraikela,1948,50.03,3.83,1402.6
Jaraikela,1949,34.56,3.93,1432.96
Jaraikela,1954,34.66,2.91,1061.47
Jaraikela,1967,33.91,3.66,1334.1
Jaraikela,1968,58.11,3.48,1273.29
Jaraikela,1969,48.43,3.25,1184.85
Jaraikela,1970,46.32,3.75,1368.03
Jaraikela,1971,80.67,4.69,1711.48
Jaraikela,1972,60.92,2.9,1060.83
Jaraikela,1973,73.45,4.37,1595.01
Jaraikela,1976,57.76,3.2,1172.99
Jaraikela,1978,61.16,4.06,1480.73
Jaraikela,1979,43.38,2.36,863.02
Jaraikela,1980,40.65,3.55,1298.33
Jaraikela,1985,60.77,3.68,1341.99
Jaraikela,1986,40.01,3.65,1333.12
Jaraikela,1987,57.53,3.47,1267.31
Jaraikela,1989,80.78,3.35,1221.15
Jaraikela,1990,37.53,3.53,1288.65
Jaraikela,1992,37.18,2.62,959.81
Jaraikela,1995,54.78,3.41,1243.16
Jaraikela,1999,54.27,3.87,1412.89
Jaraikela,2013,51.46,3.85,1404.36
Jaraikela,2024,64.0,3.53,1290.88
Jaraikela,2025,76.37,4.78,1743.32
Jeeraguda,1907,58.91,3.95,1442.35
Jeeraguda,1908,57.78,3.5,1280.31
Jeeraguda,1909,59.13,3.31,1209.59
Jeeraguda,1910,89.07,5.21,1901.29
Jeeraguda,1911,71.54,3.72,1354.59
Jeeraguda,1912,60.9,4.01,1466.82
Jeeraguda,1915,80.41,4.11,1500.67
Jeeraguda,1917,54.08,4.43,1616.9
Jeeraguda,1920,68.32,2.92,1067.53
Jeeraguda,1921,56.21,4.03,1471.25
Jeeraguda,1922,74.51,4.29,1564.72
Jeeraguda,1923,46.26,2.79,1018.41
Jeeraguda,1925,55.34,4.58,1670.58
Jeeraguda,1926,51.35,3.94,1439.44
Jeeraguda,1929,70.56,4.05,1478.77
Jeeraguda,1933,64.84,4.57,1666.31
Jeeraguda,1934,49.86,4.03,1470.59
Jeeraguda,1943,61.63,3.89,1418.88
Jeeraguda,1945,49.2,4.59,1675.79
Jeeraguda,1946,60.88,4.15,1513.02
Jeeraguda,1948,44.8,4.65,1700.66
Jeeraguda,1949,83.3,4.72,1719.05
Jeeraguda,1954,64.31,3.62,1322.66
Jeeraguda,1967,63.24,3.2,1167.6
Jeeraguda,1968,96.55,3.49,1277.14
Jeeraguda,1969,56.16,3.61,1316.23
Jeeraguda,1970,40.91,3.53,1286.91
Jeeraguda,1971,48.68,3.51,1282.48
Jeeraguda,1972,83.9,2.89,1058.09
Jeeraguda,1973,40.19,3.19,1165.75
Jeeraguda,1976,45.43,2.45,895.47
Jeeraguda,1978,62.41,3.62,1322.22
Jeeraguda,1979,50.07,2.72,992.9
Jeeraguda,1980,61.41,3.28,1201.48
Jeeraguda,1985,59.27,3.27,1193.18
Jeeraguda,1986,77.51,4.26,1553.28
Jeeraguda,1987,76.72,4.16,1520.01
Jeeraguda,1989,49.23,3.37,1230.52
Jeeraguda,1990,79.86,5.0,1825.35
Jeeraguda,1992,73.11,3.72,1363.11
Jeeraguda,1995,78.44,4.2,1533.85
Jeeraguda,1999,59.44,2.81,1025.42
Jeeraguda,2013,70.44,3.67,1339.14
Jeeraguda,2024,59.33,4.08,1493.71
Jeeraguda,2025,70.37,5.07,1849.43
Jotasan,1907,48.48,1.64,598.5
Jotasan,1908,78.78,2.12,774.42
Jotasan,1909,60.67,2.23,811.6
Jotasan,1910,51.0,1.86,678.95
Jotasan,1911,33.66,0.94,341.88
Jotasan,1912,64.09,1.88,686.81
Jotasan,1915,33.27,1.26,460.25
Jotasan,1917,75.19,3.32,1213.52
Jotasan,1920,52.6,1.85,677.83
Jotasan,1921,84.99,1.89,689.09
Jotasan,1922,75.73,2.12,775.28
Jotasan,1923,27.46,0.9,327.0
Jotasan,1925,71.22,1.44,526.68
Jotasan,1926,80.25,2.51,915.57
Jotasan,1929,71.51,1.7,620.49
Jotasan,1933,74.23,2.68,978.55
Jotasan,1934,63.2,2.12,772.73
Jotasan,1943,71.07,1.98,722.21
Jotasan,1945,65.16,2.04,743.19
Jotasan,1946,71.5,2.72,993.93
Jotasan,1948,30.11,1.17,428.53
Jotasan,1949,34.31,1.25,455.47
Jotasan,1954,71.3,2.42,883.11
Jotasan,1967,61.27,2.51,915.04
Jotasan,1968,84.69,1.21,441.14
Jotasan,1969,46.48,1.41,515.05
Jotasan,1970,69.25,2.65,966.65
Jotasan,1971,60.39,1.73,630.53
Jotasan,1972,34.32,1.1,403.3
Jotasan,1973,87.0,3.66,1331.9
Jotasan,1976,68.81,2.3,841.18
Jotasan,1978,61.57,2.05,746.64
Jotasan,1979,36.75,1.29,471.48
Jotasan,1980,51.11,1.74,636.77
Jotasan,1985,62.9,1.6,583.54
Jotasan,1986,41.27,0.98,357.02
Jotasan,1987,23.47,0.62,225.92
Jotasan,1989,37.2,1.77,645.77
Jotasan,1990,61.26,2.57,937.81
Jotasan,1992,68.79,2.23,815.35
Jotasan,1995,50.74,1.49,542.71
Jotasan,1999,43.88,1.04,378.28
Jotasan,2013,63.98,2.08,758.11
Jotasan,2024,62.76,2.21,809.0
Jotasan,2025,86.3,3.12,1140.31
K_m__vadi,1907,42.62,2.93,1068.62
K_m__vadi,1908,42.0,2.55,934.01
K_m__vadi,1909,67.72,3.44,1255.62
K_m__vadi,1910,50.25,3.13,1140.98
K_m__vadi,1911,73.37,3.2,1169.13
K_m__vadi,1912,44.92,3.63,1328.75
K_m__vadi,1915,45.09,3.38,1233.5
K_m__vadi,1917,46.68,2.62,957.37
K_m__vadi,1920,44.28,2.96,1082.11
K_m__vadi,1921,71.94,3.29,1201.2
K_m__vadi,1922,34.37,2.58,941.43
K_m__vadi,1923,75.72,3.26,1190.17
K_m__vadi,1925,69.57,2.74,999.63
K_m__vadi,1926,62.64,2.7,984.08
K_m__vadi,1929,54.68,3.03,1107.2
K_m__vadi,1933,85.91,4.74,1731.17
K_m__vadi,1934,36.66,2.38,869.3
K_m__vadi,1943,44.62,3.47,1267.64
K_m__vadi,1945,75.92,2.52,919.46
K_m__vadi,1946,56.0,4.08,1489.69
K_m__vadi,1948,40.13,3.18,1165.44
K_m__vadi,1949,40.66,2.72,993.94
K_m__vadi,1954,55.02,3.18,1161.3
K_m__vadi,1967,35.39,2.28,830.73
K_m__vadi,1968,26.46,2.74,1003.44
K_m__vadi,1969,45.98,3.09,1126.94
K_m__vadi,1970,34.36,3.21,1171.26
K_m__vadi,1971,28.1,2.97,1082.73
K_m__vadi,1972,45.28,3.48,1274.04
K_m__vadi,1973,46.67,2.69,982.33
K_m__vadi,1976,28.31,1.97,720.68
K_m__vadi,1978,36.12,2.52,920.56
K_m__vadi,1979,39.47,3.35,1223.66
K_m__vadi,1980,46.95,3.16,1155.19
K_m__vadi,1985,43.67,2.08,758.56
K_m__vadi,1986,26.84,2.51,915.16
K_m__vadi,1987,31.82,2.11,770.09
K_m__vadi,1989,52.96,2.21,804.85
K_m__vadi,1990,21.16,1.84,670.3
K_m__vadi,1992,42.02,3.47,1271.6
K_m__vadi,1995,26.44,2.32,845.36
K_m__vadi,1999,31.29,2.86,1044.41
K_m__vadi,2013,32.9,2.2,803.98
K_m__vadi,2024,42.15,2.85,1044.73
K_m__vadi,2025,50.4,2.5,911.94
Kalampur,1907,88.13,8.59,3117.37
Kalampur,1908,69.53,5.89,2156.47
Kalampur,1909,46.95,5.98,2178.54
Kalampur,1910,58.36,6.81,2484.1
Kalampur,1911,90.64,6.22,2271.57
Kalampur,1912,76.17,6.5,2379.65
Kalampur,1915,73.35,6.82,2488.56
Kalampur,1917,66.59,5.76,2101.02
Kalampur,1920,73.61,7.13,2593.55
Kalampur,1921,75.98,5.86,2132.43
Kalampur,1922,96.02,7.48,2714.55
Kalampur,1923,78.87,8.7,3166.82
Kalampur,1925,80.68,6.77,2469.64
Kalampur,1926,97.81,6.29,2294.23
Kalampur,1929,81.91,7.69,2807.89
Kalampur,1933,86.18,10.07,3664.67
Kalampur,1934,78.34,5.58,2035.93
Kalampur,1943,98.23,15.39,5556.83
Kalampur,1945,96.8,10.22,3719.1
Kalampur,1946,94.9,14.56,5314.95
Kalampur,1948,97.86,10.72,3879.12
Kalampur,1949,90.98,10.71,3908.21
Kalampur,1954,90.42,12.87,4698.92
Kalampur,1967,83.09,7.07,2579.68
Kalampur,1968,95.16,8.98,3267.64
Kalampur,1969,93.48,10.32,3754.88
Kalampur,1970,66.91,6.24,2278.1
Kalampur,1971,73.92,8.01,2922.28
Kalampur,1972,91.11,9.47,3465.16
Kalampur,1973,80.16,8.7,3166.34
Kalampur,1976,76.9,5.47,2003.11
Kalampur,1978,80.26,6.97,2542.71
Kalampur,1979,50.64,5.39,1966.14
Kalampur,1980,95.14,12.06,4376.95
Kalampur,1985,94.59,9.0,3247.92
Kalampur,1986,98.76,7.57,2761.66
Kalampur,1987,74.07,6.24,2279.08
Kalampur,1989,61.89,6.11,2216.27
Kalampur,1990,97.15,8.99,3263.88
Kalampur,1992,97.77,7.94,2849.66
Kalampur,1995,88.96,7.94,2890.08
Kalampur,1999,91.51,9.54,3480.42
Kalampur,2013,85.65,10.25,3698.82
Kalampur,2024,83.8,8.2,2974.98
Kalampur,2025,97.92,10.31,3722.57
Kalasapadu,1907,51.5,1.41,513.49
Kalasapadu,1908,71.92,1.59,582.87
Kalasapadu,1909,85.54,1.85,675.17
Kalasapadu,1910,47.85,2.06,751.64
Kalasapadu,1911,54.53,1.51,552.02
Kalasapadu,1912,69.3,1.88,686.64
Kalasapadu,1915,74.86,2.48,905.6
Kalasapadu,1917,97.63,2.74,1000.86
Kalasapadu,1920,49.04,1.29,473.58
Kalasapadu,1921,82.16,2.0,729.52
Kalasapadu,1922,50.04,1.79,652.52
Kalasapadu,1923,56.5,1.48,538.42
Kalasapadu,1925,61.81,2.32,848.25
Kalasapadu,1926,64.31,1.75,640.35
Kalasapadu,1929,54.84,1.58,574.96
Kalasapadu,1933,68.13,1.72,629.48
Kalasapadu,1934,57.88,1.92,701.78
Kalasapadu,1943,47.11,1.81,658.95
Kalasapadu,1945,32.04,1.08,395.5
Kalasapadu,1946,81.05,2.0,729.2
Kalasapadu,1948,32.16,1.42,519.31
Kalasapadu,1949,72.59,2.23,813.72
Kalasapadu,1954,77.02,1.63,596.28
Kalasapadu,1967,76.13,1.61,586.92
Kalasapadu,1968,31.27,1.16,425.02
Kalasapadu,1969,56.78,2.12,773.7
Kalasapadu,1970,28.34,1.91,695.87
Kalasapadu,1971,45.11,1.52,554.34
Kalasapadu,1972,59.94,1.91,697.76
Kalasapadu,1973,37.12,1.52,553.6
Kalasapadu,1976,44.6,1.64,600.02
Kalasapadu,1978,44.8,1.98,722.36
Kalasapadu,1979,69.49,2.18,796.97
Kalasapadu,1980,81.6,1.73,633.33
Kalasapadu,1985,55.35,1.4,510.59
Kalasapadu,1986,55.47,1.3,475.2
Kalasapadu,1987,41.02,1.75,639.87
Kalasapadu,1989,40.32,1.46,531.91
Kalasapadu,1990,74.83,2.08,759.31
Kalasapadu,1992,41.09,1.38,503.52
Kalasapadu,1995,54.42,2.32,846.52
Kalasapadu,1999,37.4,0.99,360.41
Kalasapadu,2013,53.57,2.09,763.07
Kalasapadu,2024,46.57,2.22,813.05
Kalasapadu,2025,52.8,2.16,784.89
Kalimachak_at_charuwa,1907,63.68,2.53,921.63
Kalimachak_at_charuwa,1908,96.81,2.97,1081.77
Kalimachak_at_charuwa,1909,71.58,2.56,935.01
Kalimachak_at_charuwa,1910,71.32,2.86,1036.9
Kalimachak_at_charuwa,1911,50.6,2.1,766.87
Kalimachak_at_charuwa,1912,77.96,2.52,921.59
Kalimachak_at_charuwa,1915,62.74,2.86,1040.23
Kalimachak_at_charuwa,1917,81.11,4.6,1679.86
Kalimachak_at_charuwa,1920,80.59,2.5,913.29
Kalimachak_at_charuwa,1921,85.91,2.57,935.61
Kalimachak_at_charuwa,1922,79.56,3.12,1137.11
Kalimachak_at_charuwa,1923,96.64,2.9,1054.71
Kalimachak_at_charuwa,1925,73.28,2.29,833.54
Kalimachak_at_charuwa,1926,92.48,2.67,976.08
Kalimachak_at_charuwa,1929,90.23,2.09,759.77
Kalimachak_at_charuwa,1933,95.43,3.69,1338.85
Kalimachak_at_charuwa,1934,74.73,3.8,1384.83
Kalimachak_at_charuwa,1943,86.69,3.21,1167.48
Kalimachak_at_charuwa,1945,90.8,3.62,1321.37
Kalimachak_at_charuwa,1946,84.07,3.53,1280.06
Kalimachak_at_charuwa,1948,92.38,5.38,1963.04
Kalimachak_at_charuwa,1949,63.07,2.95,1066.71
Kalimachak_at_charuwa,1954,86.02,4.8,1748.2
Kalimachak_at_charuwa,1967,97.97,2.77,1009.74
Kalimachak_at_charuwa,1968,92.41,3.18,1155.23
Kalimachak_at_charuwa,1969,97.36,4.32,1576.77
Kalimachak_at_charuwa,1970,83.68,3.98,1452.64
Kalimachak_at_charuwa,1971,53.03,2.51,917.45
Kalimachak_at_charuwa,1972,62.92,1.81,649.94
Kalimachak_at_charuwa,1973,78.79,3.56,1269.18
Kalimachak_at_charuwa,1976,65.42,2.61,945.8
Kalimachak_at_charuwa,1978,74.31,3.31,1190.66
Kalimachak_at_charuwa,1979,91.04,2.65,960.26
Kalimachak_at_charuwa,1980,88.0,3.41,1246.55
Kalimachak_at_charuwa,1985,18.55,0.46,168.63
Kalimachak_at_charuwa,1986,71.33,2.66,968.63
Kalimachak_at_charuwa,1987,49.04,2.12,775.42
Kalimachak_at_charuwa,1989,56.76,2.75,1003.04
Kalimachak_at_charuwa,1990,92.41,4.05,1478.9
Kalimachak_at_charuwa,1992,92.87,2.09,765.3
Kalimachak_at_charuwa,1995,55.77,1.81,660.66
Kalimachak_at_charuwa,1999,81.81,3.79,1379.48
Kalimachak_at_charuwa,2013,72.62,3.49,1262.53
Kalimachak_at_charuwa,2024,75.83,3.51,1285.3
Kalimachak_at_charuwa,2025,92.05,3.61,1316.77
Kallooppara,1907,97.74,14.54,5206.49
Kallooppara,1908,91.04,10.69,3891.5
Kallooppara,1909,91.03,12.25,4423.24
Kallooppara,1910,87.29,11.96,4317.23
Kallooppara,1911,93.27,10.43,3743.86
Kallooppara,1912,98.71,12.7,4609.23
Kallooppara,1915,92.59,13.02,4685.87
Kallooppara,1917,97.66,12.06,4377.63
Kallooppara,1920,98.38,12.16,4364.73
Kallooppara,1921,98.15,11.76,4256.5
Kallooppara,1922,98.52,11.22,4049.96
Kallooppara,1923,92.84,12.27,4330.39
Kallooppara,1925,94.45,11.46,4171.21
Kallooppara,1926,98.58,11.43,4159.0
Kallooppara,1929,72.95,10.99,3979.26
Kallooppara,1933,94.98,15.69,5633.78
Kallooppara,1934,92.61,8.79,3198.74
Kallooppara,1943,96.58,13.2,4737.04
Kallooppara,1945,98.22,9.53,3469.46
Kallooppara,1946,96.52,12.7,4582.9
Kallooppara,1948,81.81,10.88,3970.28
Kallooppara,1949,75.72,11.48,4190.2
Kallooppara,1954,93.76,11.22,4095.32
Kallooppara,1967,77.72,7.48,2728.61
Kallooppara,1968,93.28,9.99,3607.87
Kallooppara,1969,95.46,9.84,3553.95
Kallooppara,1970,77.67,8.79,3208.66
Kallooppara,1971,98.7,10.58,3818.66
Kallooppara,1972,96.04,9.05,3312.21
Kallooppara,1973,79.14,6.22,2263.17
Kallooppara,1976,97.53,7.11,2593.76
Kallooppara,1978,88.02,9.39,3397.92
Kallooppara,1979,97.56,6.09,2197.45
Kallooppara,1980,76.99,7.08,2590.27
Kallooppara,1985,52.81,6.37,2326.21
Kallooppara,1986,43.7,3.81,1389.93
Kallooppara,1987,40.65,3.72,1358.16
Kallooppara,1989,47.58,5.6,2044.22
Kallooppara,1990,98.99,7.66,2764.88
Kallooppara,1992,94.08,9.27,3309.47
Kallooppara,1995,97.3,9.07,3254.87
Kallooppara,1999,91.23,10.4,3721.47
Kallooppara,2013,94.72,10.6,3828.25
Kallooppara,2024,75.14,9.02,3248.02
Kallooppara,2025,91.7,10.62,3834.13
Kalpadai,1907,71.48,2.94,1070.89
Kalpadai,1908,67.55,2.2,806.64
Kalpadai,1909,96.88,2.91,1057.95
Kalpadai,1910,78.91,2.87,1048.93
Kalpadai,1911,95.29,2.69,980.88
Kalpadai,1912,85.46,2.69,982.43
Kalpadai,1915,72.79,2.17,790.38
Kalpadai,1917,50.44,2.19,800.56
Kalpadai,1920,91.54,3.71,1359.29
Kalpadai,1921,82.33,2.99,1087.5
Kalpadai,1922,65.24,2.65,967.53
Kalpadai,1923,51.19,2.01,734.88
Kalpadai,1925,65.74,2.53,922.28
Kalpadai,1926,63.57,2.08,755.39
Kalpadai,1929,49.23,1.99,723.24
Kalpadai,1933,79.58,2.18,792.5
Kalpadai,1934,93.31,3.39,1238.88
Kalpadai,1943,79.52,3.12,1135.61
Kalpadai,1945,87.95,2.46,898.57
Kalpadai,1946,74.9,2.97,1076.15
Kalpadai,1948,75.35,2.38,868.45
Kalpadai,1949,43.39,1.64,597.14
Kalpadai,1954,82.12,2.75,1004.41
Kalpadai,1967,58.42,2.64,962.58
Kalpadai,1968,60.25,2.33,851.67
Kalpadai,1969,98.42,3.2,1167.03
Kalpadai,1970,78.27,2.9,1059.62
Kalpadai,1971,57.81,2.75,1000.57
Kalpadai,1972,88.77,3.41,1249.84
Kalpadai,1973,75.94,2.63,959.4
Kalpadai,1976,74.51,2.62,960.01
Kalpadai,1978,66.22,2.84,1037.02
Kalpadai,1979,92.12,2.88,1052.94
Kalpadai,1980,83.75,1.02,372.27
Kalpadai,1985,85.17,3.06,1115.5
Kalpadai,1986,69.53,2.17,790.45
Kalpadai,1987,73.61,2.75,1005.31
Kalpadai,1989,75.62,1.96,716.43
Kalpadai,1990,85.56,2.54,926.21
Kalpadai,1992,67.0,2.33,853.66
Kalpadai,1995,52.79,2.08,758.72
Kalpadai,1999,47.97,1.99,727.7
Kalpadai,2013,50.68,1.17,424.82
Kalpadai,2024,93.13,2.49,904.82
Kalpadai,2025,91.79,2.77,1006.95
Kamalapuram,1907,33.26,1.62,592.33
Kamalapuram,1908,32.49,1.14,417.57
Kamalapuram,1909,41.24,1.96,716.86
Kamalapuram,1910,49.17,2.59,945.1
Kamalapuram,1911,46.19,1.41,515.87
Kamalapuram,1912,65.16,1.94,711.85
Kamalapuram,1915,51.4,2.27,828.81
Kamalapuram,1917,52.27,2.05,748.53
Kamalapuram,1920,55.76,1.27,465.66
Kamalapuram,1921,46.74,1.87,684.17
Kamalapuram,1922,39.22,1.84,670.58
Kamalapuram,1923,28.78,1.17,428.11
Kamalapuram,1925,45.34,2.02,735.75
Kamalapuram,1926,39.4,1.77,646.87
Kamalapuram,1929,52.16,1.74,636.4
Kamalapuram,1933,45.79,1.54,563.47
Kamalapuram,1934,31.6,1.34,490.81
Kamalapuram,1943,74.24,1.98,721.27
Kamalapuram,1945,25.68,1.38,503.12
Kamalapuram,1946,59.57,2.18,795.63
Kamalapuram,1948,26.3,1.24,453.33
Kamalapuram,1949,28.51,1.85,674.59
Kamalapuram,1954,48.68,1.6,583.79
Kamalapuram,1967,44.0,2.02,736.96
Kamalapuram,1968,26.0,1.5,547.52
Kamalapuram,1969,43.45,1.94,707.35
Kamalapuram,1970,59.42,1.72,627.87
Kamalapuram,1971,34.06,1.56,570.59
Kamalapuram,1972,69.83,2.05,750.28
Kamalapuram,1973,41.3,1.85,673.98
Kamalapuram,1976,55.64,1.85,678.06
Kamalapuram,1978,48.26,2.04,743.26
Kamalapuram,1979,44.1,1.99,725.34
Kamalapuram,1980,28.99,1.09,400.71
Kamalapuram,1985,25.64,1.33,485.12
Kamalapuram,1986,36.75,1.43,521.58
Kamalapuram,1987,37.86,1.77,645.31
Kamalapuram,1989,41.91,1.65,602.17
Kamalapuram,1990,39.01,1.91,697.22
Kamalapuram,1992,26.76,1.41,516.4
Kamalapuram,1995,40.7,2.0,730.88
Kamalapuram,1999,21.04,1.14,414.68
Kamalapuram,2013,38.09,1.79,651.9
Kamalapuram,2024,43.17,2.27,830.56
Kamalapuram,2025,39.73,2.32,845.62
Kamarajupeta,1907,85.53,3.12,1140.45
Kamarajupeta,1908,51.26,2.76,1009.28
Kamarajupeta,1909,58.03,2.68,978.15
Kamarajupeta,1910,52.67,4.5,1643.97
Kamarajupeta,1911,76.28,2.91,1060.39
Kamarajupeta,1912,44.91,2.59,948.67
Kamarajupeta,1915,54.34,3.58,1306.68
Kamarajupeta,1917,71.0,4.29,1566.06
Kamarajupeta,1920,65.0,2.27,830.38
Kamarajupeta,1921,60.77,2.83,1031.35
Kamarajupeta,1922,51.16,2.24,816.1
Kamarajupeta,1923,93.17,3.27,1192.9
Kamarajupeta,1925,66.31,3.9,1423.46
Kamarajupeta,1926,63.4,3.04,1110.12
Kamarajupeta,1929,57.48,2.55,929.36
Kamarajupeta,1933,86.71,3.29,1202.52
Kamarajupeta,1934,77.45,2.84,1036.52
Kamarajupeta,1943,51.52,2.43,887.79
Kamarajupeta,1945,79.1,3.09,1128.69
Kamarajupeta,1946,39.34,2.6,950.4
Kamarajupeta,1948,57.33,2.7,987.91
Kamarajupeta,1949,87.16,3.09,1120.05
Kamarajupeta,1954,59.09,3.15,1148.35
Kamarajupeta,1967,61.06,2.53,923.87
Kamarajupeta,1968,65.97,2.07,756.95
Kamarajupeta,1969,69.01,3.16,1150.73
Kamarajupeta,1970,60.33,2.98,1087.97
Kamarajupeta,1971,44.1,2.6,949.38
Kamarajupeta,1972,74.43,2.94,1069.93
Kamarajupeta,1973,49.93,2.77,1010.97
Kamarajupeta,1976,79.02,2.53,924.49
Kamarajupeta,1978,70.55,3.62,1321.74
Kamarajupeta,1979,74.35,2.88,1052.3
Kamarajupeta,1980,66.18,2.04,746.26
Kamarajupeta,1985,66.89,2.67,976.0
Kamarajupeta,1986,74.64,3.11,1131.75
Kamarajupeta,1987,74.91,3.88,1416.37
Kamarajupeta,1989,81.01,2.76,1006.4
Kamarajupeta,1990,79.61,4.81,1746.54
Kamarajupeta,1992,65.53,3.42,1250.97
Kamarajupeta,1995,88.31,3.31,1205.13
Kamarajupeta,1999,42.08,2.04,746.3
Kamarajupeta,2013,96.95,2.8,1020.14
Kamarajupeta,2024,51.27,2.9,1061.18
Kamarajupeta,2025,63.62,3.17,1158.73
Kanas__s_,1907,61.25,3.61,1317.12
Kanas__s_,1908,65.06,4.21,1538.41
Kanas__s_,1909,70.88,4.2,1527.65
Kanas__s_,1910,76.64,4.41,1607.88
Kanas__s_,1911,80.08,3.6,1313.31
Kanas__s_,1912,62.06,4.4,1610.44
Kanas__s_,1915,88.95,3.69,1343.08
Kanas__s_,1917,85.8,5.3,1933.77
Kanas__s_,1920,95.79,4.59,1681.39
Kanas__s_,1921,64.61,3.39,1236.46
Kanas__s_,1922,86.1,4.02,1461.91
Kanas__s_,1923,67.77,3.81,1392.15
Kanas__s_,1925,74.31,4.66,1692.05
Kanas__s_,1926,74.0,3.83,1396.18
Kanas__s_,1929,73.85,4.17,1520.83
Kanas__s_,1933,88.13,4.59,1672.36
Kanas__s_,1934,86.07,3.74,1361.12
Kanas__s_,1943,44.66,3.55,1284.11
Kanas__s_,1945,96.16,4.55,1658.93
Kanas__s_,1946,75.88,5.42,1976.57
Kanas__s_,1948,79.97,4.12,1503.22
Kanas__s_,1949,70.71,3.3,1204.46
Kanas__s_,1954,74.8,3.48,1271.3
Kanas__s_,1967,84.38,3.09,1128.58
Kanas__s_,1968,86.49,3.43,1248.5
Kanas__s_,1969,83.49,2.96,1076.39
Kanas__s_,1970,56.71,2.43,888.14
Kanas__s_,1971,76.39,3.12,1138.59
Kanas__s_,1972,74.4,2.97,1086.74
Kanas__s_,1973,65.41,4.15,1513.86
Kanas__s_,1976,52.77,2.51,919.74
Kanas__s_,1978,56.66,2.22,811.49
Kanas__s_,1979,54.68,2.2,803.25
Kanas__s_,1980,76.01,4.19,1534.59
Kanas__s_,1985,92.88,4.68,1709.95
Kanas__s_,1986,58.21,4.13,1506.62
Kanas__s_,1987,54.54,2.72,991.71
Kanas__s_,1989,74.25,3.68,1344.72
Kanas__s_,1990,62.51,4.31,1573.71
Kanas__s_,1992,71.77,4.38,1604.35
Kanas__s_,1995,89.13,4.53,1654.01
Kanas__s_,1999,91.35,4.08,1480.63
Kanas__s_,2013,95.11,3.27,1189.52
Kanas__s_,2024,77.78,4.25,1556.01
Kanas__s_,2025,54.24,3.98,1454.29
Kaner_at_mendhikheda,1907,90.15,1.8,656.14
Kaner_at_mendhikheda,1908,34.31,1.49,545.36
Kaner_at_mendhikheda,1909,57.38,1.96,715.22
Kaner_at_mendhikheda,1910,79.24,2.63,958.25
Kaner_at_mendhikheda,1911,29.32,1.41,516.09
Kaner_at_mendhikheda,1912,65.88,1.93,707.44
Kaner_at_mendhikheda,1915,51.5,2.16,788.16
Kaner_at_mendhikheda,1917,52.93,2.74,999.8
Kaner_at_mendhikheda,1920,75.89,2.04,746.55
Kaner_at_mendhikheda,1921,79.75,2.06,749.65
Kaner_at_mendhikheda,1922,54.02,2.44,892.19
Kaner_at_mendhikheda,1923,60.95,2.44,889.83
Kaner_at_mendhikheda,1925,49.09,1.61,586.67
Kaner_at_mendhikheda,1926,90.87,2.1,767.84
Kaner_at_mendhikheda,1929,97.28,1.55,564.23
Kaner_at_mendhikheda,1933,83.74,2.86,1042.78
Kaner_at_mendhikheda,1934,85.72,3.34,1220.06
Kaner_at_mendhikheda,1943,79.06,2.39,873.09
Kaner_at_mendhikheda,1945,54.11,2.12,774.02
Kaner_at_mendhikheda,1946,74.88,3.01,1095.21
Kaner_at_mendhikheda,1948,65.08,3.22,1179.25
Kaner_at_mendhikheda,1949,59.33,2.58,943.39
Kaner_at_mendhikheda,1954,91.62,3.35,1222.82
Kaner_at_mendhikheda,1967,85.59,2.05,746.43
Kaner_at_mendhikheda,1968,72.68,1.85,678.61
Kaner_at_mendhikheda,1969,82.33,3.17,1156.66
Kaner_at_mendhikheda,1970,73.99,2.55,928.09
Kaner_at_mendhikheda,1971,77.87,3.39,1233.87
Kaner_at_mendhikheda,1972,91.38,2.18,797.42
Kaner_at_mendhikheda,1973,97.46,5.1,1861.87
Kaner_at_mendhikheda,1976,74.15,3.19,1167.28
Kaner_at_mendhikheda,1978,62.84,1.6,585.34
Kaner_at_mendhikheda,1979,55.24,1.88,685.01
Kaner_at_mendhikheda,1980,63.39,2.35,861.86
Kaner_at_mendhikheda,1985,62.34,1.62,592.1
Kaner_at_mendhikheda,1986,80.85,2.31,844.43
Kaner_at_mendhikheda,1987,77.14,1.54,563.35
Kaner_at_mendhikheda,1989,53.09,1.86,680.5
Kaner_at_mendhikheda,1990,94.66,2.72,991.42
Kaner_at_mendhikheda,1992,67.17,1.74,636.38
Kaner_at_mendhikheda,1995,67.8,2.01,732.11
Kaner_at_mendhikheda,1999,54.37,2.68,977.78
Kaner_at_mendhikheda,2013,68.84,2.66,966.73
Kaner_at_mendhikheda,2024,79.03,3.14,1150.98
Kaner_at_mendhikheda,2025,65.83,2.61,952.96
Kanodar,1907,97.72,2.53,913.36
Kanodar,1908,95.17,3.13,1138.79
Kanodar,1909,79.59,2.63,955.74
Kanodar,1910,59.02,2.01,732.48
Kanodar,1911,36.33,0.55,199.22
Kanodar,1912,74.33,1.79,655.7
Kanodar,1915,51.16,1.0,366.55
Kanodar,1917,78.6,3.83,1389.66
Kanodar,1920,87.51,1.77,647.43
Kanodar,1921,90.86,2.03,739.46
Kanodar,1922,57.2,1.54,559.21
Kanodar,1923,53.22,0.76,278.88
Kanodar,1925,36.63,1.13,412.52
Kanodar,1926,87.85,3.33,1204.21
Kanodar,1929,98.92,2.21,803.64
Kanodar,1933,96.05,3.79,1381.25
Kanodar,1934,68.78,3.09,1125.77
Kanodar,1943,66.28,2.23,808.74
Kanodar,1945,94.73,2.63,958.53
Kanodar,1946,93.46,2.35,855.29
Kanodar,1948,71.24,1.5,547.84
Kanodar,1949,57.07,1.85,673.48
Kanodar,1954,74.63,2.27,826.82
Kanodar,1967,70.74,2.43,886.13
Kanodar,1968,93.92,1.03,376.8
Kanodar,1969,29.35,0.83,302.52
Kanodar,1970,53.33,2.75,1003.68
Kanodar,1971,86.12,1.59,578.65
Kanodar,1972,43.17,1.16,422.99
Kanodar,1973,89.09,2.74,994.6
Kanodar,1976,78.24,2.15,785.07
Kanodar,1978,86.33,2.4,874.31
Kanodar,1979,39.18,1.4,512.59
Kanodar,1980,58.61,1.21,443.24
Kanodar,1985,79.26,0.96,349.1
Kanodar,1986,42.67,0.94,342.17
Kanodar,1987,20.5,0.31,114.19
Kanodar,1989,93.89,1.77,645.8
Kanodar,1990,98.88,1.93,700.8
Kanodar,1992,98.2,2.04,741.57
Kanodar,1995,57.6,1.49,541.98
Kanodar,1999,45.07,0.62,227.43
Kanodar,2013,75.31,2.55,932.1
Kanodar,2024,90.89,2.52,921.02
Kanodar,2025,82.13,3.0,1093.8
Karam_at_dahiwar,1907,57.42,1.89,690.76
Karam_at_dahiwar,1908,56.71,1.83,670.83
Karam_at_dahiwar,1909,54.06,2.1,766.82
Karam_at_dahiwar,1910,78.51,2.29,833.72
Karam_at_dahiwar,1911,49.98,1.55,566.95
Karam_at_dahiwar,1912,65.24,1.92,703.41
Karam_at_dahiwar,1915,89.01,2.39,870.08
Karam_at_dahiwar,1917,63.33,3.18,1160.34
Karam_at_dahiwar,1920,93.54,2.29,837.19
Karam_at_dahiwar,1921,61.78,2.18,794.5
Karam_at_dahiwar,1922,74.88,2.62,952.99
Karam_at_dahiwar,1923,51.88,1.95,706.37
Karam_at_dahiwar,1925,44.06,1.66,605.81
Karam_at_dahiwar,1926,74.08,2.32,847.85
Karam_at_dahiwar,1929,80.06,1.55,564.47
Karam_at_dahiwar,1933,77.68,3.16,1145.74
Karam_at_dahiwar,1934,97.91,3.43,1253.6
Karam_at_dahiwar,1943,85.84,2.95,1077.74
Karam_at_dahiwar,1945,81.33,2.21,803.62
Karam_at_dahiwar,1946,90.29,3.26,1183.36
Karam_at_dahiwar,1948,89.09,3.33,1217.1
Karam_at_dahiwar,1949,80.69,2.93,1068.85
Karam_at_dahiwar,1954,86.94,3.96,1440.79
Karam_at_dahiwar,1967,84.02,2.34,852.43
Karam_at_dahiwar,1968,78.28,2.11,773.5
Karam_at_dahiwar,1969,63.04,2.67,974.79
Karam_at_dahiwar,1970,92.65,2.36,858.3
Karam_at_dahiwar,1971,55.12,2.13,776.82
Karam_at_dahiwar,1972,98.75,1.67,609.47
Karam_at_dahiwar,1973,96.68,3.09,1111.77
Karam_at_dahiwar,1976,68.62,3.0,1099.09
Karam_at_dahiwar,1978,75.68,1.78,649.22
Karam_at_dahiwar,1979,66.1,1.83,668.21
Karam_at_dahiwar,1980,66.59,2.67,975.89
Karam_at_dahiwar,1985,96.98,1.83,666.98
Karam_at_dahiwar,1986,92.93,1.91,696.04
Karam_at_dahiwar,1987,96.31,1.92,699.0
Karam_at_dahiwar,1989,91.89,2.19,800.33
Karam_at_dahiwar,1990,83.49,2.37,864.23
Karam_at_dahiwar,1992,43.4,1.19,434.73
Karam_at_dahiwar,1995,47.56,1.73,631.09
Karam_at_dahiwar,1999,56.0,1.78,646.89
Karam_at_dahiwar,2013,82.91,2.9,1052.47
Karam_at_dahiwar,2024,53.6,2.8,1026.2
Karam_at_dahiwar,2025,78.53,3.15,1148.82
Karanjkuwa,1907,33.0,0.96,349.78
Karanjkuwa,1908,21.25,0.75,273.33
Karanjkuwa,1909,36.94,1.23,448.83
Karanjkuwa,1910,49.42,1.7,620.46
Karanjkuwa,1911,32.63,0.65,237.5
Karanjkuwa,1912,66.77,1.26,460.6
Karanjkuwa,1915,54.5,1.74,634.03
Karanjkuwa,1917,65.66,1.71,625.15
Karanjkuwa,1920,49.15,0.82,298.33
Karanjkuwa,1921,43.25,1.29,469.51
Karanjkuwa,1922,59.31,1.27,465.26
Karanjkuwa,1923,71.27,1.41,513.2
Karanjkuwa,1925,84.68,1.32,480.74
Karanjkuwa,1926,26.38,1.1,400.75
Karanjkuwa,1929,70.77,1.29,469.22
Karanjkuwa,1933,80.24,2.03,740.7
Karanjkuwa,1934,34.02,0.94,342.47
Karanjkuwa,1943,39.35,1.57,572.21
Karanjkuwa,1945,74.84,1.33,484.35
Karanjkuwa,1946,58.68,2.4,874.44
Karanjkuwa,1948,64.84,2.0,733.69
Karanjkuwa,1949,59.92,1.97,719.54
Karanjkuwa,1954,73.4,1.68,609.86
Karanjkuwa,1967,88.66,2.19,799.64
Karanjkuwa,1968,85.06,1.41,515.61
Karanjkuwa,1969,79.29,2.38,869.64
Karanjkuwa,1970,59.52,1.88,684.96
Karanjkuwa,1971,54.26,1.27,462.68
Karanjkuwa,1972,60.81,1.18,431.37
Karanjkuwa,1973,69.94,2.26,823.85
Karanjkuwa,1976,98.48,3.06,1117.84
Karanjkuwa,1978,76.27,1.92,700.13
Karanjkuwa,1979,47.31,1.78,647.91
Karanjkuwa,1980,43.15,1.55,566.21
Karanjkuwa,1985,40.56,1.07,389.51
Karanjkuwa,1986,64.12,1.2,438.07
Karanjkuwa,1987,37.18,1.21,441.45
Karanjkuwa,1989,70.04,1.91,696.39
Karanjkuwa,1990,75.76,2.27,829.13
Karanjkuwa,1992,56.17,1.62,592.09
Karanjkuwa,1995,39.83,1.56,567.67
Karanjkuwa,1999,48.41,1.38,505.32
Karanjkuwa,2013,83.74,2.19,799.57
Karanjkuwa,2024,68.16,2.63,961.31
Karanjkuwa,2025,85.04,2.49,909.41
Karoti,1907,97.17,2.09,760.26
Karoti,1908,97.35,3.22,1170.08
Karoti,1909,90.35,2.57,929.57
Karoti,1910,64.35,2.17,790.76
Karoti,1911,16.57,0.65,237.35
Karoti,1912,56.23,1.97,721.93
Karoti,1915,57.38,0.92,336.49
Karoti,1917,64.9,5.2,1896.46
Karoti,1920,41.29,1.68,613.84
Karoti,1921,51.21,1.82,660.29
Karoti,1922,95.77,2.17,793.64
Karoti,1923,41.58,0.74,269.7
Karoti,1925,72.56,1.22,444.22
Karoti,1926,97.88,2.92,1058.78
Karoti,1929,91.33,2.42,884.94
Karoti,1933,74.75,2.35,858.41
Karoti,1934,57.69,2.66,970.43
Karoti,1943,69.56,1.79,648.86
Karoti,1945,77.35,2.02,729.55
Karoti,1946,49.09,1.55,560.98
Karoti,1948,68.02,1.19,434.91
Karoti,1949,35.96,1.38,505.41
Karoti,1954,66.67,1.64,596.32
Karoti,1967,93.36,2.88,1047.0
Karoti,1968,59.88,1.06,387.81
Karoti,1969,56.14,1.41,513.41
Karoti,1970,74.36,2.9,1055.57
Karoti,1971,82.4,1.75,638.29
Karoti,1972,57.86,1.54,564.41
Karoti,1973,92.32,3.39,1226.67
Karoti,1976,83.15,2.65,965.46
Karoti,1978,93.7,2.58,941.95
Karoti,1979,78.87,2.05,746.36
Karoti,1980,59.72,1.27,463.11
Karoti,1985,84.7,1.43,522.85
Karoti,1986,44.9,0.86,313.04
Karoti,1987,25.34,0.75,275.07
Karoti,1989,55.3,1.67,611.3
Karoti,1990,89.67,2.08,749.15
Karoti,1992,88.54,2.27,825.94
Karoti,1995,95.5,1.69,617.31
Karoti,1999,78.91,1.06,387.12
Karoti,2013,90.74,2.09,763.65
Karoti,2024,70.38,2.87,1049.18
Karoti,2025,96.35,3.46,1264.22
Katangatola,1907,73.62,3.46,1264.19
Katangatola,1908,90.32,4.5,1646.98
Katangatola,1909,66.65,3.4,1239.22
Katangatola,1910,82.71,3.83,1398.14
Katangatola,1911,53.81,3.39,1233.94
Katangatola,1912,61.47,3.95,1447.0
Katangatola,1915,91.7,4.29,1566.5
Katangatola,1917,73.75,5.64,2057.08
Katangatola,1920,93.28,3.26,1191.48
Katangatola,1921,59.7,3.86,1409.89
Katangatola,1922,71.14,4.11,1500.93
Katangatola,1923,95.54,4.51,1640.98
Katangatola,1925,80.65,3.74,1359.56
Katangatola,1926,81.65,5.16,1866.46
Katangatola,1929,95.52,4.06,1481.8
Katangatola,1933,83.53,4.84,1761.01
Katangatola,1934,58.37,4.43,1617.22
Katangatola,1943,96.72,4.78,1741.39
Katangatola,1945,72.21,3.57,1298.97
Katangatola,1946,78.2,4.64,1689.61
Katangatola,1948,82.56,4.75,1733.51
Katangatola,1949,68.59,4.24,1547.88
Katangatola,1954,72.35,3.42,1247.62
Katangatola,1967,97.22,4.3,1565.74
Katangatola,1968,93.17,3.54,1290.31
Katangatola,1969,94.49,3.63,1325.11
Katangatola,1970,89.35,4.47,1630.57
Katangatola,1971,65.64,3.98,1451.56
Katangatola,1972,92.45,2.6,949.45
Katangatola,1973,70.5,4.6,1680.69
Katangatola,1976,83.46,2.75,1005.65
Katangatola,1978,69.74,3.94,1437.69
Katangatola,1979,35.43,2.38,865.22
Katangatola,1980,95.65,3.74,1370.31
Katangatola,1985,89.92,3.59,1310.6
Katangatola,1986,46.81,3.46,1263.29
Katangatola,1987,65.37,3.43,1252.67
Katangatola,1989,48.07,2.9,1057.38
Katangatola,1990,72.07,4.64,1689.74
Katangatola,1992,75.04,2.87,1049.29
Katangatola,1995,86.76,3.78,1381.25
Katangatola,1999,96.36,3.95,1429.82
Katangatola,2013,86.48,4.5,1641.98
Katangatola,2024,87.86,3.41,1236.51
Katangatola,2025,78.81,4.55,1652.04
Kattaleru___tiruvuru,1907,86.08,2.76,1005.31
Kattaleru___tiruvuru,1908,68.53,2.48,906.14
Kattaleru___tiruvuru,1909,53.48,2.43,888.4
Kattaleru___tiruvuru,1910,62.74,3.47,1267.61
Kattaleru___tiruvuru,1911,65.44,2.38,868.43
Kattaleru___tiruvuru,1912,66.3,2.48,907.75
Kattaleru___tiruvuru,1915,88.32,3.22,1176.44
Kattaleru___tiruvuru,1917,90.45,4.19,1525.11
Kattaleru___tiruvuru,1920,48.31,2.02,737.9
Kattaleru___tiruvuru,1921,62.07,3.02,1100.74
Kattaleru___tiruvuru,1922,65.88,2.38,867.54
Kattaleru___tiruvuru,1923,65.73,2.52,919.19
Kattaleru___tiruvuru,1925,96.82,3.6,1314.62
Kattaleru___tiruvuru,1926,53.5,2.17,790.23
Kattaleru___tiruvuru,1929,56.89,2.19,799.96
Kattaleru___tiruvuru,1933,96.94,2.97,1083.72
Kattaleru___tiruvuru,1934,64.73,2.67,974.93
Kattaleru___tiruvuru,1943,66.23,3.0,1091.94
Kattaleru___tiruvuru,1945,57.64,2.62,955.83
Kattaleru___tiruvuru,1946,47.64,1.87,681.77
Kattaleru___tiruvuru,1948,47.31,2.51,917.26
Kattaleru___tiruvuru,1949,54.52,3.08,1124.69
Kattaleru___tiruvuru,1954,66.32,2.69,974.7
Kattaleru___tiruvuru,1967,47.83,3.11,1133.8
Kattaleru___tiruvuru,1968,70.13,2.55,933.49
Kattaleru___tiruvuru,1969,82.23,4.15,1515.39
Kattaleru___tiruvuru,1970,75.85,3.94,1436.34
Kattaleru___tiruvuru,1971,84.02,2.61,952.71
Kattaleru___tiruvuru,1972,58.55,2.85,1042.28
Kattaleru___tiruvuru,1973,57.29,2.42,883.2
Kattaleru___tiruvuru,1976,69.97,2.83,1031.97
Kattaleru___tiruvuru,1978,95.6,3.32,1212.17
Kattaleru___tiruvuru,1979,63.28,2.03,742.52
Kattaleru___tiruvuru,1980,73.48,3.17,1160.59
Kattaleru___tiruvuru,1985,75.79,2.5,911.81
Kattaleru___tiruvuru,1986,85.63,2.13,777.0
Kattaleru___tiruvuru,1987,50.26,2.52,921.32
Kattaleru___tiruvuru,1989,89.01,2.94,1062.74
Kattaleru___tiruvuru,1990,62.3,3.22,1166.1
Kattaleru___tiruvuru,1992,91.1,2.91,1064.65
Kattaleru___tiruvuru,1995,77.88,3.35,1223.65
Kattaleru___tiruvuru,1999,45.8,2.52,919.13
Kattaleru___tiruvuru,2013,91.87,3.22,1174.29
Kattaleru___tiruvuru,2024,89.19,4.17,1523.85
Kattaleru___tiruvuru,2025,96.99,4.07,1475.7
Keesara,1907,81.9,2.36,857.78
Keesara,1908,80.23,2.59,946.88
Keesara,1909,47.8,2.38,868.13
Keesara,1910,63.34,3.42,1248.11
Keesara,1911,64.13,2.36,861.87
Keesara,1912,63.44,2.35,860.93
Keesara,1915,86.56,3.18,1159.48
Keesara,1917,92.27,4.29,1564.49
Keesara,1920,54.25,1.77,647.19
Keesara,1921,79.98,3.23,1180.62
Keesara,1922,64.89,2.29,834.5
Keesara,1923,78.2,2.51,915.65
Keesara,1925,68.27,3.19,1165.57
Keesara,1926,51.27,2.06,751.95
Keesara,1929,50.98,2.05,747.33
Keesara,1933,89.94,2.87,1049.12
Keesara,1934,56.78,2.5,914.21
Keesara,1943,60.92,2.93,1069.54
Keesara,1945,65.45,2.66,969.8
Keesara,1946,50.78,2.11,769.65
Keesara,1948,45.37,2.33,854.32
Keesara,1949,54.43,2.97,1085.03
Keesara,1954,82.96,2.82,1030.42
Keesara,1967,40.65,2.81,1024.04
Keesara,1968,48.24,2.48,907.36
Keesara,1969,68.85,3.7,1351.26
Keesara,1970,51.88,3.6,1312.91
Keesara,1971,38.73,2.29,834.8
Keesara,1972,46.59,2.24,821.4
Keesara,1973,34.58,2.1,767.77
Keesara,1976,56.6,2.84,1039.32
Keesara,1978,69.19,3.61,1317.18
Keesara,1979,44.92,2.03,740.71
Keesara,1980,59.64,2.87,1049.23
Keesara,1985,72.08,2.48,903.52
Keesara,1986,73.5,2.21,803.98
Keesara,1987,52.53,2.37,863.76
Keesara,1989,78.75,3.09,1123.41
Keesara,1990,84.35,3.84,1401.38
Keesara,1992,77.42,2.43,891.11
Keesara,1995,69.64,3.22,1175.69
Keesara,1999,29.74,2.54,927.8
Keesara,2013,74.47,3.42,1248.41
Keesara,2024,65.77,3.9,1423.34
Keesara,2025,87.22,4.24,1547.77
Kelo_at_raigarh,1907,75.74,4.66,1702.09
Kelo_at_raigarh,1908,65.12,4.52,1654.12
Kelo_at_raigarh,1909,65.0,4.57,1668.78
Kelo_at_raigarh,1910,84.8,4.15,1516.06
Kelo_at_raigarh,1911,91.76,4.1,1491.43
Kelo_at_raigarh,1912,59.68,3.79,1388.3
Kelo_at_raigarh,1915,51.56,3.54,1293.84
Kelo_at_raigarh,1917,56.29,5.33,1946.95
Kelo_at_raigarh,1920,86.44,4.32,1576.68
Kelo_at_raigarh,1921,61.04,3.4,1237.87
Kelo_at_raigarh,1922,64.91,3.96,1444.79
Kelo_at_raigarh,1923,93.48,4.48,1633.61
Kelo_at_raigarh,1925,87.28,4.96,1806.16
Kelo_at_raigarh,1926,86.31,5.39,1967.31
Kelo_at_raigarh,1929,77.27,4.45,1618.47
Kelo_at_raigarh,1933,70.8,4.44,1613.2
Kelo_at_raigarh,1934,87.73,4.27,1557.99
Kelo_at_raigarh,1943,79.38,5.39,1966.49
Kelo_at_raigarh,1945,62.92,4.69,1706.88
Kelo_at_raigarh,1946,84.97,5.7,2081.8
Kelo_at_raigarh,1948,59.68,4.26,1560.18
Kelo_at_raigarh,1949,68.06,5.0,1823.93
Kelo_at_raigarh,1954,66.59,2.83,1034.05
Kelo_at_raigarh,1967,69.65,3.9,1425.04
Kelo_at_raigarh,1968,76.83,3.2,1170.03
Kelo_at_raigarh,1969,97.07,3.43,1252.5
Kelo_at_raigarh,1970,63.64,2.98,1086.62
Kelo_at_raigarh,1971,80.02,4.8,1751.87
Kelo_at_raigarh,1972,80.08,3.1,1135.51
Kelo_at_raigarh,1973,82.64,4.54,1650.98
Kelo_at_raigarh,1976,60.42,2.81,1026.84
Kelo_at_raigarh,1978,54.74,3.55,1294.6
Kelo_at_raigarh,1979,35.42,1.65,603.33
Kelo_at_raigarh,1980,53.34,3.02,1105.74
Kelo_at_raigarh,1985,66.49,2.68,976.48
Kelo_at_raigarh,1986,62.59,3.66,1337.22
Kelo_at_raigarh,1987,74.82,2.21,808.22
Kelo_at_raigarh,1989,67.84,2.58,942.53
Kelo_at_raigarh,1990,45.85,3.07,1121.9
Kelo_at_raigarh,1992,48.65,2.36,862.75
Kelo_at_raigarh,1995,65.26,3.05,1113.97
Kelo_at_raigarh,1999,94.17,4.51,1645.65
Kelo_at_raigarh,2013,63.67,3.51,1277.04
Kelo_at_raigarh,2024,50.6,3.23,1183.13
Kelo_at_raigarh,2025,61.14,3.6,1312.9
Kesrali,1907,58.64,1.83,669.03
Kesrali,1908,76.17,2.91,1064.73
Kesrali,1909,40.71,2.02,735.61
Kesrali,1910,96.92,3.89,1419.58
Kesrali,1911,48.21,1.69,616.8
Kesrali,1912,53.29,2.11,773.33
Kesrali,1915,98.94,3.03,1106.89
Kesrali,1917,65.71,3.55,1295.99
Kesrali,1920,48.53,1.23,449.63
Kesrali,1921,54.68,2.25,821.85
Kesrali,1922,61.09,2.6,948.06
Kesrali,1923,62.9,2.2,801.32
Kesrali,1925,47.18,1.95,712.0
Kesrali,1926,36.29,1.93,704.16
Kesrali,1929,51.93,1.73,632.15
Kesrali,1933,66.14,3.83,1397.4
Kesrali,1934,58.45,2.7,987.23
Kesrali,1943,52.05,2.58,943.01
Kesrali,1945,53.62,2.18,795.67
Kesrali,1946,50.65,2.54,927.54
Kesrali,1948,65.88,2.89,1058.54
Kesrali,1949,43.46,2.92,1067.2
Kesrali,1954,68.49,2.41,878.12
Kesrali,1967,42.79,2.25,820.46
Kesrali,1968,53.24,2.24,818.99
Kesrali,1969,45.95,2.31,844.5
Kesrali,1970,74.59,2.78,1015.72
Kesrali,1971,38.93,1.64,598.16
Kesrali,1972,53.43,1.32,483.88
Kesrali,1973,40.77,2.44,891.23
Kesrali,1976,55.37,1.81,663.32
Kesrali,1978,49.08,2.52,918.28
Kesrali,1979,37.56,2.14,782.11
Kesrali,1980,49.99,2.36,862.8
Kesrali,1985,32.02,2.14,780.26
Kesrali,1986,42.33,1.75,637.51
Kesrali,1987,30.48,2.37,863.35
Kesrali,1989,93.45,3.15,1151.29
Kesrali,1990,86.49,3.69,1346.51
Kesrali,1992,83.21,1.88,689.36
Kesrali,1995,80.33,2.77,1011.21
Kesrali,1999,64.91,2.3,839.28
Kesrali,2013,36.91,2.77,1011.57
Kesrali,2024,77.44,2.72,996.21
Kesrali,2025,75.92,3.26,1188.48
Khadakewada,1907,65.98,4.34,1574.5
Khadakewada,1908,88.05,4.38,1598.46
Khadakewada,1909,60.56,3.27,1194.68
Khadakewada,1910,69.51,3.51,1282.07
Khadakewada,1911,47.11,3.1,1132.33
Khadakewada,1912,83.58,4.38,1583.78
Khadakewada,1915,93.99,3.8,1382.07
Khadakewada,1917,58.23,3.38,1228.92
Khadakewada,1920,62.74,3.56,1303.84
Khadakewada,1921,97.78,3.72,1355.02
Khadakewada,1922,86.83,4.19,1526.3
Khadakewada,1923,98.15,5.28,1927.61
Khadakewada,1925,78.28,3.93,1433.08
Khadakewada,1926,87.54,4.1,1494.01
Khadakewada,1929,53.78,3.71,1354.71
Khadakewada,1933,97.97,4.98,1811.35
Khadakewada,1934,92.38,5.03,1834.59
Khadakewada,1943,76.08,4.31,1565.51
Khadakewada,1945,90.12,4.45,1624.3
Khadakewada,1946,81.41,6.13,2231.13
Khadakewada,1948,83.44,5.21,1907.27
Khadakewada,1949,81.95,4.28,1560.72
Khadakewada,1954,80.42,5.18,1885.76
Khadakewada,1967,86.99,4.68,1702.65
Khadakewada,1968,48.74,3.1,1136.36
Khadakewada,1969,60.34,4.08,1489.27
Khadakewada,1970,81.39,4.58,1672.83
Khadakewada,1971,65.07,3.69,1347.64
Khadakewada,1972,90.97,3.97,1454.57
Khadakewada,1973,51.77,4.16,1514.2
Khadakewada,1976,84.05,4.61,1686.0
Khadakewada,1978,72.51,4.46,1626.68
Khadakewada,1979,66.27,3.89,1418.16
Khadakewada,1980,58.14,3.57,1306.89
Khadakewada,1985,80.27,4.11,1499.51
Khadakewada,1986,82.52,4.2,1531.64
Khadakewada,1987,50.39,2.41,878.41
Khadakewada,1989,78.55,3.4,1235.18
Khadakewada,1990,30.1,1.3,475.27
Khadakewada,1992,84.37,3.75,1371.4
Khadakewada,1995,40.88,1.81,659.6
Khadakewada,1999,43.61,2.51,917.44
Khadakewada,2013,55.76,3.79,1384.33
Khadakewada,2024,73.83,5.9,2158.19
Khadakewada,2025,96.99,6.32,2302.0
Khadka,1907,65.04,2.63,961.69
Khadka,1908,75.32,3.1,1136.05
Khadka,1909,79.44,2.41,881.32
Khadka,1910,77.74,3.44,1253.85
Khadka,1911,66.01,1.74,634.37
Khadka,1912,87.74,2.25,822.66
Khadka,1915,80.94,2.84,1035.63
Khadka,1917,62.88,3.71,1353.02
Khadka,1920,43.98,1.26,461.99
Khadka,1921,54.55,2.42,879.82
Khadka,1922,85.13,2.96,1079.19
Khadka,1923,43.52,2.13,777.86
Khadka,1925,55.53,2.12,774.2
Khadka,1926,75.99,2.82,1029.18
Khadka,1929,55.71,1.96,716.01
Khadka,1933,80.66,3.71,1354.78
Khadka,1934,61.06,3.06,1118.1
Khadka,1943,59.28,2.24,818.0
Khadka,1945,85.01,2.73,995.46
Khadka,1946,78.32,2.86,1045.29
Khadka,1948,71.62,3.14,1148.14
Khadka,1949,76.46,3.43,1251.3
Khadka,1954,73.89,2.6,948.47
Khadka,1967,40.44,2.03,740.93
Khadka,1968,58.72,2.31,846.57
Khadka,1969,59.8,2.54,925.87
Khadka,1970,67.41,3.49,1274.07
Khadka,1971,45.82,1.96,715.62
Khadka,1972,88.36,1.61,588.17
Khadka,1973,70.5,3.0,1094.12
Khadka,1976,46.11,2.46,901.91
Khadka,1978,46.66,2.54,928.09
Khadka,1979,55.97,2.31,841.83
Khadka,1980,47.58,2.81,1027.71
Khadka,1985,67.32,2.12,775.09
Khadka,1986,52.72,2.17,792.41
Khadka,1987,50.5,1.66,605.12
Khadka,1989,60.18,2.39,871.85
Khadka,1990,90.26,3.35,1222.69
Khadka,1992,82.24,2.62,957.17
Khadka,1995,57.66,2.71,988.52
Khadka,1999,61.25,2.77,1010.97
Khadka,2013,81.18,3.58,1305.29
Khadka,2024,61.91,3.18,1164.61
Khadka,2025,70.63,3.2,1167.17
Khandiovari,1907,69.91,1.31,476.66
Khandiovari,1908,74.37,1.66,607.5
Khandiovari,1909,42.5,1.52,554.4
Khandiovari,1910,64.43,1.91,696.85
Khandiovari,1911,31.15,0.88,320.04
Khandiovari,1912,94.92,1.7,621.01
Khandiovari,1915,57.49,1.53,559.13
Khandiovari,1917,78.5,3.11,1135.39
Khandiovari,1920,75.84,2.1,768.24
Khandiovari,1921,98.51,1.58,576.83
Khandiovari,1922,76.94,2.48,904.67
Khandiovari,1923,33.88,0.91,333.19
Khandiovari,1925,74.23,1.56,568.7
Khandiovari,1926,70.2,2.22,809.36
Khandiovari,1929,97.64,1.66,606.75
Khandiovari,1933,66.99,2.87,1046.61
Khandiovari,1934,65.84,2.0,731.71
Khandiovari,1943,66.74,1.81,658.98
Khandiovari,1945,75.7,2.13,775.87
Khandiovari,1946,70.13,2.24,818.28
Khandiovari,1948,33.05,1.04,380.11
Khandiovari,1949,54.04,1.02,373.2
Khandiovari,1954,71.87,2.01,734.67
Khandiovari,1967,63.75,1.65,602.77
Khandiovari,1968,96.4,1.33,486.01
Khandiovari,1969,50.76,1.33,484.39
Khandiovari,1970,63.51,2.04,743.0
Khandiovari,1971,79.48,1.54,563.3
Khandiovari,1972,43.42,1.12,411.16
Khandiovari,1973,58.32,2.41,877.44
Khandiovari,1976,84.6,2.24,818.31
Khandiovari,1978,66.27,1.74,636.26
Khandiovari,1979,34.32,1.37,499.02
Khandiovari,1980,49.29,2.4,879.29
Khandiovari,1985,67.2,1.35,494.36
Khandiovari,1986,65.57,1.13,411.08
Khandiovari,1987,43.66,0.71,259.65
Khandiovari,1989,57.98,1.6,584.39
Khandiovari,1990,72.16,2.44,889.84
Khandiovari,1992,59.51,1.58,577.06
Khandiovari,1995,46.87,1.11,404.95
Khandiovari,1999,60.09,1.05,384.47
Khandiovari,2013,79.76,1.83,668.08
Khandiovari,2024,63.74,2.31,843.73
Khandiovari,2025,95.54,3.35,1223.46
Khanditar,1907,63.62,4.02,1467.24
Khanditar,1908,56.75,4.19,1532.25
Khanditar,1909,32.98,3.98,1451.28
Khanditar,1910,58.37,4.11,1501.69
Khanditar,1911,47.97,3.41,1244.49
Khanditar,1912,54.1,3.86,1412.28
Khanditar,1915,60.42,3.79,1382.47
Khanditar,1917,54.02,4.6,1679.07
Khanditar,1920,59.81,4.42,1617.81
Khanditar,1921,55.99,3.74,1366.4
Khanditar,1922,58.44,3.59,1310.71
Khanditar,1923,36.73,3.42,1246.68
Khanditar,1925,73.66,4.51,1646.99
Khanditar,1926,71.49,4.09,1492.18
Khanditar,1929,64.75,4.04,1474.69
Khanditar,1933,82.18,4.81,1753.98
Khanditar,1934,67.11,3.9,1424.89
Khanditar,1943,68.64,4.16,1517.91
Khanditar,1945,74.99,3.66,1335.45
Khanditar,1946,43.69,4.9,1787.49
Khanditar,1948,34.33,3.36,1228.81
Khanditar,1949,61.55,3.32,1212.13
Khanditar,1954,31.48,3.22,1173.81
Khanditar,1967,48.99,3.19,1165.7
Khanditar,1968,64.55,3.49,1277.9
Khanditar,1969,92.1,3.18,1162.19
Khanditar,1970,63.66,3.45,1258.82
Khanditar,1971,76.11,4.16,1517.42
Khanditar,1972,71.01,3.24,1186.96
Khanditar,1973,64.62,4.4,1606.92
Khanditar,1976,51.93,2.94,1077.6
Khanditar,1978,53.36,3.9,1424.26
Khanditar,1979,59.11,2.6,948.22
Khanditar,1980,53.56,3.84,1406.43
Khanditar,1985,58.48,4.57,1669.87
Khanditar,1986,67.97,4.64,1694.97
Khanditar,1987,51.65,3.14,1147.82
Khanditar,1989,74.6,4.0,1461.81
Khanditar,1990,45.6,5.17,1885.29
Khanditar,1992,43.47,3.77,1380.08
Khanditar,1995,64.99,4.27,1557.49
Khanditar,1999,57.71,4.76,1737.01
Khanditar,2013,73.24,4.2,1533.49
Khanditar,2024,42.33,3.69,1350.31
Khanditar,2025,53.83,4.28,1563.91
Khariya,1907,44.42,2.59,944.19
Khariya,1908,71.74,2.67,978.57
Khariya,1909,42.16,2.64,963.52
Khariya,1910,65.14,3.64,1330.2
Khariya,1911,59.21,2.25,819.61
Khariya,1912,57.89,2.31,846.6
Khariya,1915,44.69,2.87,1048.91
Khariya,1917,44.15,3.73,1362.68
Khariya,1920,56.03,1.86,682.41
Khariya,1921,42.52,2.33,849.33
Khariya,1922,54.08,2.6,947.67
Khariya,1923,44.32,2.44,892.22
Khariya,1925,57.2,2.21,805.67
Khariya,1926,33.86,2.42,884.41
Khariya,1929,60.71,2.26,826.12
Khariya,1933,78.83,3.75,1367.15
Khariya,1934,45.31,3.12,1139.38
Khariya,1943,88.1,3.1,1131.79
Khariya,1945,66.48,2.94,1072.29
Khariya,1946,65.17,3.43,1251.32
Khariya,1948,62.04,4.31,1578.54
Khariya,1949,62.06,3.91,1426.48
Khariya,1954,65.17,3.45,1260.0
Khariya,1967,49.52,2.27,826.93
Khariya,1968,71.35,2.28,835.44
Khariya,1969,62.34,3.04,1108.47
Khariya,1970,80.05,3.98,1453.16
Khariya,1971,75.41,2.58,942.44
Khariya,1972,87.31,2.81,1026.85
Khariya,1973,83.46,4.1,1496.95
Khariya,1976,53.72,2.86,1048.05
Khariya,1978,53.19,2.84,1035.02
Khariya,1979,71.84,3.01,1099.79
Khariya,1980,47.92,2.24,820.55
Khariya,1985,56.5,1.95,711.69
Khariya,1986,84.32,3.16,1152.39
Khariya,1987,46.72,2.04,744.74
Khariya,1989,45.96,2.47,903.21
Khariya,1990,60.99,3.98,1452.78
Khariya,1992,62.33,2.31,844.08
Khariya,1995,75.97,2.53,923.17
Khariya,1999,60.22,3.33,1214.44
Khariya,2013,79.15,3.58,1303.9
Khariya,2024,54.86,3.33,1219.47
Khariya,2025,53.56,2.98,1089.4
Kheda,1907,59.8,2.09,761.41
Kheda,1908,52.88,2.32,849.42
Kheda,1909,87.77,2.05,748.26
Kheda,1910,77.39,2.39,871.0
Kheda,1911,47.2,0.82,299.9
Kheda,1912,71.64,2.01,734.54
Kheda,1915,44.06,1.25,457.7
Kheda,1917,59.59,3.46,1261.82
Kheda,1920,74.33,1.93,708.16
Kheda,1921,69.36,2.75,1003.8
Kheda,1922,55.51,1.98,723.45
Kheda,1923,49.57,1.05,384.09
Kheda,1925,57.53,1.32,481.26
Kheda,1926,87.81,2.81,1025.15
Kheda,1929,73.48,1.54,563.2
Kheda,1933,71.14,3.13,1142.52
Kheda,1934,51.38,2.26,824.65
Kheda,1943,68.68,2.35,856.23
Kheda,1945,65.41,2.18,795.27
Kheda,1946,40.75,2.25,821.52
Kheda,1948,38.02,1.12,409.0
Kheda,1949,68.63,1.61,587.56
Kheda,1954,59.75,2.0,728.86
Kheda,1967,65.08,2.24,818.24
Kheda,1968,52.31,0.94,344.05
Kheda,1969,35.33,1.83,669.65
Kheda,1970,61.53,2.64,963.26
Kheda,1971,71.06,1.62,590.88
Kheda,1972,54.22,1.18,432.19
Kheda,1973,92.29,3.28,1194.82
Kheda,1976,85.41,3.03,1108.48
Kheda,1978,78.57,2.53,923.32
Kheda,1979,88.41,1.75,640.3
Kheda,1980,41.89,1.41,514.58
Kheda,1985,72.82,1.23,448.43
Kheda,1986,69.22,1.21,443.28
Kheda,1987,55.2,1.27,462.99
Kheda,1989,60.39,1.99,725.54
Kheda,1990,98.54,2.8,1022.48
Kheda,1992,91.64,1.94,709.29
Kheda,1995,52.48,1.71,622.61
Kheda,1999,48.72,1.26,458.87
Kheda,2013,82.17,3.17,1156.19
Kheda,2024,92.13,2.92,1068.12
Kheda,2025,71.74,2.99,1090.3
Khedbrahma,1907,86.89,2.2,802.19
Khedbrahma,1908,93.63,2.64,965.45
Khedbrahma,1909,34.28,1.4,510.78
Khedbrahma,1910,71.46,2.24,818.56
Khedbrahma,1911,44.89,0.89,324.03
Khedbrahma,1912,72.0,1.73,632.35
Khedbrahma,1915,60.34,1.37,501.09
Khedbrahma,1917,61.87,3.18,1160.34
Khedbrahma,1920,71.28,2.1,765.85
Khedbrahma,1921,98.48,1.99,727.25
Khedbrahma,1922,64.1,2.49,909.46
Khedbrahma,1923,31.58,0.91,331.85
Khedbrahma,1925,62.98,1.43,519.32
Khedbrahma,1926,82.61,2.71,989.85
Khedbrahma,1929,58.69,1.57,570.6
Khedbrahma,1933,67.54,3.15,1148.73
Khedbrahma,1934,94.38,2.41,877.92
Khedbrahma,1943,73.99,2.21,807.25
Khedbrahma,1945,74.09,2.41,875.77
Khedbrahma,1946,62.68,2.14,782.01
Khedbrahma,1948,34.27,1.12,409.22
Khedbrahma,1949,61.77,1.61,588.53
Khedbrahma,1954,76.8,2.36,860.81
Khedbrahma,1967,95.23,2.2,804.24
Khedbrahma,1968,96.7,1.26,456.96
Khedbrahma,1969,50.16,1.45,530.74
Khedbrahma,1970,95.45,2.77,1009.79
Khedbrahma,1971,87.4,1.53,557.0
Khedbrahma,1972,53.11,1.19,436.87
Khedbrahma,1973,90.86,3.15,1146.32
Khedbrahma,1976,78.27,3.37,1231.68
Khedbrahma,1978,54.79,1.88,684.4
Khedbrahma,1979,53.71,1.31,476.35
Khedbrahma,1980,59.94,1.82,664.92
Khedbrahma,1985,66.62,1.4,510.06
Khedbrahma,1986,87.03,1.27,462.93
Khedbrahma,1987,26.43,0.83,301.71
Khedbrahma,1989,66.27,1.65,600.57
Khedbrahma,1990,72.43,2.7,987.18
Khedbrahma,1992,87.35,1.83,669.07
Khedbrahma,1995,42.6,1.54,563.23
Khedbrahma,1999,51.58,1.1,401.16
Khedbrahma,2013,46.97,2.0,726.43
Khedbrahma,2024,74.1,2.43,891.15
Khedbrahma,2025,87.34,3.64,1328.82
Khorsi_balodabazar,1907,83.07,2.92,1061.09
Khorsi_balodabazar,1908,98.84,2.73,990.21
Khorsi_balodabazar,1909,93.58,3.2,1169.4
Khorsi_balodabazar,1910,80.42,3.04,1107.66
Khorsi_balodabazar,1911,72.52,4.33,1573.31
Khorsi_balodabazar,1912,75.32,3.15,1153.12
Khorsi_balodabazar,1915,81.85,2.81,1018.85
Khorsi_balodabazar,1917,93.68,3.6,1311.88
Khorsi_balodabazar,1920,76.57,2.44,890.77
Khorsi_balodabazar,1921,53.22,2.45,893.3
Khorsi_balodabazar,1922,83.06,2.88,1049.54
Khorsi_balodabazar,1923,96.71,3.17,1155.51
Khorsi_balodabazar,1925,98.03,4.25,1547.16
Khorsi_balodabazar,1926,94.88,3.52,1280.21
Khorsi_balodabazar,1929,91.49,4.13,1499.35
Khorsi_balodabazar,1933,98.03,3.59,1290.86
Khorsi_balodabazar,1934,90.16,3.49,1268.87
Khorsi_balodabazar,1943,87.41,4.07,1482.75
Khorsi_balodabazar,1945,89.34,4.1,1491.81
Khorsi_balodabazar,1946,87.63,3.69,1345.68
Khorsi_balodabazar,1948,77.9,3.24,1180.92
Khorsi_balodabazar,1949,82.97,3.75,1368.67
Khorsi_balodabazar,1954,64.67,2.63,959.27
Khorsi_balodabazar,1967,94.37,3.77,1374.46
Khorsi_balodabazar,1968,97.11,3.02,1104.02
Khorsi_balodabazar,1969,55.39,2.3,838.87
Khorsi_balodabazar,1970,96.21,4.07,1478.55
Khorsi_balodabazar,1971,86.08,3.6,1314.34
Khorsi_balodabazar,1972,75.62,2.84,1040.44
Khorsi_balodabazar,1973,80.98,3.38,1228.86
Khorsi_balodabazar,1976,79.54,2.77,1015.5
Khorsi_balodabazar,1978,63.33,2.4,877.63
Khorsi_balodabazar,1979,78.91,2.01,733.63
Khorsi_balodabazar,1980,61.31,3.32,1215.31
Khorsi_balodabazar,1985,67.31,2.74,1000.08
Khorsi_balodabazar,1986,61.75,2.61,953.84
Khorsi_balodabazar,1987,63.62,2.19,800.09
Khorsi_balodabazar,1989,48.6,2.52,918.95
Khorsi_balodabazar,1990,94.48,3.94,1438.28
Khorsi_balodabazar,1992,69.82,2.38,869.64
Khorsi_balodabazar,1995,70.42,2.5,912.95
Khorsi_balodabazar,1999,54.78,2.19,798.28
Khorsi_balodabazar,2013,64.96,3.44,1256.74
Khorsi_balodabazar,2024,71.18,2.97,1084.57
Khorsi_balodabazar,2025,89.64,3.15,1150.97
Kodaganar_dam,1907,79.14,2.14,780.52
Kodaganar_dam,1908,38.22,1.52,554.92
Kodaganar_dam,1909,68.6,2.35,856.2
Kodaganar_dam,1910,70.4,2.16,789.4
Kodaganar_dam,1911,59.17,1.68,612.37
Kodaganar_dam,1912,58.39,2.39,875.88
Kodaganar_dam,1915,49.94,2.67,974.8
Kodaganar_dam,1917,62.39,2.62,954.93
Kodaganar_dam,1920,57.69,3.16,1155.19
Kodaganar_dam,1921,79.21,2.91,1061.6
Kodaganar_dam,1922,70.32,2.7,983.93
Kodaganar_dam,1923,46.28,1.81,658.85
Kodaganar_dam,1925,56.47,1.94,708.85
Kodaganar_dam,1926,40.07,1.85,677.01
Kodaganar_dam,1929,43.98,1.92,700.12
Kodaganar_dam,1933,50.76,2.44,889.93
Kodaganar_dam,1934,53.08,1.75,638.04
Kodaganar_dam,1943,54.68,2.22,809.48
Kodaganar_dam,1945,44.44,1.49,542.52
Kodaganar_dam,1946,67.41,2.01,729.9
Kodaganar_dam,1948,41.84,1.91,698.75
Kodaganar_dam,1949,58.26,2.36,860.31
Kodaganar_dam,1954,88.05,4.05,1473.87
Kodaganar_dam,1967,83.2,1.92,701.12
Kodaganar_dam,1968,81.77,1.8,657.75
Kodaganar_dam,1969,50.21,1.93,702.89
Kodaganar_dam,1970,68.82,2.65,966.28
Kodaganar_dam,1971,88.23,1.93,704.32
Kodaganar_dam,1972,59.57,1.77,648.87
Kodaganar_dam,1973,56.34,1.6,582.84
Kodaganar_dam,1976,64.24,2.09,765.52
Kodaganar_dam,1978,68.76,2.12,775.37
Kodaganar_dam,1979,97.91,1.94,706.94
Kodaganar_dam,1980,79.19,1.51,554.06
Kodaganar_dam,1985,59.85,1.5,547.62
Kodaganar_dam,1986,83.39,1.5,549.08
Kodaganar_dam,1987,49.49,1.42,518.86
Kodaganar_dam,1989,83.54,1.73,631.47
Kodaganar_dam,1990,69.96,1.73,631.9
Kodaganar_dam,1992,45.99,1.69,619.53
Kodaganar_dam,1995,47.41,1.2,437.84
Kodaganar_dam,1999,80.13,1.84,671.96
Kodaganar_dam,2013,33.15,0.97,355.19
Kodaganar_dam,2024,50.42,2.04,748.24
Kodaganar_dam,2025,36.99,1.21,439.87
Kogaon,1907,52.33,1.42,519.54
Kogaon,1908,29.03,1.53,558.58
Kogaon,1909,32.88,1.76,640.82
Kogaon,1910,54.22,2.21,808.36
Kogaon,1911,35.85,1.2,439.04
Kogaon,1912,58.13,1.51,551.58
Kogaon,1915,67.7,2.41,880.13
Kogaon,1917,39.72,2.51,915.23
Kogaon,1920,72.71,1.7,620.43
Kogaon,1921,55.34,2.17,793.77
Kogaon,1922,51.07,1.94,709.66
Kogaon,1923,32.58,1.61,588.14
Kogaon,1925,31.28,1.47,538.06
Kogaon,1926,44.57,2.0,730.64
Kogaon,1929,52.91,1.32,481.98
Kogaon,1933,82.94,2.85,1041.5
Kogaon,1934,48.88,2.7,984.12
Kogaon,1943,78.21,2.48,903.88
Kogaon,1945,63.23,1.65,601.85
Kogaon,1946,61.11,2.69,982.24
Kogaon,1948,58.27,2.98,1090.68
Kogaon,1949,81.88,2.69,981.79
Kogaon,1954,78.03,2.64,963.52
Kogaon,1967,86.72,2.06,750.25
Kogaon,1968,95.82,1.9,693.82
Kogaon,1969,60.19,2.55,931.44
Kogaon,1970,96.53,2.92,1066.82
Kogaon,1971,67.75,1.64,596.97
Kogaon,1972,58.27,1.42,517.88
Kogaon,1973,65.91,2.75,999.33
Kogaon,1976,81.78,2.48,907.89
Kogaon,1978,81.46,2.19,798.87
Kogaon,1979,90.15,2.01,731.48
Kogaon,1980,47.72,1.9,695.47
Kogaon,1985,53.79,1.56,570.02
Kogaon,1986,50.42,1.91,696.61
Kogaon,1987,44.32,1.64,599.49
Kogaon,1989,53.56,2.22,811.31
Kogaon,1990,78.03,2.58,941.05
Kogaon,1992,66.84,1.6,584.85
Kogaon,1995,62.36,1.68,612.3
Kogaon,1999,54.35,2.14,779.73
Kogaon,2013,71.22,2.52,920.14
Kogaon,2024,69.96,2.84,1039.55
Kogaon,2025,59.81,2.25,821.52
Kokkedoddy,1907,64.04,1.92,700.41
Kokkedoddy,1908,45.28,1.75,640.11
Kokkedoddy,1909,70.41,2.8,1021.84
Kokkedoddy,1910,46.2,3.06,1118.17
Kokkedoddy,1911,74.02,1.96,715.59
Kokkedoddy,1912,60.79,2.92,1068.65
Kokkedoddy,1915,42.3,2.29,837.07
Kokkedoddy,1917,59.2,2.46,898.14
Kokkedoddy,1920,26.5,1.63,596.19
Kokkedoddy,1921,51.25,2.08,760.97
Kokkedoddy,1922,45.16,2.07,754.49
Kokkedoddy,1923,31.85,1.48,541.18
Kokkedoddy,1925,28.01,1.75,639.48
Kokkedoddy,1926,32.41,1.83,669.68
Kokkedoddy,1929,51.91,2.13,775.71
Kokkedoddy,1933,57.25,2.37,863.71
Kokkedoddy,1934,57.95,1.64,597.02
Kokkedoddy,1943,85.75,2.88,1052.24
Kokkedoddy,1945,38.7,1.63,595.56
Kokkedoddy,1946,38.22,2.79,1016.83
Kokkedoddy,1948,31.98,1.93,706.57
Kokkedoddy,1949,42.32,2.28,833.89
Kokkedoddy,1954,51.99,2.13,775.97
Kokkedoddy,1967,34.38,1.83,669.66
Kokkedoddy,1968,47.52,2.24,819.64
Kokkedoddy,1969,44.67,2.59,946.92
Kokkedoddy,1970,47.67,2.5,912.83
Kokkedoddy,1971,53.06,2.67,974.06
Kokkedoddy,1972,43.1,2.56,937.22
Kokkedoddy,1973,39.74,2.72,993.63
Kokkedoddy,1976,36.1,1.79,654.19
Kokkedoddy,1978,48.96,2.57,937.33
Kokkedoddy,1979,41.32,2.61,951.69
Kokkedoddy,1980,40.49,1.93,705.14
Kokkedoddy,1985,19.14,1.43,523.06
Kokkedoddy,1986,68.93,2.54,926.1
Kokkedoddy,1987,36.65,2.05,746.89
Kokkedoddy,1989,39.9,1.83,669.14
Kokkedoddy,1990,33.94,1.39,509.06
Kokkedoddy,1992,34.61,2.02,741.11
Kokkedoddy,1995,22.63,1.61,589.26
Kokkedoddy,1999,44.03,2.62,955.59
Kokkedoddy,2013,49.72,2.45,894.55
Kokkedoddy,2024,36.89,2.16,789.47
Kokkedoddy,2025,50.98,2.38,869.0
Kolar_at_mahgaon,1907,63.63,2.55,928.95
Kolar_at_mahgaon,1908,96.68,3.05,1113.21
Kolar_at_mahgaon,1909,83.25,2.51,917.61
Kolar_at_mahgaon,1910,98.14,3.04,1107.9
Kolar_at_mahgaon,1911,59.48,2.34,850.96
Kolar_at_mahgaon,1912,77.7,2.92,1068.41
Kolar_at_mahgaon,1915,62.6,3.63,1321.1
Kolar_at_mahgaon,1917,80.05,4.22,1541.19
Kolar_at_mahgaon,1920,38.53,1.79,654.06
Kolar_at_mahgaon,1921,63.3,3.29,1200.33
Kolar_at_mahgaon,1922,63.61,3.17,1158.71
Kolar_at_mahgaon,1923,97.65,3.74,1362.09
Kolar_at_mahgaon,1925,80.8,2.64,965.23
Kolar_at_mahgaon,1926,75.88,3.53,1287.02
Kolar_at_mahgaon,1929,42.69,2.03,739.85
Kolar_at_mahgaon,1933,75.7,2.84,1033.32
Kolar_at_mahgaon,1934,92.05,3.9,1420.74
Kolar_at_mahgaon,1943,85.58,2.85,1039.87
Kolar_at_mahgaon,1945,86.44,3.7,1346.77
Kolar_at_mahgaon,1946,66.54,3.41,1241.41
Kolar_at_mahgaon,1948,67.61,3.75,1370.18
Kolar_at_mahgaon,1949,71.62,2.99,1089.91
Kolar_at_mahgaon,1954,70.84,3.37,1229.02
Kolar_at_mahgaon,1967,69.78,2.64,960.69
Kolar_at_mahgaon,1968,82.5,2.57,936.36
Kolar_at_mahgaon,1969,97.28,3.84,1401.19
Kolar_at_mahgaon,1970,98.54,3.84,1392.61
Kolar_at_mahgaon,1971,76.2,3.24,1180.92
Kolar_at_mahgaon,1972,74.25,1.83,668.06
Kolar_at_mahgaon,1973,91.77,3.71,1344.92
Kolar_at_mahgaon,1976,64.7,2.63,958.14
Kolar_at_mahgaon,1978,87.8,3.21,1170.81
Kolar_at_mahgaon,1979,62.51,1.83,669.58
Kolar_at_mahgaon,1980,92.67,3.1,1134.1
Kolar_at_mahgaon,1985,65.22,2.8,1015.22
Kolar_at_mahgaon,1986,83.56,2.7,975.52
Kolar_at_mahgaon,1987,64.45,2.82,1028.99
Kolar_at_mahgaon,1989,87.93,2.56,934.89
Kolar_at_mahgaon,1990,52.33,3.31,1209.51
Kolar_at_mahgaon,1992,61.57,2.17,792.05
Kolar_at_mahgaon,1995,80.05,2.51,915.56
Kolar_at_mahgaon,1999,95.37,4.24,1540.73
Kolar_at_mahgaon,2013,84.28,4.37,1596.77
Kolar_at_mahgaon,2024,79.08,3.73,1359.45
Kolar_at_mahgaon,2025,68.64,3.5,1272.18
Kolgaon,1907,62.0,2.66,971.3
Kolgaon,1908,65.69,3.1,1135.56
Kolgaon,1909,62.76,2.3,840.13
Kolgaon,1910,60.63,3.3,1205.1
Kolgaon,1911,45.8,2.01,734.49
Kolgaon,1912,44.03,2.39,873.73
Kolgaon,1915,63.73,2.99,1091.59
Kolgaon,1917,51.41,3.73,1361.81
Kolgaon,1920,35.32,1.32,484.34
Kolgaon,1921,56.59,2.74,1000.79
Kolgaon,1922,59.82,2.91,1063.17
Kolgaon,1923,44.88,2.31,841.83
Kolgaon,1925,49.98,2.32,845.83
Kolgaon,1926,45.23,2.74,998.39
Kolgaon,1929,43.39,2.04,743.39
Kolgaon,1933,47.6,3.88,1415.98
Kolgaon,1934,54.55,3.04,1108.48
Kolgaon,1943,35.2,2.31,843.71
Kolgaon,1945,63.05,2.88,1049.67
Kolgaon,1946,56.87,2.71,989.85
Kolgaon,1948,46.99,3.07,1125.43
Kolgaon,1949,53.64,3.42,1247.38
Kolgaon,1954,49.7,2.85,1038.66
Kolgaon,1967,43.47,2.35,858.72
Kolgaon,1968,55.42,2.41,881.21
Kolgaon,1969,46.6,2.6,947.24
Kolgaon,1970,59.49,3.19,1164.43
Kolgaon,1971,39.7,1.83,667.67
Kolgaon,1972,47.56,1.63,597.6
Kolgaon,1973,43.33,3.06,1116.0
Kolgaon,1976,53.6,2.45,897.59
Kolgaon,1978,49.87,3.01,1097.1
Kolgaon,1979,74.8,2.5,910.71
Kolgaon,1980,59.68,2.69,985.88
Kolgaon,1985,46.99,2.07,756.22
Kolgaon,1986,59.33,2.41,880.4
Kolgaon,1987,39.69,2.03,742.02
Kolgaon,1989,53.56,2.75,1001.99
Kolgaon,1990,70.19,3.58,1306.45
Kolgaon,1992,66.87,2.51,918.68
Kolgaon,1995,63.14,2.87,1046.91
Kolgaon,1999,48.83,2.87,1048.12
Kolgaon,2013,77.15,3.83,1396.4
Kolgaon,2024,58.39,2.93,1071.8
Kolgaon,2025,63.9,3.43,1252.49
Koli_bk_,1907,62.13,2.6,950.34
Koli_bk_,1908,77.01,2.96,1084.72
Koli_bk_,1909,78.4,2.41,879.94
Koli_bk_,1910,61.83,3.43,1252.29
Koli_bk_,1911,65.03,1.68,612.16
Koli_bk_,1912,83.38,2.2,805.05
Koli_bk_,1915,87.25,2.84,1036.32
Koli_bk_,1917,70.49,3.61,1318.92
Koli_bk_,1920,48.58,1.24,454.18
Koli_bk_,1921,55.52,2.38,866.54
Koli_bk_,1922,70.99,2.73,994.41
Koli_bk_,1923,46.0,2.2,801.87
Koli_bk_,1925,50.68,2.02,738.58
Koli_bk_,1926,79.4,2.79,1019.76
Koli_bk_,1929,56.0,2.03,740.81
Koli_bk_,1933,80.49,3.58,1307.14
Koli_bk_,1934,61.31,3.03,1104.56
Koli_bk_,1943,63.93,2.22,811.93
Koli_bk_,1945,85.25,2.62,955.24
Koli_bk_,1946,82.09,2.87,1048.1
Koli_bk_,1948,74.04,3.13,1144.02
Koli_bk_,1949,76.22,3.42,1249.08
Koli_bk_,1954,69.18,2.47,900.86
Koli_bk_,1967,41.86,2.05,746.91
Koli_bk_,1968,58.96,2.32,848.21
Koli_bk_,1969,59.68,2.45,893.7
Koli_bk_,1970,67.69,3.5,1276.4
Koli_bk_,1971,53.47,1.96,714.89
Koli_bk_,1972,92.59,1.64,599.68
Koli_bk_,1973,71.25,2.99,1090.46
Koli_bk_,1976,46.06,2.42,884.94
Koli_bk_,1978,46.19,2.45,894.55
Koli_bk_,1979,51.5,2.36,859.91
Koli_bk_,1980,51.7,2.73,1000.29
Koli_bk_,1985,85.38,2.19,799.01
Koli_bk_,1986,56.04,2.14,779.77
Koli_bk_,1987,58.1,1.63,594.55
Koli_bk_,1989,60.73,2.41,879.54
Koli_bk_,1990,86.15,3.18,1162.4
Koli_bk_,1992,76.39,2.57,940.52
Koli_bk_,1995,54.27,2.67,975.17
Koli_bk_,1999,68.33,2.68,978.71
Koli_bk_,2013,82.29,3.52,1286.31
Koli_bk_,2024,55.28,3.15,1153.13
Koli_bk_,2025,71.77,3.18,1161.91
Koliari___rampur,1907,60.51,1.99,727.71
Koliari___rampur,1908,63.33,2.75,1006.71
Koliari___rampur,1909,84.14,2.54,928.39
Koliari___rampur,1910,79.02,3.15,1146.18
Koliari___rampur,1911,24.7,0.89,325.18
Koliari___rampur,1912,65.51,3.02,1105.85
Koliari___rampur,1915,51.42,1.78,649.45
Koliari___rampur,1917,71.98,3.74,1360.65
Koliari___rampur,1920,60.66,2.05,750.02
Koliari___rampur,1921,76.38,3.24,1180.67
Koliari___rampur,1922,69.16,2.42,881.6
Koliari___rampur,1923,45.73,1.58,575.59
Koliari___rampur,1925,52.8,1.51,549.63
Koliari___rampur,1926,54.36,2.9,1058.46
Koliari___rampur,1929,58.85,1.97,719.36
Koliari___rampur,1933,66.83,2.87,1043.73
Koliari___rampur,1934,51.98,2.64,962.22
Koliari___rampur,1943,70.3,2.6,947.52
Koliari___rampur,1945,95.12,3.12,1135.64
Koliari___rampur,1946,42.11,3.0,1094.65
Koliari___rampur,1948,46.16,1.75,641.33
Koliari___rampur,1949,69.63,2.81,1027.34
Koliari___rampur,1954,79.05,3.05,1109.39
Koliari___rampur,1967,55.22,2.46,894.23
Koliari___rampur,1968,73.14,1.92,701.96
Koliari___rampur,1969,61.31,2.08,758.96
Koliari___rampur,1970,69.86,3.11,1134.73
Koliari___rampur,1971,59.71,2.02,736.76
Koliari___rampur,1972,53.24,1.29,473.17
Koliari___rampur,1973,97.46,4.09,1485.28
Koliari___rampur,1976,76.31,4.03,1461.36
Koliari___rampur,1978,69.9,1.82,659.96
Koliari___rampur,1979,91.28,2.09,762.35
Koliari___rampur,1980,87.07,2.16,791.08
Koliari___rampur,1985,24.59,0.84,305.8
Koliari___rampur,1986,43.24,1.16,424.02
Koliari___rampur,1987,50.28,1.2,436.53
Koliari___rampur,1989,65.26,2.01,732.52
Koliari___rampur,1990,57.41,2.49,905.57
Koliari___rampur,1992,55.47,1.74,635.53
Koliari___rampur,1995,62.87,1.49,542.96
Koliari___rampur,1999,43.6,1.33,486.41
Koliari___rampur,2013,77.3,2.41,880.88
Koliari___rampur,2024,79.2,2.3,838.38
Koliari___rampur,2025,98.01,2.28,833.88
Kondazhy,1907,81.09,6.87,2492.49
Kondazhy,1908,52.37,5.16,1887.61
Kondazhy,1909,71.23,5.94,2156.22
Kondazhy,1910,59.13,5.24,1912.0
Kondazhy,1911,94.5,5.16,1877.21
Kondazhy,1912,97.07,5.86,2143.43
Kondazhy,1915,86.27,6.0,2185.63
Kondazhy,1917,67.89,5.46,1994.61
Kondazhy,1920,88.01,5.53,2016.8
Kondazhy,1921,96.56,5.04,1835.89
Kondazhy,1922,88.12,5.97,2168.26
Kondazhy,1923,77.06,6.52,2372.44
Kondazhy,1925,61.07,5.29,1929.28
Kondazhy,1926,92.5,6.18,2248.98
Kondazhy,1929,90.88,6.9,2505.87
Kondazhy,1933,90.2,9.83,3588.15
Kondazhy,1934,69.89,5.06,1847.59
Kondazhy,1943,64.16,7.37,2683.38
Kondazhy,1945,83.45,4.14,1512.44
Kondazhy,1946,71.06,8.28,3020.7
Kondazhy,1948,87.34,7.28,2665.49
Kondazhy,1949,75.3,5.82,2122.98
Kondazhy,1954,76.5,5.58,2035.14
Kondazhy,1967,73.46,5.01,1826.9
Kondazhy,1968,77.52,6.77,2476.18
Kondazhy,1969,93.85,5.48,1993.4
Kondazhy,1970,64.74,6.34,2312.4
Kondazhy,1971,90.38,7.33,2675.99
Kondazhy,1972,65.89,4.26,1560.28
Kondazhy,1973,78.87,6.45,2348.89
Kondazhy,1976,58.29,4.36,1594.75
Kondazhy,1978,71.67,6.19,2258.62
Kondazhy,1979,73.31,6.77,2471.43
Kondazhy,1980,65.69,9.18,3349.34
Kondazhy,1985,95.57,5.68,2067.63
Kondazhy,1986,81.49,5.03,1834.97
Kondazhy,1987,90.6,4.86,1775.5
Kondazhy,1989,74.54,5.48,2000.33
Kondazhy,1990,70.8,5.38,1965.29
Kondazhy,1992,67.2,5.39,1973.3
Kondazhy,1995,44.29,3.78,1381.27
Kondazhy,1999,52.29,4.73,1727.25
Kondazhy,2013,63.72,6.28,2287.32
Kondazhy,2024,61.8,4.93,1795.78
Kondazhy,2025,88.99,6.14,2239.89
Kothapalle__sileru_,1907,65.86,3.28,1198.09
Kothapalle__sileru_,1908,43.04,2.84,1040.05
Kothapalle__sileru_,1909,51.25,3.28,1197.57
Kothapalle__sileru_,1910,80.5,4.74,1730.66
Kothapalle__sileru_,1911,80.15,2.76,1009.1
Kothapalle__sileru_,1912,59.7,3.46,1266.53
Kothapalle__sileru_,1915,53.12,3.88,1414.83
Kothapalle__sileru_,1917,50.79,3.7,1350.5
Kothapalle__sileru_,1920,44.64,2.42,887.39
Kothapalle__sileru_,1921,70.08,3.13,1142.98
Kothapalle__sileru_,1922,62.68,2.89,1055.04
Kothapalle__sileru_,1923,97.43,3.05,1111.49
Kothapalle__sileru_,1925,88.87,3.89,1418.14
Kothapalle__sileru_,1926,61.82,2.87,1048.97
Kothapalle__sileru_,1929,63.22,2.94,1074.62
Kothapalle__sileru_,1933,81.03,3.82,1395.07
Kothapalle__sileru_,1934,39.26,2.79,1018.83
Kothapalle__sileru_,1943,69.08,2.79,1019.05
Kothapalle__sileru_,1945,77.85,3.72,1353.58
Kothapalle__sileru_,1946,49.07,3.35,1223.74
Kothapalle__sileru_,1948,41.31,3.37,1231.85
Kothapalle__sileru_,1949,97.2,4.18,1521.99
Kothapalle__sileru_,1954,88.87,3.7,1350.78
Kothapalle__sileru_,1967,56.24,2.96,1082.12
Kothapalle__sileru_,1968,52.88,2.9,1059.82
Kothapalle__sileru_,1969,71.1,4.13,1506.86
Kothapalle__sileru_,1970,52.82,2.81,1025.4
Kothapalle__sileru_,1971,52.23,3.39,1237.25
Kothapalle__sileru_,1972,75.73,3.18,1164.1
Kothapalle__sileru_,1973,51.11,2.7,983.89
Kothapalle__sileru_,1976,68.24,2.92,1067.25
Kothapalle__sileru_,1978,52.37,3.68,1343.97
Kothapalle__sileru_,1979,70.97,3.63,1326.64
Kothapalle__sileru_,1980,59.3,3.13,1146.26
Kothapalle__sileru_,1985,52.36,2.6,947.78
Kothapalle__sileru_,1986,76.21,3.25,1181.34
Kothapalle__sileru_,1987,57.98,3.31,1208.93
Kothapalle__sileru_,1989,72.89,3.23,1178.39
Kothapalle__sileru_,1990,75.39,4.26,1546.81
Kothapalle__sileru_,1992,64.04,3.85,1410.71
Kothapalle__sileru_,1995,78.4,3.72,1357.55
Kothapalle__sileru_,1999,68.93,2.31,844.51
Kothapalle__sileru_,2013,87.4,3.36,1225.26
Kothapalle__sileru_,2024,73.73,3.25,1191.11
Kothapalle__sileru_,2025,75.15,3.77,1374.44
Kottapuram,1907,90.4,8.4,3041.61
Kottapuram,1908,75.77,5.59,2046.68
Kottapuram,1909,80.37,6.75,2445.03
Kottapuram,1910,87.5,5.76,2097.8
Kottapuram,1911,91.85,5.75,2094.78
Kottapuram,1912,78.63,6.78,2466.72
Kottapuram,1915,92.79,7.33,2667.47
Kottapuram,1917,83.5,6.14,2239.79
Kottapuram,1920,96.72,8.62,3138.97
Kottapuram,1921,86.66,6.46,2350.48
Kottapuram,1922,70.35,6.43,2326.41
Kottapuram,1923,91.92,7.28,2622.47
Kottapuram,1925,91.44,6.74,2461.35
Kottapuram,1926,89.72,6.52,2374.86
Kottapuram,1929,87.63,7.15,2581.88
Kottapuram,1933,95.05,9.02,3272.55
Kottapuram,1934,96.8,5.46,1991.29
Kottapuram,1943,90.78,7.69,2800.95
Kottapuram,1945,72.69,4.95,1797.52
Kottapuram,1946,87.95,8.67,3147.86
Kottapuram,1948,93.51,6.39,2338.36
Kottapuram,1949,95.92,6.72,2445.4
Kottapuram,1954,98.24,6.23,2269.07
Kottapuram,1967,88.92,6.15,2243.11
Kottapuram,1968,74.72,7.64,2795.8
Kottapuram,1969,96.36,7.37,2690.26
Kottapuram,1970,67.01,7.83,2859.5
Kottapuram,1971,88.29,8.11,2959.67
Kottapuram,1972,79.8,7.07,2587.58
Kottapuram,1973,86.31,5.83,2127.58
Kottapuram,1976,78.95,4.46,1632.2
Kottapuram,1978,96.68,6.85,2491.87
Kottapuram,1979,84.19,7.4,2701.08
Kottapuram,1980,78.02,8.06,2950.96
Kottapuram,1985,68.96,4.76,1733.66
Kottapuram,1986,76.07,4.74,1730.14
Kottapuram,1987,86.98,4.59,1676.1
Kottapuram,1989,60.36,4.58,1671.13
Kottapuram,1990,68.39,5.5,2001.34
Kottapuram,1992,87.44,7.51,2747.19
Kottapuram,1995,59.5,5.34,1938.69
Kottapuram,1999,83.2,6.16,2242.52
Kottapuram,2013,88.53,8.46,3079.65
Kottapuram,2024,89.84,6.04,2192.63
Kottapuram,2025,95.58,7.25,2646.98
Kovvada_kalva_near_dommeru,1907,54.21,2.11,766.97
Kovvada_kalva_near_dommeru,1908,48.51,2.07,756.43
Kovvada_kalva_near_dommeru,1909,43.34,2.29,837.57
Kovvada_kalva_near_dommeru,1910,54.11,2.8,1022.02
Kovvada_kalva_near_dommeru,1911,80.16,2.77,1011.63
Kovvada_kalva_near_dommeru,1912,64.53,2.72,996.67
Kovvada_kalva_near_dommeru,1915,56.52,2.96,1079.2
Kovvada_kalva_near_dommeru,1917,92.99,4.19,1530.21
Kovvada_kalva_near_dommeru,1920,50.31,1.78,651.89
Kovvada_kalva_near_dommeru,1921,56.32,2.57,933.81
Kovvada_kalva_near_dommeru,1922,93.48,2.3,840.81
Kovvada_kalva_near_dommeru,1923,67.46,2.88,1047.22
Kovvada_kalva_near_dommeru,1925,63.07,3.17,1156.02
Kovvada_kalva_near_dommeru,1926,64.4,2.67,973.87
Kovvada_kalva_near_dommeru,1929,68.09,1.92,701.46
Kovvada_kalva_near_dommeru,1933,81.01,2.68,973.79
Kovvada_kalva_near_dommeru,1934,40.56,2.42,884.27
Kovvada_kalva_near_dommeru,1943,64.89,2.64,960.0
Kovvada_kalva_near_dommeru,1945,51.93,2.4,874.32
Kovvada_kalva_near_dommeru,1946,65.12,2.93,1068.25
Kovvada_kalva_near_dommeru,1948,65.86,2.83,1034.73
Kovvada_kalva_near_dommeru,1949,83.01,3.02,1099.89
Kovvada_kalva_near_dommeru,1954,82.89,2.87,1046.63
Kovvada_kalva_near_dommeru,1967,85.66,2.77,1010.61
Kovvada_kalva_near_dommeru,1968,61.29,1.79,653.32
Kovvada_kalva_near_dommeru,1969,89.64,3.03,1103.9
Kovvada_kalva_near_dommeru,1970,83.87,3.56,1299.53
Kovvada_kalva_near_dommeru,1971,62.03,2.75,999.47
Kovvada_kalva_near_dommeru,1972,84.82,2.6,950.73
Kovvada_kalva_near_dommeru,1973,49.1,2.24,817.06
Kovvada_kalva_near_dommeru,1976,53.84,2.63,958.04
Kovvada_kalva_near_dommeru,1978,83.72,2.43,887.91
Kovvada_kalva_near_dommeru,1979,82.7,2.05,747.72
Kovvada_kalva_near_dommeru,1980,74.24,2.33,852.25
Kovvada_kalva_near_dommeru,1985,62.55,2.89,1052.37
Kovvada_kalva_near_dommeru,1986,72.57,2.14,776.27
Kovvada_kalva_near_dommeru,1987,62.23,3.49,1275.21
Kovvada_kalva_near_dommeru,1989,75.16,2.8,1020.55
Kovvada_kalva_near_dommeru,1990,73.2,3.2,1161.32
Kovvada_kalva_near_dommeru,1992,86.78,1.94,710.24
Kovvada_kalva_near_dommeru,1995,77.09,3.67,1337.86
Kovvada_kalva_near_dommeru,1999,98.3,2.53,924.29
Kovvada_kalva_near_dommeru,2013,62.09,2.77,1012.73
Kovvada_kalva_near_dommeru,2024,96.24,2.82,1033.58
Kovvada_kalva_near_dommeru,2025,58.49,2.9,1058.23
Kovvadakalva___pragadapalli,1907,76.28,3.43,1252.84
Kovvadakalva___pragadapalli,1908,63.63,3.27,1196.27
Kovvadakalva___pragadapalli,1909,75.26,2.75,1003.6
Kovvadakalva___pragadapalli,1910,74.67,5.2,1899.51
Kovvadakalva___pragadapalli,1911,75.34,2.92,1063.65
Kovvadakalva___pragadapalli,1912,67.44,3.19,1166.01
Kovvadakalva___pragadapalli,1915,62.8,3.79,1384.53
Kovvadakalva___pragadapalli,1917,79.2,4.44,1616.8
Kovvadakalva___pragadapalli,1920,90.95,2.69,985.52
Kovvadakalva___pragadapalli,1921,66.84,2.91,1063.76
Kovvadakalva___pragadapalli,1922,67.9,2.81,1026.22
Kovvadakalva___pragadapalli,1923,83.47,3.76,1370.78
Kovvadakalva___pragadapalli,1925,83.49,3.85,1403.92
Kovvadakalva___pragadapalli,1926,76.54,3.16,1152.65
Kovvadakalva___pragadapalli,1929,67.98,2.73,996.42
Kovvadakalva___pragadapalli,1933,77.17,3.51,1277.33
Kovvadakalva___pragadapalli,1934,79.9,2.91,1063.15
Kovvadakalva___pragadapalli,1943,58.4,2.5,914.08
Kovvadakalva___pragadapalli,1945,64.1,3.16,1151.64
Kovvadakalva___pragadapalli,1946,66.21,2.81,1024.05
Kovvadakalva___pragadapalli,1948,55.51,2.53,926.13
Kovvadakalva___pragadapalli,1949,84.21,3.35,1219.21
Kovvadakalva___pragadapalli,1954,64.86,3.01,1097.13
Kovvadakalva___pragadapalli,1967,61.26,2.66,972.06
Kovvadakalva___pragadapalli,1968,81.68,2.56,935.65
Kovvadakalva___pragadapalli,1969,71.49,3.67,1337.54
Kovvadakalva___pragadapalli,1970,53.87,3.09,1126.32
Kovvadakalva___pragadapalli,1971,95.26,2.98,1086.82
Kovvadakalva___pragadapalli,1972,90.69,3.3,1199.54
Kovvadakalva___pragadapalli,1973,43.94,2.53,925.12
Kovvadakalva___pragadapalli,1976,81.57,3.47,1268.43
Kovvadakalva___pragadapalli,1978,82.99,3.45,1260.98
Kovvadakalva___pragadapalli,1979,81.91,3.12,1138.45
Kovvadakalva___pragadapalli,1980,73.47,3.24,1184.71
Kovvadakalva___pragadapalli,1985,61.26,2.67,973.86
Kovvadakalva___pragadapalli,1986,81.36,3.64,1324.95
Kovvadakalva___pragadapalli,1987,67.44,3.8,1386.84
Kovvadakalva___pragadapalli,1989,62.51,2.46,895.34
Kovvadakalva___pragadapalli,1990,95.78,4.14,1504.49
Kovvadakalva___pragadapalli,1992,53.83,3.09,1129.96
Kovvadakalva___pragadapalli,1995,55.29,2.9,1059.0
Kovvadakalva___pragadapalli,1999,58.71,2.88,1049.88
Kovvadakalva___pragadapalli,2013,83.46,2.49,907.12
Kovvadakalva___pragadapalli,2024,72.54,3.24,1182.03
Kovvadakalva___pragadapalli,2025,63.12,3.32,1212.12
Koyna,1907,93.56,5.34,1949.22
Koyna,1908,89.88,5.17,1891.11
Koyna,1909,79.71,4.33,1580.39
Koyna,1910,90.83,4.29,1554.55
Koyna,1911,57.72,3.08,1125.69
Koyna,1912,88.57,4.13,1493.46
Koyna,1915,80.44,4.69,1712.43
Koyna,1917,88.68,4.62,1685.98
Koyna,1920,65.15,4.25,1551.32
Koyna,1921,90.83,3.9,1414.58
Koyna,1922,79.69,5.29,1931.84
Koyna,1923,86.74,4.29,1566.17
Koyna,1925,86.96,3.78,1380.5
Koyna,1926,97.53,4.63,1676.92
Koyna,1929,92.0,4.17,1522.56
Koyna,1933,91.77,5.68,2067.19
Koyna,1934,72.88,4.46,1623.23
Koyna,1943,94.41,3.66,1320.99
Koyna,1945,89.05,4.64,1692.82
Koyna,1946,89.24,6.55,2370.6
Koyna,1948,73.3,3.66,1340.74
Koyna,1949,83.62,4.05,1480.04
Koyna,1954,92.91,4.13,1503.42
Koyna,1967,71.77,5.02,1828.75
Koyna,1968,82.95,5.68,2079.09
Koyna,1969,75.41,4.92,1794.84
Koyna,1970,65.58,4.58,1672.61
Koyna,1971,95.68,3.96,1447.0
Koyna,1972,71.49,2.74,1001.01
Koyna,1973,84.7,4.92,1785.28
Koyna,1976,86.24,3.8,1384.36
Koyna,1978,73.83,4.0,1461.81
Koyna,1979,82.35,4.68,1706.87
Koyna,1980,91.42,4.7,1720.01
Koyna,1985,62.54,3.16,1154.43
Koyna,1986,92.26,2.62,957.74
Koyna,1987,86.38,2.82,1025.82
Koyna,1989,83.85,3.51,1279.87
Koyna,1990,85.8,4.67,1703.62
Koyna,1992,65.04,3.26,1188.17
Koyna,1995,97.43,3.83,1399.47
Koyna,1999,87.57,3.97,1450.13
Koyna,2013,80.62,4.95,1805.45
Koyna,2024,80.85,5.61,2048.43
Koyna,2025,52.78,3.68,1343.26
Kudlur,1907,47.62,1.87,682.49
Kudlur,1908,75.13,1.85,678.15
Kudlur,1909,72.28,2.0,728.66
Kudlur,1910,37.55,2.36,859.69
Kudlur,1911,29.14,1.52,554.17
Kudlur,1912,57.21,1.96,716.58
Kudlur,1915,41.23,2.59,945.05
Kudlur,1917,56.97,2.49,909.74
Kudlur,1920,44.72,1.99,727.0
Kudlur,1921,68.09,2.84,1035.31
Kudlur,1922,43.77,2.21,807.39
Kudlur,1923,41.0,1.45,528.29
Kudlur,1925,79.66,1.89,691.53
Kudlur,1926,53.02,1.92,700.73
Kudlur,1929,31.75,2.12,774.38
Kudlur,1933,57.09,3.03,1105.35
Kudlur,1934,65.34,1.9,692.45
Kudlur,1943,34.82,2.2,803.78
Kudlur,1945,43.11,1.91,697.9
Kudlur,1946,81.12,2.41,879.96
Kudlur,1948,40.92,1.74,636.5
Kudlur,1949,47.38,2.23,814.33
Kudlur,1954,62.06,2.36,861.53
Kudlur,1967,35.87,1.3,473.46
Kudlur,1968,56.06,1.58,577.84
Kudlur,1969,97.39,3.83,1383.42
Kudlur,1970,55.62,1.38,502.97
Kudlur,1971,49.67,2.47,900.49
Kudlur,1972,96.83,3.49,1279.14
Kudlur,1973,88.14,2.31,844.92
Kudlur,1976,36.11,1.56,572.69
Kudlur,1978,98.87,1.65,602.45
Kudlur,1979,58.08,2.96,1079.89
Kudlur,1980,42.58,2.01,735.97
Kudlur,1985,50.19,1.99,725.34
Kudlur,1986,35.95,2.27,829.95
Kudlur,1987,44.58,2.4,874.69
Kudlur,1989,74.08,2.22,811.81
Kudlur,1990,36.26,2.19,798.21
Kudlur,1992,78.83,2.09,763.98
Kudlur,1995,36.31,2.18,796.88
Kudlur,1999,56.03,2.38,869.11
Kudlur,2013,48.51,1.29,471.6
Kudlur,2024,50.61,2.03,742.68
Kudlur,2025,43.01,1.59,581.41
Kukshi,1907,31.95,1.28,468.3
Kukshi,1908,32.79,1.48,543.29
Kukshi,1909,35.97,2.1,765.51
Kukshi,1910,72.07,2.59,944.6
Kukshi,1911,29.74,0.84,305.14
Kukshi,1912,46.45,1.63,595.66
Kukshi,1915,60.45,2.01,731.94
Kukshi,1917,65.96,2.45,892.96
Kukshi,1920,57.43,1.99,729.18
Kukshi,1921,70.07,2.37,865.96
Kukshi,1922,66.89,1.89,691.39
Kukshi,1923,48.92,1.81,659.44
Kukshi,1925,29.95,1.3,474.11
Kukshi,1926,36.88,1.4,510.99
Kukshi,1929,47.32,1.29,472.49
Kukshi,1933,89.81,2.79,1017.21
Kukshi,1934,44.91,1.66,606.37
Kukshi,1943,66.47,1.8,658.43
Kukshi,1945,54.91,1.84,673.03
Kukshi,1946,70.89,2.96,1081.05
Kukshi,1948,65.6,2.2,804.61
Kukshi,1949,62.17,2.28,831.47
Kukshi,1954,78.66,3.21,1172.53
Kukshi,1967,72.41,1.81,659.92
Kukshi,1968,65.38,2.19,803.32
Kukshi,1969,62.68,2.49,910.47
Kukshi,1970,74.75,2.76,1004.47
Kukshi,1971,68.33,2.1,765.96
Kukshi,1972,77.72,1.56,572.26
Kukshi,1973,69.51,3.85,1404.32
Kukshi,1976,79.7,3.11,1136.9
Kukshi,1978,59.58,2.5,911.58
Kukshi,1979,98.36,1.81,660.01
Kukshi,1980,56.23,2.06,754.35
Kukshi,1985,40.05,1.29,470.15
Kukshi,1986,57.01,1.47,536.69
Kukshi,1987,60.85,1.52,554.12
Kukshi,1989,67.68,2.17,792.6
Kukshi,1990,75.65,2.09,760.66
Kukshi,1992,80.46,1.22,446.19
Kukshi,1995,67.42,1.54,562.68
Kukshi,1999,49.47,1.38,503.64
Kukshi,2013,85.83,2.99,1086.72
Kukshi,2024,84.42,2.93,1071.82
Kukshi,2025,42.31,2.31,842.55
Kundanpur,1907,38.05,1.49,542.18
Kundanpur,1908,38.89,1.76,644.37
Kundanpur,1909,55.47,2.22,809.0
Kundanpur,1910,80.87,2.56,933.58
Kundanpur,1911,42.09,1.33,486.45
Kundanpur,1912,40.75,1.93,707.43
Kundanpur,1915,31.34,1.48,539.69
Kundanpur,1917,56.05,2.85,1041.54
Kundanpur,1920,58.62,1.9,694.0
Kundanpur,1921,53.12,2.17,791.5
Kundanpur,1922,89.03,2.32,846.07
Kundanpur,1923,73.7,2.31,843.08
Kundanpur,1925,34.47,1.53,558.35
Kundanpur,1926,39.84,1.66,605.48
Kundanpur,1929,59.27,1.44,523.98
Kundanpur,1933,73.33,3.0,1094.23
Kundanpur,1934,77.1,2.7,983.84
Kundanpur,1943,77.76,2.15,785.71
Kundanpur,1945,55.38,2.52,919.95
Kundanpur,1946,80.54,3.45,1259.43
Kundanpur,1948,51.45,2.57,941.7
Kundanpur,1949,60.84,2.4,876.06
Kundanpur,1954,85.64,3.62,1322.73
Kundanpur,1967,49.94,2.09,762.05
Kundanpur,1968,62.6,2.13,780.47
Kundanpur,1969,57.48,3.67,1340.15
Kundanpur,1970,87.68,2.69,982.69
Kundanpur,1971,46.33,3.48,1271.12
Kundanpur,1972,82.15,1.71,625.49
Kundanpur,1973,79.99,3.74,1365.22
Kundanpur,1976,63.9,3.36,1229.08
Kundanpur,1978,81.58,3.06,1117.29
Kundanpur,1979,83.01,2.17,790.65
Kundanpur,1980,82.11,2.43,888.06
Kundanpur,1985,34.92,1.5,546.7
Kundanpur,1986,83.87,2.21,807.34
Kundanpur,1987,78.84,1.98,723.61
Kundanpur,1989,50.24,2.23,813.63
Kundanpur,1990,81.52,3.36,1226.02
Kundanpur,1992,60.3,2.0,731.61
Kundanpur,1995,91.59,2.56,934.57
Kundanpur,1999,44.74,1.98,722.19
Kundanpur,2013,92.4,3.64,1329.1
Kundanpur,2024,54.97,3.0,1096.33
Kundanpur,2025,66.98,3.7,1350.12
Kunturla__machkund_,1907,51.86,2.58,942.27
Kunturla__machkund_,1908,62.56,2.51,918.44
Kunturla__machkund_,1909,98.69,2.8,1021.15
Kunturla__machkund_,1910,70.06,4.35,1589.06
Kunturla__machkund_,1911,55.38,2.16,789.32
Kunturla__machkund_,1912,51.47,3.07,1122.96
Kunturla__machkund_,1915,96.93,3.75,1367.52
Kunturla__machkund_,1917,55.37,2.66,969.68
Kunturla__machkund_,1920,46.37,1.84,674.41
Kunturla__machkund_,1921,84.2,2.91,1062.72
Kunturla__machkund_,1922,64.85,2.32,847.79
Kunturla__machkund_,1923,55.56,2.3,832.17
Kunturla__machkund_,1925,77.57,3.27,1191.04
Kunturla__machkund_,1926,53.54,2.5,913.93
Kunturla__machkund_,1929,49.39,2.74,996.53
Kunturla__machkund_,1933,92.0,3.58,1305.37
Kunturla__machkund_,1934,69.84,2.97,1081.25
Kunturla__machkund_,1943,65.86,2.62,957.21
Kunturla__machkund_,1945,83.32,3.22,1175.96
Kunturla__machkund_,1946,52.83,2.56,934.25
Kunturla__machkund_,1948,76.34,2.96,1083.3
Kunturla__machkund_,1949,91.55,3.48,1270.19
Kunturla__machkund_,1954,54.56,2.62,954.78
Kunturla__machkund_,1967,32.73,2.4,874.22
Kunturla__machkund_,1968,72.5,2.08,762.54
Kunturla__machkund_,1969,42.33,2.07,754.15
Kunturla__machkund_,1970,26.86,1.31,478.68
Kunturla__machkund_,1971,37.88,2.67,973.25
Kunturla__machkund_,1972,48.66,2.1,767.29
Kunturla__machkund_,1973,38.63,2.32,846.57
Kunturla__machkund_,1976,88.18,2.77,1009.93
Kunturla__machkund_,1978,53.3,2.52,920.85
Kunturla__machkund_,1979,78.64,3.0,1096.38
Kunturla__machkund_,1980,93.89,2.9,1062.1
Kunturla__machkund_,1985,90.84,2.17,790.37
Kunturla__machkund_,1986,77.29,2.7,982.52
Kunturla__machkund_,1987,84.27,3.02,1103.13
Kunturla__machkund_,1989,71.7,2.37,862.16
Kunturla__machkund_,1990,51.55,3.42,1240.3
Kunturla__machkund_,1992,73.73,3.49,1277.98
Kunturla__machkund_,1995,94.29,3.78,1374.13
Kunturla__machkund_,1999,50.52,2.33,850.83
Kunturla__machkund_,2013,98.78,2.97,1079.97
Kunturla__machkund_,2024,74.27,3.35,1224.65
Kunturla__machkund_,2025,78.93,4.31,1568.75
Kurubhata,1907,67.74,4.66,1701.37
Kurubhata,1908,58.11,4.5,1646.6
Kurubhata,1909,51.29,4.19,1528.71
Kurubhata,1910,86.97,3.93,1433.35
Kurubhata,1911,88.98,4.29,1566.36
Kurubhata,1912,60.24,3.66,1340.1
Kurubhata,1915,47.84,3.95,1442.19
Kurubhata,1917,54.27,5.57,2031.32
Kurubhata,1920,88.61,4.28,1568.03
Kurubhata,1921,62.85,4.0,1459.88
Kurubhata,1922,46.76,3.89,1420.26
Kurubhata,1923,82.05,5.07,1850.77
Kurubhata,1925,88.65,5.14,1876.47
Kurubhata,1926,70.7,5.33,1943.67
Kurubhata,1929,60.96,4.59,1676.03
Kurubhata,1933,80.34,4.95,1808.03
Kurubhata,1934,71.69,4.17,1520.81
Kurubhata,1943,70.42,5.2,1898.83
Kurubhata,1945,71.64,4.7,1717.0
Kurubhata,1946,74.56,5.4,1971.73
Kurubhata,1948,62.23,4.74,1736.03
Kurubhata,1949,64.83,4.91,1793.43
Kurubhata,1954,47.38,3.28,1198.2
Kurubhata,1967,46.71,3.91,1425.36
Kurubhata,1968,72.39,3.18,1163.39
Kurubhata,1969,55.58,3.39,1238.3
Kurubhata,1970,66.8,3.96,1445.43
Kurubhata,1971,86.58,5.62,2053.12
Kurubhata,1972,78.13,3.14,1150.28
Kurubhata,1973,78.68,4.78,1743.99
Kurubhata,1976,64.44,2.56,938.12
Kurubhata,1978,43.92,3.63,1324.57
Kurubhata,1979,45.9,2.28,833.13
Kurubhata,1980,49.02,3.63,1329.9
Kurubhata,1985,64.95,3.68,1342.96
Kurubhata,1986,56.44,4.02,1466.67
Kurubhata,1987,76.11,3.47,1265.66
Kurubhata,1989,49.71,2.94,1071.76
Kurubhata,1990,67.17,3.99,1457.35
Kurubhata,1992,48.63,2.75,1005.48
Kurubhata,1995,79.65,3.27,1194.31
Kurubhata,1999,63.69,3.95,1443.09
Kurubhata,2013,61.48,3.23,1179.78
Kurubhata,2024,41.95,3.0,1097.47
Kurubhata,2025,48.33,3.17,1156.34
Lakkavalli,1907,62.72,5.7,2079.49
Lakkavalli,1908,51.72,4.15,1518.6
Lakkavalli,1909,75.01,5.17,1886.79
Lakkavalli,1910,64.46,5.32,1943.24
Lakkavalli,1911,63.51,4.24,1545.96
Lakkavalli,1912,70.32,5.69,2084.05
Lakkavalli,1915,54.38,4.49,1638.36
Lakkavalli,1917,66.19,4.92,1796.15
Lakkavalli,1920,49.54,4.17,1527.68
Lakkavalli,1921,56.91,4.73,1725.27
Lakkavalli,1922,58.56,4.66,1701.02
Lakkavalli,1923,73.25,5.25,1915.74
Lakkavalli,1925,54.19,4.44,1620.88
Lakkavalli,1926,74.16,4.24,1545.92
Lakkavalli,1929,44.29,4.75,1735.0
Lakkavalli,1933,55.18,6.11,2231.33
Lakkavalli,1934,55.9,4.08,1488.03
Lakkavalli,1943,74.57,5.18,1890.71
Lakkavalli,1945,78.2,3.75,1367.5
Lakkavalli,1946,53.74,6.64,2422.62
Lakkavalli,1948,60.98,5.51,2015.29
Lakkavalli,1949,66.39,3.97,1447.86
Lakkavalli,1954,73.2,4.55,1661.52
Lakkavalli,1967,48.38,4.72,1724.59
Lakkavalli,1968,47.3,4.41,1613.92
Lakkavalli,1969,52.92,4.92,1796.94
Lakkavalli,1970,41.07,4.34,1585.51
Lakkavalli,1971,54.3,3.85,1406.5
Lakkavalli,1972,52.99,3.52,1288.01
Lakkavalli,1973,46.53,4.09,1491.49
Lakkavalli,1976,41.87,3.81,1394.53
Lakkavalli,1978,52.09,5.73,2090.37
Lakkavalli,1979,52.37,5.19,1894.65
Lakkavalli,1980,57.14,5.91,2163.92
Lakkavalli,1985,58.82,5.77,2107.81
Lakkavalli,1986,58.09,6.01,2193.58
Lakkavalli,1987,51.43,4.88,1781.9
Lakkavalli,1989,68.22,4.3,1569.5
Lakkavalli,1990,55.87,7.14,2606.67
Lakkavalli,1992,61.16,5.75,2105.12
Lakkavalli,1995,78.24,6.75,2462.65
Lakkavalli,1999,65.36,6.96,2539.25
Lakkavalli,2013,55.74,5.19,1893.65
Lakkavalli,2024,59.64,6.19,2266.28
Lakkavalli,2025,59.8,6.43,2347.16
Lakshmananpatti,1907,79.14,2.14,780.52
Lakshmananpatti,1908,38.22,1.52,554.92
Lakshmananpatti,1909,68.6,2.35,856.2
Lakshmananpatti,1910,70.4,2.16,789.4
Lakshmananpatti,1911,59.17,1.68,612.37
Lakshmananpatti,1912,58.39,2.39,875.88
Lakshmananpatti,1915,49.94,2.67,974.8
Lakshmananpatti,1917,62.39,2.62,954.93
Lakshmananpatti,1920,57.69,3.16,1155.19
Lakshmananpatti,1921,79.21,2.91,1061.6
Lakshmananpatti,1922,70.32,2.7,983.93
Lakshmananpatti,1923,46.28,1.81,658.85
Lakshmananpatti,1925,56.47,1.94,708.85
Lakshmananpatti,1926,40.07,1.85,677.01
Lakshmananpatti,1929,43.98,1.92,700.12
Lakshmananpatti,1933,50.76,2.44,889.93
Lakshmananpatti,1934,53.08,1.75,638.04
Lakshmananpatti,1943,54.68,2.22,809.48
Lakshmananpatti,1945,44.44,1.49,542.52
Lakshmananpatti,1946,67.41,2.01,729.9
Lakshmananpatti,1948,41.84,1.91,698.75
Lakshmananpatti,1949,58.26,2.36,860.31
Lakshmananpatti,1954,88.05,4.05,1473.87
Lakshmananpatti,1967,83.2,1.92,701.12
Lakshmananpatti,1968,81.77,1.8,657.75
Lakshmananpatti,1969,50.21,1.93,702.89
Lakshmananpatti,1970,68.82,2.65,966.28
Lakshmananpatti,1971,88.23,1.93,704.32
Lakshmananpatti,1972,59.57,1.77,648.87
Lakshmananpatti,1973,56.34,1.6,582.84
Lakshmananpatti,1976,64.24,2.09,765.52
Lakshmananpatti,1978,68.76,2.12,775.37
Lakshmananpatti,1979,97.91,1.94,706.94
Lakshmananpatti,1980,79.19,1.51,554.06
Lakshmananpatti,1985,59.85,1.5,547.62
Lakshmananpatti,1986,83.39,1.5,549.08
Lakshmananpatti,1987,49.49,1.42,518.86
Lakshmananpatti,1989,83.54,1.73,631.47
Lakshmananpatti,1990,69.96,1.73,631.9
Lakshmananpatti,1992,45.99,1.69,619.53
Lakshmananpatti,1995,47.41,1.2,437.84
Lakshmananpatti,1999,80.13,1.84,671.96
Lakshmananpatti,2013,33.15,0.97,355.19
Lakshmananpatti,2024,50.42,2.04,748.24
Lakshmananpatti,2025,36.99,1.21,439.87
Lasur,1907,48.77,2.97,1085.74
Lasur,1908,51.44,2.78,1016.35
Lasur,1909,48.09,3.15,1151.49
Lasur,1910,67.34,3.37,1230.1
Lasur,1911,50.92,2.27,828.31
Lasur,1912,81.96,3.12,1140.69
Lasur,1915,49.89,2.89,1053.48
Lasur,1917,41.74,4.34,1584.68
Lasur,1920,46.67,2.39,874.4
Lasur,1921,60.93,2.28,832.25
Lasur,1922,34.64,2.9,1056.95
Lasur,1923,64.38,2.72,993.55
Lasur,1925,42.89,2.64,964.0
Lasur,1926,66.46,3.33,1216.99
Lasur,1929,65.33,2.66,972.21
Lasur,1933,86.25,4.61,1684.15
Lasur,1934,46.47,3.03,1107.61
Lasur,1943,50.86,3.3,1202.99
Lasur,1945,52.75,3.07,1122.13
Lasur,1946,70.14,4.01,1463.22
Lasur,1948,55.0,3.31,1212.78
Lasur,1949,50.75,3.51,1281.18
Lasur,1954,75.55,3.22,1175.78
Lasur,1967,89.53,3.67,1338.86
Lasur,1968,47.91,3.06,1115.22
Lasur,1969,73.42,3.23,1176.3
Lasur,1970,66.17,3.3,1204.41
Lasur,1971,75.59,2.6,949.09
Lasur,1972,69.63,3.22,1177.88
Lasur,1973,50.23,3.28,1197.68
Lasur,1976,78.68,3.26,1189.53
Lasur,1978,39.47,2.56,936.2
Lasur,1979,53.58,3.16,1152.17
Lasur,1980,67.94,3.28,1200.84
Lasur,1985,52.35,1.83,668.63
Lasur,1986,42.79,2.31,843.99
Lasur,1987,64.92,2.26,825.71
Lasur,1989,58.71,2.0,730.14
Lasur,1990,46.07,3.25,1187.71
Lasur,1992,38.89,2.08,761.54
Lasur,1995,49.57,2.74,999.11
Lasur,1999,63.02,2.9,1056.87
Lasur,2013,49.98,4.35,1588.71
Lasur,2024,74.07,4.45,1629.43
Lasur,2025,74.01,5.11,1864.77
Lohara,1907,50.37,1.79,653.8
Lohara,1908,59.22,2.42,884.46
Lohara,1909,47.67,2.12,774.74
Lohara,1910,60.77,2.47,899.88
Lohara,1911,57.45,1.62,592.25
Lohara,1912,83.63,1.65,605.38
Lohara,1915,71.83,2.63,959.08
Lohara,1917,54.69,2.67,976.02
Lohara,1920,53.11,1.05,384.02
Lohara,1921,59.82,1.85,673.61
Lohara,1922,60.82,2.35,859.22
Lohara,1923,61.49,2.11,769.08
Lohara,1925,42.99,1.6,584.44
Lohara,1926,44.72,2.26,823.64
Lohara,1929,48.15,1.57,574.46
Lohara,1933,47.85,2.66,970.58
Lohara,1934,53.81,2.19,801.16
Lohara,1943,56.1,1.89,689.72
Lohara,1945,93.48,2.14,779.67
Lohara,1946,46.62,2.0,729.04
Lohara,1948,43.76,1.95,713.95
Lohara,1949,56.68,3.11,1135.43
Lohara,1954,44.68,1.85,676.59
Lohara,1967,50.84,1.74,634.5
Lohara,1968,51.46,1.75,639.4
Lohara,1969,46.37,1.71,625.81
Lohara,1970,59.95,2.58,942.15
Lohara,1971,89.84,1.47,537.53
Lohara,1972,66.83,1.55,565.72
Lohara,1973,63.07,2.46,898.55
Lohara,1976,57.92,1.95,712.28
Lohara,1978,60.88,2.44,889.72
Lohara,1979,51.67,2.13,773.7
Lohara,1980,52.85,1.79,656.76
Lohara,1985,58.17,1.67,607.81
Lohara,1986,80.96,1.97,720.5
Lohara,1987,65.52,2.26,824.45
Lohara,1989,62.51,2.14,779.39
Lohara,1990,60.12,2.7,983.96
Lohara,1992,77.82,2.22,812.24
Lohara,1995,58.44,1.75,640.25
Lohara,1999,83.88,3.04,1108.52
Lohara,2013,64.25,3.34,1218.08
Lohara,2024,62.17,2.67,975.78
Lohara,2025,61.61,2.46,898.29
Lonkheda,1907,26.65,1.24,451.3
Lonkheda,1908,24.52,1.06,387.06
Lonkheda,1909,37.02,1.58,575.12
Lonkheda,1910,54.54,2.28,833.79
Lonkheda,1911,19.11,0.86,313.56
Lonkheda,1912,71.38,1.36,497.69
Lonkheda,1915,81.44,2.0,730.99
Lonkheda,1917,39.72,1.8,656.81
Lonkheda,1920,85.3,1.51,552.7
Lonkheda,1921,58.87,1.79,654.13
Lonkheda,1922,62.79,1.43,520.46
Lonkheda,1923,49.9,1.21,441.61
Lonkheda,1925,58.17,1.23,447.57
Lonkheda,1926,20.87,1.25,454.68
Lonkheda,1929,53.93,1.29,469.62
Lonkheda,1933,64.73,2.31,844.68
Lonkheda,1934,39.61,1.76,643.02
Lonkheda,1943,72.3,2.45,895.37
Lonkheda,1945,42.78,1.89,687.8
Lonkheda,1946,55.75,2.88,1050.98
Lonkheda,1948,66.76,2.8,1023.88
Lonkheda,1949,66.66,2.69,980.66
Lonkheda,1954,94.23,2.24,814.72
Lonkheda,1967,54.48,2.05,749.9
Lonkheda,1968,55.75,1.63,594.35
Lonkheda,1969,60.46,2.41,880.25
Lonkheda,1970,90.43,2.77,1008.08
Lonkheda,1971,56.43,1.71,624.89
Lonkheda,1972,45.28,1.37,502.03
Lonkheda,1973,80.11,2.8,1020.29
Lonkheda,1976,77.9,2.43,888.12
Lonkheda,1978,61.86,1.97,720.75
Lonkheda,1979,75.71,2.17,789.82
Lonkheda,1980,51.53,1.61,587.99
Lonkheda,1985,41.39,1.24,452.05
Lonkheda,1986,29.03,1.44,526.11
Lonkheda,1987,47.59,1.36,496.17
Lonkheda,1989,80.45,2.14,780.22
Lonkheda,1990,82.39,2.52,918.24
Lonkheda,1992,61.69,1.26,462.96
Lonkheda,1995,70.01,1.29,470.22
Lonkheda,1999,76.79,1.18,430.18
Lonkheda,2013,94.12,3.21,1169.41
Lonkheda,2024,92.49,3.03,1107.82
Lonkheda,2025,54.23,3.08,1121.26
M_h__halli,1907,50.75,3.28,1198.52
M_h__halli,1908,43.65,2.02,740.3
M_h__halli,1909,62.78,3.27,1191.83
M_h__halli,1910,54.33,3.39,1239.0
M_h__halli,1911,64.92,2.98,1086.5
M_h__halli,1912,53.32,3.72,1362.93
M_h__halli,1915,37.37,2.87,1048.86
M_h__halli,1917,60.96,3.0,1094.67
M_h__halli,1920,48.93,2.34,855.96
M_h__halli,1921,42.95,2.79,1018.29
M_h__halli,1922,32.28,2.53,923.73
M_h__halli,1923,69.17,3.25,1185.44
M_h__halli,1925,52.12,2.88,1052.99
M_h__halli,1926,80.07,2.78,1013.45
M_h__halli,1929,77.27,3.19,1165.17
M_h__halli,1933,44.88,3.97,1448.1
M_h__halli,1934,42.21,2.12,772.17
M_h__halli,1943,65.11,3.27,1193.98
M_h__halli,1945,61.5,2.18,796.72
M_h__halli,1946,41.45,3.82,1393.69
M_h__halli,1948,68.3,2.94,1074.34
M_h__halli,1949,38.66,1.94,709.47
M_h__halli,1954,48.72,2.56,932.78
M_h__halli,1967,48.93,2.28,830.73
M_h__halli,1968,38.0,2.09,763.55
M_h__halli,1969,39.01,2.57,938.47
M_h__halli,1970,31.36,2.09,762.97
M_h__halli,1971,24.67,2.18,794.16
M_h__halli,1972,42.46,2.85,1044.85
M_h__halli,1973,39.49,2.41,878.95
M_h__halli,1976,23.74,1.87,683.38
M_h__halli,1978,51.01,3.33,1215.82
M_h__halli,1979,34.6,3.15,1150.37
M_h__halli,1980,48.1,3.33,1220.33
M_h__halli,1985,30.9,1.79,651.95
M_h__halli,1986,29.24,2.44,892.17
M_h__halli,1987,40.58,2.36,861.08
M_h__halli,1989,38.22,2.05,749.12
M_h__halli,1990,21.76,2.12,772.89
M_h__halli,1992,56.86,3.63,1327.91
M_h__halli,1995,27.44,2.25,822.85
M_h__halli,1999,63.48,3.21,1170.95
M_h__halli,2013,49.38,3.24,1182.79
M_h__halli,2024,53.55,2.83,1035.89
M_h__halli,2025,77.17,2.85,1041.77
Maan_at_gopalpura,1907,53.13,1.67,608.61
Maan_at_gopalpura,1908,56.36,1.87,684.9
Maan_at_gopalpura,1909,72.49,2.83,1033.29
Maan_at_gopalpura,1910,78.64,3.6,1309.34
Maan_at_gopalpura,1911,55.91,1.39,508.14
Maan_at_gopalpura,1912,63.73,2.12,774.31
Maan_at_gopalpura,1915,68.33,2.3,838.3
Maan_at_gopalpura,1917,59.94,3.17,1156.6
Maan_at_gopalpura,1920,85.33,2.13,773.97
Maan_at_gopalpura,1921,64.25,2.38,870.22
Maan_at_gopalpura,1922,69.62,2.46,896.36
Maan_at_gopalpura,1923,70.81,2.57,936.32
Maan_at_gopalpura,1925,49.05,1.44,523.83
Maan_at_gopalpura,1926,40.81,1.67,606.33
Maan_at_gopalpura,1929,86.07,1.66,605.18
Maan_at_gopalpura,1933,80.4,3.02,1097.54
Maan_at_gopalpura,1934,73.38,2.27,829.63
Maan_at_gopalpura,1943,87.02,2.39,872.13
Maan_at_gopalpura,1945,57.86,2.29,835.33
Maan_at_gopalpura,1946,91.19,3.18,1156.38
Maan_at_gopalpura,1948,68.04,2.91,1065.5
Maan_at_gopalpura,1949,67.06,2.55,932.32
Maan_at_gopalpura,1954,97.99,3.11,1128.48
Maan_at_gopalpura,1967,96.25,2.02,738.61
Maan_at_gopalpura,1968,92.16,2.48,908.55
Maan_at_gopalpura,1969,77.23,2.42,882.36
Maan_at_gopalpura,1970,93.91,2.37,858.87
Maan_at_gopalpura,1971,85.67,2.18,794.68
Maan_at_gopalpura,1972,75.1,1.98,724.41
Maan_at_gopalpura,1973,90.57,3.27,1183.61
Maan_at_gopalpura,1976,89.4,3.72,1363.01
Maan_at_gopalpura,1978,73.28,2.32,846.11
Maan_at_gopalpura,1979,45.39,1.88,684.13
Maan_at_gopalpura,1980,79.08,2.38,870.88
Maan_at_gopalpura,1985,53.18,1.65,600.46
Maan_at_gopalpura,1986,84.66,2.12,774.16
Maan_at_gopalpura,1987,86.44,1.65,603.71
Maan_at_gopalpura,1989,93.66,2.17,793.64
Maan_at_gopalpura,1990,76.96,2.13,774.76
Maan_at_gopalpura,1992,49.06,1.5,547.68
Maan_at_gopalpura,1995,89.47,1.88,686.57
Maan_at_gopalpura,1999,44.96,1.23,446.57
Maan_at_gopalpura,2013,96.25,3.04,1102.43
Maan_at_gopalpura,2024,83.58,2.76,1010.47
Maan_at_gopalpura,2025,59.65,2.95,1078.53
Machak_at_barangi,1907,66.05,2.48,905.8
Machak_at_barangi,1908,90.49,2.73,998.65
Machak_at_barangi,1909,57.99,2.55,930.97
Machak_at_barangi,1910,64.21,3.21,1168.7
Machak_at_barangi,1911,65.39,2.45,892.47
Machak_at_barangi,1912,63.88,2.47,902.48
Machak_at_barangi,1915,72.63,3.15,1150.88
Machak_at_barangi,1917,67.06,4.53,1653.59
Machak_at_barangi,1920,83.7,2.47,902.26
Machak_at_barangi,1921,68.84,2.67,972.76
Machak_at_barangi,1922,92.33,2.86,1042.88
Machak_at_barangi,1923,88.37,2.74,1001.92
Machak_at_barangi,1925,76.99,2.47,901.01
Machak_at_barangi,1926,55.75,2.85,1039.0
Machak_at_barangi,1929,81.58,2.26,824.53
Machak_at_barangi,1933,89.27,4.09,1492.81
Machak_at_barangi,1934,52.56,3.48,1269.91
Machak_at_barangi,1943,89.8,3.04,1109.75
Machak_at_barangi,1945,74.47,3.26,1188.62
Machak_at_barangi,1946,87.64,3.31,1204.69
Machak_at_barangi,1948,74.35,4.83,1766.69
Machak_at_barangi,1949,80.24,3.71,1351.11
Machak_at_barangi,1954,82.06,4.23,1544.05
Machak_at_barangi,1967,53.08,2.37,866.85
Machak_at_barangi,1968,98.54,2.89,1053.66
Machak_at_barangi,1969,82.74,3.53,1288.74
Machak_at_barangi,1970,86.64,4.35,1587.58
Machak_at_barangi,1971,78.1,2.63,957.87
Machak_at_barangi,1972,97.12,2.62,951.49
Machak_at_barangi,1973,97.16,4.41,1595.59
Machak_at_barangi,1976,75.63,3.0,1092.94
Machak_at_barangi,1978,84.38,3.34,1216.56
Machak_at_barangi,1979,78.89,2.27,823.53
Machak_at_barangi,1980,54.75,2.56,936.48
Machak_at_barangi,1985,43.63,1.36,495.56
Machak_at_barangi,1986,86.27,2.95,1072.77
Machak_at_barangi,1987,49.47,2.0,730.65
Machak_at_barangi,1989,98.68,2.6,947.81
Machak_at_barangi,1990,71.82,4.97,1815.36
Machak_at_barangi,1992,83.61,2.55,934.98
Machak_at_barangi,1995,80.85,2.5,908.65
Machak_at_barangi,1999,75.92,4.08,1483.8
Machak_at_barangi,2013,74.65,4.05,1469.51
Machak_at_barangi,2024,85.73,3.43,1252.67
Machak_at_barangi,2025,80.83,3.45,1254.98
Machna_at_shahpur,1907,58.73,2.25,822.17
Machna_at_shahpur,1908,52.52,2.48,906.78
Machna_at_shahpur,1909,39.52,2.3,838.91
Machna_at_shahpur,1910,87.68,3.09,1127.36
Machna_at_shahpur,1911,89.22,2.0,729.77
Machna_at_shahpur,1912,94.85,3.01,1103.26
Machna_at_shahpur,1915,61.49,3.05,1113.98
Machna_at_shahpur,1917,55.58,3.79,1383.43
Machna_at_shahpur,1920,75.89,2.09,762.31
Machna_at_shahpur,1921,91.6,2.7,984.76
Machna_at_shahpur,1922,71.47,2.79,1019.87
Machna_at_shahpur,1923,69.61,2.87,1045.99
Machna_at_shahpur,1925,86.85,2.27,829.63
Machna_at_shahpur,1926,93.32,2.94,1072.73
Machna_at_shahpur,1929,90.44,2.42,882.82
Machna_at_shahpur,1933,90.1,3.73,1358.99
Machna_at_shahpur,1934,50.56,3.27,1195.2
Machna_at_shahpur,1943,83.16,2.9,1055.52
Machna_at_shahpur,1945,85.62,3.16,1154.3
Machna_at_shahpur,1946,77.58,3.2,1166.63
Machna_at_shahpur,1948,73.86,4.85,1775.25
Machna_at_shahpur,1949,88.28,3.67,1338.92
Machna_at_shahpur,1954,69.64,3.05,1107.99
Machna_at_shahpur,1967,62.64,2.29,835.08
Machna_at_shahpur,1968,94.37,2.48,904.71
Machna_at_shahpur,1969,86.59,3.16,1151.69
Machna_at_shahpur,1970,97.75,3.1,1123.59
Machna_at_shahpur,1971,47.91,2.44,887.32
Machna_at_shahpur,1972,85.49,2.32,845.85
Machna_at_shahpur,1973,96.65,3.89,1412.05
Machna_at_shahpur,1976,69.92,3.34,1221.3
Machna_at_shahpur,1978,79.85,3.77,1374.66
Machna_at_shahpur,1979,86.29,2.52,912.86
Machna_at_shahpur,1980,76.31,2.26,825.72
Machna_at_shahpur,1985,60.81,2.06,751.0
Machna_at_shahpur,1986,73.48,3.39,1234.41
Machna_at_shahpur,1987,58.25,2.26,826.18
Machna_at_shahpur,1989,48.02,2.18,792.84
Machna_at_shahpur,1990,77.02,3.9,1418.01
Machna_at_shahpur,1992,84.62,2.09,763.08
Machna_at_shahpur,1995,67.13,2.83,1032.28
Machna_at_shahpur,1999,82.64,4.78,1743.5
Machna_at_shahpur,2013,86.16,3.97,1439.73
Machna_at_shahpur,2024,57.72,3.78,1384.16
Machna_at_shahpur,2025,74.98,2.82,1029.68
Machrewa_at_bakori,1907,44.82,2.52,921.54
Machrewa_at_bakori,1908,88.2,3.96,1450.86
Machrewa_at_bakori,1909,59.98,3.12,1140.05
Machrewa_at_bakori,1910,94.82,3.63,1325.62
Machrewa_at_bakori,1911,75.91,2.89,1053.58
Machrewa_at_bakori,1912,66.96,2.74,1000.27
Machrewa_at_bakori,1915,71.36,3.4,1242.57
Machrewa_at_bakori,1917,65.62,3.73,1361.19
Machrewa_at_bakori,1920,73.37,2.46,900.73
Machrewa_at_bakori,1921,44.41,2.37,864.2
Machrewa_at_bakori,1922,40.23,2.24,816.2
Machrewa_at_bakori,1923,70.01,3.49,1274.5
Machrewa_at_bakori,1925,89.03,3.27,1192.2
Machrewa_at_bakori,1926,92.06,4.33,1580.23
Machrewa_at_bakori,1929,73.23,3.48,1266.68
Machrewa_at_bakori,1933,87.62,3.89,1410.75
Machrewa_at_bakori,1934,55.77,3.69,1347.82
Machrewa_at_bakori,1943,93.87,3.46,1258.57
Machrewa_at_bakori,1945,75.1,3.26,1179.5
Machrewa_at_bakori,1946,74.56,3.32,1209.74
Machrewa_at_bakori,1948,98.13,3.8,1391.38
Machrewa_at_bakori,1949,62.12,4.16,1512.84
Machrewa_at_bakori,1954,93.79,3.13,1142.19
Machrewa_at_bakori,1967,55.12,3.52,1284.58
Machrewa_at_bakori,1968,69.4,2.66,972.6
Machrewa_at_bakori,1969,67.05,2.65,961.42
Machrewa_at_bakori,1970,92.21,4.07,1480.43
Machrewa_at_bakori,1971,69.22,3.35,1221.73
Machrewa_at_bakori,1972,95.5,2.59,943.81
Machrewa_at_bakori,1973,96.54,3.56,1297.45
Machrewa_at_bakori,1976,55.1,2.65,970.07
Machrewa_at_bakori,1978,86.66,3.01,1099.31
Machrewa_at_bakori,1979,78.43,2.13,775.4
Machrewa_at_bakori,1980,87.27,2.49,910.6
Machrewa_at_bakori,1985,90.76,2.83,1031.48
Machrewa_at_bakori,1986,90.59,2.92,1064.67
Machrewa_at_bakori,1987,56.44,2.54,927.54
Machrewa_at_bakori,1989,53.74,2.42,877.34
Machrewa_at_bakori,1990,60.97,3.78,1374.42
Machrewa_at_bakori,1992,82.07,2.59,945.62
Machrewa_at_bakori,1995,66.9,2.36,862.37
Machrewa_at_bakori,1999,92.7,3.65,1325.96
Machrewa_at_bakori,2013,90.12,4.66,1701.07
Machrewa_at_bakori,2024,75.73,4.15,1517.3
Machrewa_at_bakori,2025,87.22,3.89,1419.29
Madhira,1907,81.51,2.2,800.12
Madhira,1908,71.11,2.54,929.54
Madhira,1909,66.66,2.31,841.33
Madhira,1910,81.47,3.35,1223.42
Madhira,1911,57.9,2.4,876.9
Madhira,1912,57.47,2.27,830.85
Madhira,1915,87.65,3.12,1137.54
Madhira,1917,90.91,4.17,1523.6
Madhira,1920,60.36,1.52,557.8
Madhira,1921,88.59,3.36,1226.37
Madhira,1922,62.26,2.27,829.24
Madhira,1923,90.93,2.44,891.04
Madhira,1925,77.12,2.96,1081.57
Madhira,1926,53.01,2.04,745.33
Madhira,1929,67.54,1.93,703.85
Madhira,1933,88.76,2.96,1080.94
Madhira,1934,56.0,2.46,896.19
Madhira,1943,79.09,2.72,992.01
Madhira,1945,68.16,2.79,1019.74
Madhira,1946,56.31,2.36,863.1
Madhira,1948,48.75,2.18,797.17
Madhira,1949,52.32,2.67,975.96
Madhira,1954,43.77,2.22,804.63
Madhira,1967,46.15,2.97,1084.49
Madhira,1968,59.72,2.39,873.01
Madhira,1969,63.7,3.43,1248.17
Madhira,1970,64.7,3.45,1258.21
Madhira,1971,29.35,2.16,788.82
Madhira,1972,35.97,1.9,696.88
Madhira,1973,57.22,2.05,746.52
Madhira,1976,40.58,2.84,1037.81
Madhira,1978,66.35,3.76,1373.15
Madhira,1979,57.46,2.11,769.96
Madhira,1980,56.95,2.91,1063.76
Madhira,1985,46.61,2.28,830.41
Madhira,1986,72.89,2.22,809.84
Madhira,1987,54.52,2.25,820.45
Madhira,1989,79.61,3.15,1146.93
Madhira,1990,84.35,3.55,1288.72
Madhira,1992,65.06,2.35,858.43
Madhira,1995,65.54,3.11,1134.41
Madhira,1999,41.65,2.78,1013.05
Madhira,2013,69.58,3.28,1193.56
Madhira,2024,69.63,3.73,1363.27
Madhira,2025,71.6,4.16,1512.51
Madhya_bharat_paper_ltd__mbpl_,1907,67.18,3.9,1423.26
Madhya_bharat_paper_ltd__mbpl_,1908,55.59,4.48,1638.86
Madhya_bharat_paper_ltd__mbpl_,1909,67.86,4.19,1529.19
Madhya_bharat_paper_ltd__mbpl_,1910,61.92,3.8,1388.38
Madhya_bharat_paper_ltd__mbpl_,1911,68.02,3.58,1306.11
Madhya_bharat_paper_ltd__mbpl_,1912,53.57,3.45,1261.31
Madhya_bharat_paper_ltd__mbpl_,1915,51.7,3.77,1375.08
Madhya_bharat_paper_ltd__mbpl_,1917,72.08,5.76,2103.69
Madhya_bharat_paper_ltd__mbpl_,1920,87.03,3.54,1295.34
Madhya_bharat_paper_ltd__mbpl_,1921,49.4,4.07,1485.38
Madhya_bharat_paper_ltd__mbpl_,1922,50.79,3.87,1412.08
Madhya_bharat_paper_ltd__mbpl_,1923,79.27,4.52,1648.13
Madhya_bharat_paper_ltd__mbpl_,1925,87.25,5.08,1853.05
Madhya_bharat_paper_ltd__mbpl_,1926,49.43,5.08,1855.11
Madhya_bharat_paper_ltd__mbpl_,1929,59.29,4.31,1573.69
Madhya_bharat_paper_ltd__mbpl_,1933,78.31,5.21,1900.52
Madhya_bharat_paper_ltd__mbpl_,1934,58.2,4.15,1513.0
Madhya_bharat_paper_ltd__mbpl_,1943,77.22,4.51,1645.83
Madhya_bharat_paper_ltd__mbpl_,1945,60.85,3.77,1377.53
Madhya_bharat_paper_ltd__mbpl_,1946,84.99,4.81,1757.4
Madhya_bharat_paper_ltd__mbpl_,1948,58.54,4.64,1697.39
Madhya_bharat_paper_ltd__mbpl_,1949,72.7,4.61,1682.64
Madhya_bharat_paper_ltd__mbpl_,1954,72.14,3.49,1273.18
Madhya_bharat_paper_ltd__mbpl_,1967,87.37,4.25,1549.56
Madhya_bharat_paper_ltd__mbpl_,1968,92.72,3.23,1183.03
Madhya_bharat_paper_ltd__mbpl_,1969,78.64,3.25,1185.32
Madhya_bharat_paper_ltd__mbpl_,1970,80.0,3.9,1421.76
Madhya_bharat_paper_ltd__mbpl_,1971,95.55,4.52,1648.18
Madhya_bharat_paper_ltd__mbpl_,1972,82.22,3.41,1248.17
Madhya_bharat_paper_ltd__mbpl_,1973,77.83,4.08,1489.72
Madhya_bharat_paper_ltd__mbpl_,1976,61.98,3.03,1110.57
Madhya_bharat_paper_ltd__mbpl_,1978,51.64,3.68,1341.7
Madhya_bharat_paper_ltd__mbpl_,1979,49.02,2.16,789.48
Madhya_bharat_paper_ltd__mbpl_,1980,67.89,4.23,1549.13
Madhya_bharat_paper_ltd__mbpl_,1985,76.79,4.03,1471.79
Madhya_bharat_paper_ltd__mbpl_,1986,66.67,3.8,1387.19
Madhya_bharat_paper_ltd__mbpl_,1987,64.45,3.52,1285.7
Madhya_bharat_paper_ltd__mbpl_,1989,70.39,3.06,1117.34
Madhya_bharat_paper_ltd__mbpl_,1990,63.36,4.08,1487.66
Madhya_bharat_paper_ltd__mbpl_,1992,54.55,2.94,1076.82
Madhya_bharat_paper_ltd__mbpl_,1995,57.07,2.84,1036.82
Madhya_bharat_paper_ltd__mbpl_,1999,70.04,4.03,1472.7
Madhya_bharat_paper_ltd__mbpl_,2013,62.14,3.24,1182.36
Madhya_bharat_paper_ltd__mbpl_,2024,54.71,3.59,1312.63
Madhya_bharat_paper_ltd__mbpl_,2025,65.69,3.32,1210.51
Magaral,1907,48.72,2.5,913.34
Magaral,1908,63.51,2.22,813.49
Magaral,1909,72.62,3.21,1170.77
Magaral,1910,58.08,3.44,1253.83
Magaral,1911,68.27,2.84,1034.95
Magaral,1912,85.0,2.75,1006.46
Magaral,1915,93.25,3.16,1154.41
Magaral,1917,57.04,2.41,879.13
Magaral,1920,75.69,2.85,1044.22
Magaral,1921,57.35,3.11,1136.4
Magaral,1922,70.7,3.12,1140.01
Magaral,1923,74.07,1.87,681.84
Magaral,1925,49.08,2.73,997.49
Magaral,1926,52.52,2.39,872.47
Magaral,1929,62.84,2.5,911.24
Magaral,1933,87.82,2.35,855.99
Magaral,1934,55.45,2.71,988.46
Magaral,1943,95.06,3.01,1095.71
Magaral,1945,53.07,2.34,855.16
Magaral,1946,79.43,3.84,1400.81
Magaral,1948,62.27,2.44,894.06
Magaral,1949,35.77,2.84,1035.49
Magaral,1954,87.49,2.85,1040.15
Magaral,1967,69.1,2.56,932.59
Magaral,1968,32.21,1.86,679.85
Magaral,1969,74.48,3.29,1202.66
Magaral,1970,56.7,2.96,1082.2
Magaral,1971,72.18,3.09,1127.08
Magaral,1972,74.59,3.46,1267.74
Magaral,1973,66.82,2.88,1052.98
Magaral,1976,48.91,3.06,1121.07
Magaral,1978,46.81,3.07,1118.79
Magaral,1979,66.26,2.96,1079.54
Magaral,1980,37.66,2.03,742.11
Magaral,1985,63.72,3.19,1165.87
Magaral,1986,40.32,2.29,837.15
Magaral,1987,51.32,2.91,1061.52
Magaral,1989,57.61,2.05,747.54
Magaral,1990,44.32,2.51,915.58
Magaral,1992,54.61,2.23,815.42
Magaral,1995,65.44,2.5,911.81
Magaral,1999,57.97,2.42,884.67
Magaral,2013,61.04,2.28,831.13
Magaral,2024,81.54,3.32,1214.79
Magaral,2025,50.48,3.19,1165.53
Mahanadi__arang,1907,73.66,3.97,1449.75
Mahanadi__arang,1908,53.56,3.37,1233.53
Mahanadi__arang,1909,49.63,3.25,1186.2
Mahanadi__arang,1910,76.45,3.99,1457.82
Mahanadi__arang,1911,90.57,4.13,1506.57
Mahanadi__arang,1912,55.21,3.53,1291.89
Mahanadi__arang,1915,75.04,3.77,1377.28
Mahanadi__arang,1917,68.33,4.72,1721.52
Mahanadi__arang,1920,79.49,2.76,1009.24
Mahanadi__arang,1921,75.47,3.76,1373.16
Mahanadi__arang,1922,63.32,3.54,1291.15
Mahanadi__arang,1923,49.02,2.94,1071.28
Mahanadi__arang,1925,76.87,4.72,1723.44
Mahanadi__arang,1926,75.7,4.06,1481.34
Mahanadi__arang,1929,69.61,4.32,1577.68
Mahanadi__arang,1933,90.02,4.19,1527.82
Mahanadi__arang,1934,77.79,4.14,1510.34
Mahanadi__arang,1943,66.68,4.34,1582.53
Mahanadi__arang,1945,67.45,3.96,1444.59
Mahanadi__arang,1946,71.96,3.48,1271.38
Mahanadi__arang,1948,71.8,3.71,1356.09
Mahanadi__arang,1949,52.47,4.1,1497.34
Mahanadi__arang,1954,53.29,3.09,1127.62
Mahanadi__arang,1967,67.04,3.9,1422.59
Mahanadi__arang,1968,62.8,3.0,1097.66
Mahanadi__arang,1969,41.6,3.01,1099.27
Mahanadi__arang,1970,59.25,4.19,1529.82
Mahanadi__arang,1971,58.86,3.32,1211.53
Mahanadi__arang,1972,54.25,2.89,1057.61
Mahanadi__arang,1973,73.4,3.72,1356.71
Mahanadi__arang,1976,64.65,3.28,1199.43
Mahanadi__arang,1978,52.06,3.24,1184.15
Mahanadi__arang,1979,51.07,2.47,900.76
Mahanadi__arang,1980,50.03,3.63,1329.83
Mahanadi__arang,1985,69.37,3.61,1318.89
Mahanadi__arang,1986,63.86,3.2,1168.76
Mahanadi__arang,1987,59.68,2.73,997.07
Mahanadi__arang,1989,54.74,2.73,996.59
Mahanadi__arang,1990,61.96,4.82,1759.23
Mahanadi__arang,1992,53.41,3.05,1114.74
Mahanadi__arang,1995,62.19,3.04,1108.71
Mahanadi__arang,1999,65.95,3.15,1149.72
Mahanadi__arang,2013,90.36,3.67,1339.76
Mahanadi__arang,2024,53.24,3.41,1248.58
Mahanadi__arang,2025,57.9,3.85,1405.94
Mahanadi__kasdol,1907,73.66,3.89,1419.51
Mahanadi__kasdol,1908,55.8,3.37,1234.33
Mahanadi__kasdol,1909,45.18,3.24,1181.68
Mahanadi__kasdol,1910,78.59,3.88,1415.48
Mahanadi__kasdol,1911,85.07,4.1,1498.31
Mahanadi__kasdol,1912,54.99,3.51,1286.03
Mahanadi__kasdol,1915,69.58,3.71,1354.69
Mahanadi__kasdol,1917,65.58,4.64,1692.34
Mahanadi__kasdol,1920,80.84,2.8,1024.95
Mahanadi__kasdol,1921,59.11,3.61,1316.89
Mahanadi__kasdol,1922,60.08,3.53,1290.18
Mahanadi__kasdol,1923,45.79,2.94,1071.88
Mahanadi__kasdol,1925,77.15,4.76,1737.83
Mahanadi__kasdol,1926,73.23,4.1,1494.91
Mahanadi__kasdol,1929,71.11,4.37,1595.33
Mahanadi__kasdol,1933,90.73,4.22,1541.93
Mahanadi__kasdol,1934,76.7,4.14,1510.2
Mahanadi__kasdol,1943,61.57,4.35,1589.31
Mahanadi__kasdol,1945,64.15,4.01,1463.26
Mahanadi__kasdol,1946,71.63,3.48,1268.78
Mahanadi__kasdol,1948,72.19,3.63,1329.23
Mahanadi__kasdol,1949,55.94,4.05,1478.87
Mahanadi__kasdol,1954,47.61,3.01,1100.22
Mahanadi__kasdol,1967,60.48,3.86,1409.64
Mahanadi__kasdol,1968,62.8,2.97,1085.27
Mahanadi__kasdol,1969,36.78,2.91,1061.51
Mahanadi__kasdol,1970,54.19,4.14,1511.5
Mahanadi__kasdol,1971,60.01,3.35,1223.82
Mahanadi__kasdol,1972,52.42,2.85,1043.43
Mahanadi__kasdol,1973,73.01,3.68,1341.58
Mahanadi__kasdol,1976,59.8,3.23,1182.58
Mahanadi__kasdol,1978,46.19,3.17,1157.31
Mahanadi__kasdol,1979,51.04,2.35,858.75
Mahanadi__kasdol,1980,51.08,3.55,1298.86
Mahanadi__kasdol,1985,64.0,3.31,1209.19
Mahanadi__kasdol,1986,61.74,3.17,1156.14
Mahanadi__kasdol,1987,54.09,2.63,960.61
Mahanadi__kasdol,1989,48.57,2.74,1001.26
Mahanadi__kasdol,1990,60.93,4.73,1725.08
Mahanadi__kasdol,1992,52.97,2.99,1094.51
Mahanadi__kasdol,1995,60.39,2.92,1064.66
Mahanadi__kasdol,1999,63.98,3.03,1107.15
Mahanadi__kasdol,2013,86.6,3.71,1355.36
Mahanadi__kasdol,2024,55.35,3.37,1232.84
Mahanadi__kasdol,2025,61.25,3.79,1382.26
Malpur,1907,33.0,0.96,349.78
Malpur,1908,21.25,0.75,273.33
Malpur,1909,36.94,1.23,448.83
Malpur,1910,49.42,1.7,620.46
Malpur,1911,32.63,0.65,237.5
Malpur,1912,66.77,1.26,460.6
Malpur,1915,54.5,1.74,634.03
Malpur,1917,65.66,1.71,625.15
Malpur,1920,49.15,0.82,298.33
Malpur,1921,43.25,1.29,469.51
Malpur,1922,59.31,1.27,465.26
Malpur,1923,71.27,1.41,513.2
Malpur,1925,84.68,1.32,480.74
Malpur,1926,26.38,1.1,400.75
Malpur,1929,70.77,1.29,469.22
Malpur,1933,80.24,2.03,740.7
Malpur,1934,34.02,0.94,342.47
Malpur,1943,39.35,1.57,572.21
Malpur,1945,74.84,1.33,484.35
Malpur,1946,58.68,2.4,874.44
Malpur,1948,64.84,2.0,733.69
Malpur,1949,59.92,1.97,719.54
Malpur,1954,73.4,1.68,609.86
Malpur,1967,88.66,2.19,799.64
Malpur,1968,85.06,1.41,515.61
Malpur,1969,79.29,2.38,869.64
Malpur,1970,59.52,1.88,684.96
Malpur,1971,54.26,1.27,462.68
Malpur,1972,60.81,1.18,431.37
Malpur,1973,69.94,2.26,823.85
Malpur,1976,98.48,3.06,1117.84
Malpur,1978,76.27,1.92,700.13
Malpur,1979,47.31,1.78,647.91
Malpur,1980,43.15,1.55,566.21
Malpur,1985,40.56,1.07,389.51
Malpur,1986,64.12,1.2,438.07
Malpur,1987,37.18,1.21,441.45
Malpur,1989,70.04,1.91,696.39
Malpur,1990,75.76,2.27,829.13
Malpur,1992,56.17,1.62,592.09
Malpur,1995,39.83,1.56,567.67
Malpur,1999,48.41,1.38,505.32
Malpur,2013,83.74,2.19,799.57
Malpur,2024,68.16,2.63,961.31
Malpur,2025,85.04,2.49,909.41
Manakkad,1907,89.29,13.5,4886.98
Manakkad,1908,87.72,9.09,3327.95
Manakkad,1909,86.08,8.68,3151.66
Manakkad,1910,80.47,8.98,3278.65
Manakkad,1911,83.97,7.95,2900.47
Manakkad,1912,80.54,9.19,3365.36
Manakkad,1915,88.86,9.54,3473.63
Manakkad,1917,96.08,8.51,3105.03
Manakkad,1920,92.85,10.02,3665.87
Manakkad,1921,77.88,8.88,3242.54
Manakkad,1922,97.71,9.62,3512.29
Manakkad,1923,90.36,10.56,3843.49
Manakkad,1925,69.1,8.41,3068.07
Manakkad,1926,68.91,7.83,2858.95
Manakkad,1929,71.88,7.86,2852.08
Manakkad,1933,92.75,11.46,4160.44
Manakkad,1934,89.27,6.47,2362.03
Manakkad,1943,79.65,9.51,3461.04
Manakkad,1945,92.33,6.79,2476.7
Manakkad,1946,94.23,9.89,3610.44
Manakkad,1948,52.8,7.56,2760.05
Manakkad,1949,54.44,7.47,2727.82
Manakkad,1954,59.51,9.97,3638.64
Manakkad,1967,68.69,6.19,2260.08
Manakkad,1968,98.95,9.86,3598.93
Manakkad,1969,96.54,9.46,3441.71
Manakkad,1970,43.41,6.25,2281.1
Manakkad,1971,67.64,9.03,3295.9
Manakkad,1972,68.47,7.23,2646.92
Manakkad,1973,89.58,7.1,2592.19
Manakkad,1976,87.56,5.72,2094.53
Manakkad,1978,75.91,6.91,2522.62
Manakkad,1979,56.72,4.96,1810.31
Manakkad,1980,79.66,7.79,2850.56
Manakkad,1985,68.9,6.32,2306.84
Manakkad,1986,70.69,4.91,1793.46
Manakkad,1987,46.51,3.98,1451.91
Manakkad,1989,48.34,4.93,1800.38
Manakkad,1990,94.22,7.52,2729.05
Manakkad,1992,98.25,9.1,3295.79
Manakkad,1995,96.3,8.86,3217.41
Manakkad,1999,85.19,9.11,3305.47
Manakkad,2013,90.63,10.99,3979.02
Manakkad,2024,91.0,8.93,3251.31
Manakkad,2025,97.89,10.5,3792.21
Mandal,1907,51.54,1.42,517.01
Mandal,1908,52.19,1.38,506.78
Mandal,1909,33.78,1.67,609.99
Mandal,1910,65.76,2.29,836.53
Mandal,1911,40.03,1.04,379.71
Mandal,1912,77.16,1.39,508.33
Mandal,1915,52.4,1.86,677.65
Mandal,1917,37.92,1.81,662.37
Mandal,1920,57.82,1.04,379.08
Mandal,1921,42.86,1.67,609.82
Mandal,1922,51.41,1.49,544.22
Mandal,1923,29.31,1.2,437.18
Mandal,1925,67.8,1.49,544.51
Mandal,1926,70.48,1.54,563.32
Mandal,1929,68.36,1.16,424.06
Mandal,1933,73.46,2.48,905.65
Mandal,1934,40.66,1.69,618.61
Mandal,1943,49.36,1.98,721.75
Mandal,1945,56.58,1.63,592.28
Mandal,1946,69.03,2.61,953.51
Mandal,1948,73.06,2.49,910.84
Mandal,1949,95.7,2.24,816.1
Mandal,1954,87.21,2.53,921.69
Mandal,1967,76.07,1.82,662.65
Mandal,1968,32.12,1.32,481.36
Mandal,1969,73.83,2.65,965.59
Mandal,1970,72.22,2.63,958.27
Mandal,1971,50.02,1.64,598.46
Mandal,1972,80.29,1.53,558.36
Mandal,1973,77.34,2.39,871.84
Mandal,1976,61.26,1.94,710.24
Mandal,1978,66.18,1.81,659.88
Mandal,1979,80.29,2.07,754.13
Mandal,1980,62.88,1.84,674.32
Mandal,1985,58.13,1.48,537.16
Mandal,1986,42.6,1.36,495.27
Mandal,1987,49.61,1.66,606.84
Mandal,1989,72.03,1.9,695.03
Mandal,1990,70.62,1.94,707.45
Mandal,1992,58.65,1.11,407.11
Mandal,1995,38.49,1.05,385.03
Mandal,1999,54.49,1.22,444.44
Mandal,2013,65.91,3.03,1103.73
Mandal,2024,76.1,2.6,953.32
Mandal,2025,83.35,2.82,1025.4
Mandalapadu,1907,86.08,2.76,1005.31
Mandalapadu,1908,68.53,2.48,906.14
Mandalapadu,1909,53.48,2.43,888.4
Mandalapadu,1910,62.74,3.47,1267.61
Mandalapadu,1911,65.44,2.38,868.43
Mandalapadu,1912,66.3,2.48,907.75
Mandalapadu,1915,88.32,3.22,1176.44
Mandalapadu,1917,90.45,4.19,1525.11
Mandalapadu,1920,48.31,2.02,737.9
Mandalapadu,1921,62.07,3.02,1100.74
Mandalapadu,1922,65.88,2.38,867.54
Mandalapadu,1923,65.73,2.52,919.19
Mandalapadu,1925,96.82,3.6,1314.62
Mandalapadu,1926,53.5,2.17,790.23
Mandalapadu,1929,56.89,2.19,799.96
Mandalapadu,1933,96.94,2.97,1083.72
Mandalapadu,1934,64.73,2.67,974.93
Mandalapadu,1943,66.23,3.0,1091.94
Mandalapadu,1945,57.64,2.62,955.83
Mandalapadu,1946,47.64,1.87,681.77
Mandalapadu,1948,47.31,2.51,917.26
Mandalapadu,1949,54.52,3.08,1124.69
Mandalapadu,1954,66.32,2.69,974.7
Mandalapadu,1967,47.83,3.11,1133.8
Mandalapadu,1968,70.13,2.55,933.49
Mandalapadu,1969,82.23,4.15,1515.39
Mandalapadu,1970,75.85,3.94,1436.34
Mandalapadu,1971,84.02,2.61,952.71
Mandalapadu,1972,58.55,2.85,1042.28
Mandalapadu,1973,57.29,2.42,883.2
Mandalapadu,1976,69.97,2.83,1031.97
Mandalapadu,1978,95.6,3.32,1212.17
Mandalapadu,1979,63.28,2.03,742.52
Mandalapadu,1980,73.48,3.17,1160.59
Mandalapadu,1985,75.79,2.5,911.81
Mandalapadu,1986,85.63,2.13,777.0
Mandalapadu,1987,50.26,2.52,921.32
Mandalapadu,1989,89.01,2.94,1062.74
Mandalapadu,1990,62.3,3.22,1166.1
Mandalapadu,1992,91.1,2.91,1064.65
Mandalapadu,1995,77.88,3.35,1223.65
Mandalapadu,1999,45.8,2.52,919.13
Mandalapadu,2013,91.87,3.22,1174.29
Mandalapadu,2024,89.19,4.17,1523.85
Mandalapadu,2025,96.99,4.07,1475.7
Manendragarh,1907,51.5,3.81,1392.24
Manendragarh,1908,79.32,4.59,1681.59
Manendragarh,1909,68.3,3.66,1336.55
Manendragarh,1910,97.7,3.87,1414.31
Manendragarh,1911,77.12,3.69,1347.01
Manendragarh,1912,55.1,2.79,1020.98
Manendragarh,1915,79.54,4.09,1488.95
Manendragarh,1917,70.41,4.4,1600.63
Manendragarh,1920,90.19,2.87,1051.57
Manendragarh,1921,81.83,3.96,1442.32
Manendragarh,1922,80.04,3.48,1268.04
Manendragarh,1923,92.97,3.51,1273.03
Manendragarh,1925,77.16,4.28,1559.09
Manendragarh,1926,67.1,4.13,1509.05
Manendragarh,1929,63.05,3.74,1366.53
Manendragarh,1933,97.13,4.08,1490.73
Manendragarh,1934,74.35,3.57,1298.29
Manendragarh,1943,70.16,4.16,1520.03
Manendragarh,1945,88.33,3.63,1324.78
Manendragarh,1946,85.88,4.51,1646.24
Manendragarh,1948,93.13,4.69,1715.89
Manendragarh,1949,67.03,3.85,1404.13
Manendragarh,1954,62.37,2.91,1063.08
Manendragarh,1967,70.91,3.99,1456.58
Manendragarh,1968,84.16,3.09,1132.05
Manendragarh,1969,50.64,2.7,982.3
Manendragarh,1970,66.3,3.35,1221.17
Manendragarh,1971,81.6,4.01,1462.94
Manendragarh,1972,66.54,3.12,1140.22
Manendragarh,1973,78.27,3.49,1269.1
Manendragarh,1976,61.18,2.2,806.42
Manendragarh,1978,55.87,2.86,1045.67
Manendragarh,1979,61.29,1.69,615.45
Manendragarh,1980,80.64,4.38,1602.63
Manendragarh,1985,64.34,2.97,1083.59
Manendragarh,1986,64.7,3.19,1165.66
Manendragarh,1987,88.27,3.52,1280.57
Manendragarh,1989,83.0,3.02,1103.15
Manendragarh,1990,84.73,3.98,1452.49
Manendragarh,1992,81.1,2.68,981.04
Manendragarh,1995,59.56,3.36,1225.43
Manendragarh,1999,84.52,3.52,1283.64
Manendragarh,2013,79.58,3.58,1307.62
Manendragarh,2024,72.99,3.13,1144.65
Manendragarh,2025,46.91,3.58,1304.91
Mangaon,1907,91.75,6.16,2210.45
Mangaon,1908,90.84,7.13,2581.89
Mangaon,1909,87.29,6.81,2444.94
Mangaon,1910,77.32,6.15,2215.23
Mangaon,1911,87.08,4.9,1775.05
Mangaon,1912,96.32,5.84,2090.17
Mangaon,1915,91.87,5.3,1901.67
Mangaon,1917,98.36,9.71,3513.23
Mangaon,1920,91.97,5.8,2112.89
Mangaon,1921,98.18,5.78,2081.89
Mangaon,1922,91.44,5.62,2001.9
Mangaon,1923,97.9,6.38,2302.83
Mangaon,1925,72.25,5.85,2128.59
Mangaon,1926,90.45,6.71,2381.48
Mangaon,1929,86.95,6.59,2383.87
Mangaon,1933,96.06,6.57,2333.31
Mangaon,1934,95.42,7.13,2544.2
Mangaon,1943,97.43,7.73,2782.28
Mangaon,1945,97.39,7.94,2858.41
Mangaon,1946,90.1,7.83,2804.82
Mangaon,1948,89.18,6.29,2278.65
Mangaon,1949,95.61,7.04,2493.29
Mangaon,1954,94.84,9.12,3274.28
Mangaon,1967,94.57,6.32,2267.99
Mangaon,1968,90.41,5.97,2177.76
Mangaon,1969,96.97,8.37,3019.89
Mangaon,1970,97.64,9.82,3534.75
Mangaon,1971,87.41,7.68,2773.26
Mangaon,1972,93.41,4.33,1564.19
Mangaon,1973,94.16,8.83,3178.69
Mangaon,1976,93.8,8.49,3046.4
Mangaon,1978,95.81,8.65,3122.13
Mangaon,1979,97.18,6.04,2155.28
Mangaon,1980,96.07,6.65,2379.72
Mangaon,1985,92.28,6.17,2191.81
Mangaon,1986,88.89,5.92,2130.37
Mangaon,1987,94.94,7.33,2653.18
Mangaon,1989,86.63,7.77,2790.54
Mangaon,1990,94.04,9.96,3516.96
Mangaon,1992,93.12,5.06,1794.55
Mangaon,1995,86.47,6.27,2263.51
Mangaon,1999,89.74,7.36,2636.27
Mangaon,2013,98.89,8.98,3180.06
Mangaon,2024,98.63,9.12,3301.83
Mangaon,2025,97.83,8.06,2861.97
Manikal,1907,84.11,11.85,4267.01
Manikal,1908,80.12,6.86,2511.5
Manikal,1909,86.78,6.53,2377.18
Manikal,1910,86.5,6.48,2366.0
Manikal,1911,98.01,5.97,2166.9
Manikal,1912,69.3,6.88,2518.44
Manikal,1915,73.13,6.44,2336.94
Manikal,1917,69.91,6.07,2216.45
Manikal,1920,96.87,6.9,2527.13
Manikal,1921,86.92,6.56,2393.18
Manikal,1922,76.09,7.17,2608.98
Manikal,1923,86.0,8.43,3077.89
Manikal,1925,81.33,6.89,2508.53
Manikal,1926,75.34,6.35,2318.87
Manikal,1929,81.06,5.87,2138.45
Manikal,1933,95.84,8.65,3158.88
Manikal,1934,80.8,4.53,1648.5
Manikal,1943,79.95,8.04,2925.38
Manikal,1945,63.77,4.65,1696.11
Manikal,1946,60.61,6.34,2315.74
Manikal,1948,74.78,6.53,2390.32
Manikal,1949,36.49,4.28,1560.92
Manikal,1954,73.41,5.59,2039.86
Manikal,1967,61.73,3.86,1408.67
Manikal,1968,75.94,5.84,2135.97
Manikal,1969,82.35,4.57,1667.07
Manikal,1970,35.95,3.99,1457.94
Manikal,1971,95.19,7.59,2770.38
Manikal,1972,59.43,6.13,2241.93
Manikal,1973,52.29,4.54,1655.4
Manikal,1976,77.16,4.8,1756.39
Manikal,1978,96.56,6.62,2411.48
Manikal,1979,94.93,4.35,1586.62
Manikal,1980,53.13,3.83,1401.34
Manikal,1985,57.94,2.69,982.42
Manikal,1986,37.56,1.66,604.09
Manikal,1987,45.89,2.69,982.71
Manikal,1989,51.85,2.64,962.76
Manikal,1990,97.46,5.25,1915.9
Manikal,1992,88.71,7.49,2734.13
Manikal,1995,83.21,6.37,2326.75
Manikal,1999,84.08,7.25,2646.5
Manikal,2013,88.39,7.62,2774.58
Manikal,2024,90.99,6.75,2470.67
Manikal,2025,86.75,7.09,2575.41
Manot,1907,66.04,3.16,1152.85
Manot,1908,56.6,4.36,1594.04
Manot,1909,46.68,3.31,1206.55
Manot,1910,68.19,3.42,1248.01
Manot,1911,59.69,3.39,1237.02
Manot,1912,83.24,3.29,1204.87
Manot,1915,73.7,4.62,1686.46
Manot,1917,76.48,5.02,1832.79
Manot,1920,85.35,2.93,1071.54
Manot,1921,77.77,3.3,1205.55
Manot,1922,47.39,3.65,1333.75
Manot,1923,54.46,4.42,1609.76
Manot,1925,86.79,4.44,1619.02
Manot,1926,86.35,4.71,1715.21
Manot,1929,76.82,3.73,1360.53
Manot,1933,91.07,4.64,1692.09
Manot,1934,83.63,4.43,1617.84
Manot,1943,62.37,4.27,1557.31
Manot,1945,68.07,4.5,1642.49
Manot,1946,65.54,4.74,1724.44
Manot,1948,73.83,4.22,1542.71
Manot,1949,71.14,3.8,1386.61
Manot,1954,51.35,2.88,1051.96
Manot,1967,61.64,4.15,1516.07
Manot,1968,72.93,3.03,1110.64
Manot,1969,52.96,3.01,1096.87
Manot,1970,41.49,3.63,1324.09
Manot,1971,69.11,4.27,1560.35
Manot,1972,67.46,3.34,1223.59
Manot,1973,65.44,4.18,1524.19
Manot,1976,52.49,2.92,1069.05
Manot,1978,75.44,4.46,1628.1
Manot,1979,64.42,2.86,1044.47
Manot,1980,65.92,4.25,1555.57
Manot,1985,56.2,3.54,1290.81
Manot,1986,68.44,3.3,1205.37
Manot,1987,80.17,3.72,1357.22
Manot,1989,74.44,2.83,1033.93
Manot,1990,56.58,4.38,1598.79
Manot,1992,66.26,2.85,1044.03
Manot,1995,65.11,3.46,1262.66
Manot,1999,46.89,3.48,1271.9
Manot,2013,56.81,3.85,1407.06
Manot,2024,75.4,3.64,1330.99
Manot,2025,59.53,3.5,1276.5
Maruthankuzhy,1907,62.98,5.6,2044.65
Maruthankuzhy,1908,51.9,3.69,1347.99
Maruthankuzhy,1909,92.13,3.45,1258.99
Maruthankuzhy,1910,70.17,3.97,1444.5
Maruthankuzhy,1911,63.74,3.79,1385.07
Maruthankuzhy,1912,67.22,5.51,2009.65
Maruthankuzhy,1915,69.92,5.26,1919.69
Maruthankuzhy,1917,53.25,3.86,1410.23
Maruthankuzhy,1920,87.69,6.5,2374.32
Maruthankuzhy,1921,65.66,4.37,1596.45
Maruthankuzhy,1922,69.36,5.14,1872.6
Maruthankuzhy,1923,67.84,5.82,2124.13
Maruthankuzhy,1925,84.69,5.01,1818.02
Maruthankuzhy,1926,94.72,5.08,1852.51
Maruthankuzhy,1929,67.35,4.98,1818.94
Maruthankuzhy,1933,77.9,7.26,2620.99
Maruthankuzhy,1934,61.1,3.69,1347.67
Maruthankuzhy,1943,57.93,5.64,2052.35
Maruthankuzhy,1945,58.27,4.34,1581.52
Maruthankuzhy,1946,76.97,5.54,2015.67
Maruthankuzhy,1948,65.4,4.2,1535.94
Maruthankuzhy,1949,40.19,3.47,1266.78
Maruthankuzhy,1954,40.08,4.48,1634.82
Maruthankuzhy,1967,48.32,3.52,1285.16
Maruthankuzhy,1968,58.87,4.29,1571.5
Maruthankuzhy,1969,61.37,3.95,1441.69
Maruthankuzhy,1970,74.11,3.77,1369.37
Maruthankuzhy,1971,85.31,5.38,1965.41
Maruthankuzhy,1972,90.62,5.29,1931.41
Maruthankuzhy,1973,51.98,3.99,1456.19
Maruthankuzhy,1976,60.96,4.42,1616.73
Maruthankuzhy,1978,98.7,4.02,1454.34
Maruthankuzhy,1979,95.74,5.68,2072.79
Maruthankuzhy,1980,38.33,4.56,1669.43
Maruthankuzhy,1985,43.67,4.02,1466.93
Maruthankuzhy,1986,66.63,3.02,1101.12
Maruthankuzhy,1987,49.5,4.06,1481.22
Maruthankuzhy,1989,86.19,4.86,1773.13
Maruthankuzhy,1990,87.92,4.05,1474.33
Maruthankuzhy,1992,73.2,4.98,1813.91
Maruthankuzhy,1995,65.63,4.41,1610.48
Maruthankuzhy,1999,73.11,3.89,1421.55
Maruthankuzhy,2013,62.25,4.38,1597.0
Maruthankuzhy,2024,82.39,5.64,2064.57
Maruthankuzhy,2025,59.17,4.72,1717.03
Mat-2,1907,89.83,7.98,2906.23
Mat-2,1908,89.16,7.82,2863.44
Mat-2,1909,61.98,7.13,2603.0
Mat-2,1910,73.38,7.39,2691.68
Mat-2,1911,53.04,7.44,2714.45
Mat-2,1912,86.0,7.12,2607.69
Mat-2,1915,90.42,8.96,3260.45
Mat-2,1917,95.2,8.04,2933.84
Mat-2,1920,71.71,6.65,2428.91
Mat-2,1921,93.21,7.86,2860.19
Mat-2,1922,85.46,6.73,2456.7
Mat-2,1923,96.4,9.46,3452.98
Mat-2,1925,73.11,8.72,3154.85
Mat-2,1926,90.66,8.82,3209.47
Mat-2,1929,94.17,8.39,3036.49
Mat-2,1933,85.95,7.71,2814.69
Mat-2,1934,86.66,9.22,3365.6
Mat-2,1943,66.23,7.58,2768.26
Mat-2,1945,86.99,9.12,3327.8
Mat-2,1946,84.01,7.52,2743.2
Mat-2,1948,58.27,9.16,3353.6
Mat-2,1949,77.02,7.75,2827.36
Mat-2,1954,72.31,7.62,2779.61
Mat-2,1967,63.17,6.48,2364.38
Mat-2,1968,53.07,3.17,1161.44
Mat-2,1969,68.63,3.52,1283.3
Mat-2,1970,62.64,3.85,1406.83
Mat-2,1971,68.27,5.91,2156.68
Mat-2,1972,56.8,4.32,1581.14
Mat-2,1973,86.22,6.09,2223.4
Mat-2,1976,69.16,6.13,2219.67
Mat-2,1978,93.1,6.53,2376.06
Mat-2,1979,82.15,5.75,2091.92
Mat-2,1980,89.47,8.39,3063.59
Mat-2,1985,87.8,7.63,2777.83
Mat-2,1986,92.09,6.51,2375.38
Mat-2,1987,94.54,7.06,2569.3
Mat-2,1989,90.95,7.69,2800.71
Mat-2,1990,94.16,8.25,3010.8
Mat-2,1992,89.93,6.51,2381.27
Mat-2,1995,72.07,6.18,2256.64
Mat-2,1999,66.33,7.17,2615.44
Mat-2,2013,66.57,3.82,1392.71
Mat-2,2024,75.68,5.37,1966.77
Mat-2,2025,86.11,6.51,2375.42
Mat-i,1907,88.42,7.97,2902.7
Mat-i,1908,89.7,7.82,2862.0
Mat-i,1909,62.15,7.14,2607.79
Mat-i,1910,75.4,7.39,2688.65
Mat-i,1911,53.08,7.44,2714.78
Mat-i,1912,86.66,7.12,2605.66
Mat-i,1915,91.5,8.96,3262.61
Mat-i,1917,71.14,7.79,2837.37
Mat-i,1920,71.41,6.65,2426.58
Mat-i,1921,92.77,7.87,2863.96
Mat-i,1922,85.53,6.74,2458.59
Mat-i,1923,97.0,9.51,3471.5
Mat-i,1925,74.6,8.76,3172.01
Mat-i,1926,91.25,8.82,3210.99
Mat-i,1929,94.96,8.39,3036.22
Mat-i,1933,85.48,7.73,2821.58
Mat-i,1934,84.9,9.19,3353.99
Mat-i,1943,66.47,7.61,2776.66
Mat-i,1945,87.96,9.17,3348.16
Mat-i,1946,81.63,7.52,2744.62
Mat-i,1948,58.68,9.19,3362.58
Mat-i,1949,78.0,7.77,2834.55
Mat-i,1954,73.28,7.67,2800.41
Mat-i,1967,63.59,6.25,2279.69
Mat-i,1968,54.44,2.86,1046.65
Mat-i,1969,69.45,3.28,1197.97
Mat-i,1970,66.31,3.48,1269.73
Mat-i,1971,68.45,5.91,2157.89
Mat-i,1972,56.85,4.33,1583.27
Mat-i,1973,86.36,6.1,2225.68
Mat-i,1976,69.47,6.15,2225.5
Mat-i,1978,97.27,6.51,2369.74
Mat-i,1979,84.89,5.72,2082.51
Mat-i,1980,92.99,8.28,3020.98
Mat-i,1985,87.79,7.56,2751.91
Mat-i,1986,90.42,6.28,2287.61
Mat-i,1987,92.01,7.02,2554.78
Mat-i,1989,79.19,7.35,2667.3
Mat-i,1990,94.16,8.13,2966.45
Mat-i,1992,88.71,6.43,2353.77
Mat-i,1995,76.92,6.15,2246.28
Mat-i,1999,62.56,6.99,2550.59
Mat-i,2013,66.75,3.95,1441.13
Mat-i,2024,75.68,4.93,1805.49
Mat-i,2025,86.77,6.5,2370.9
Mat_sekawi,1907,50.56,5.81,2119.93
Mat_sekawi,1908,77.55,5.72,2093.94
Mat_sekawi,1909,37.71,5.24,1912.4
Mat_sekawi,1910,43.52,6.06,2211.47
Mat_sekawi,1911,43.35,6.18,2254.0
Mat_sekawi,1912,69.91,6.26,2291.69
Mat_sekawi,1915,72.79,6.83,2491.82
Mat_sekawi,1917,56.02,6.33,2308.69
Mat_sekawi,1920,60.68,5.56,2035.75
Mat_sekawi,1921,63.64,6.37,2325.91
Mat_sekawi,1922,41.22,5.49,2004.57
Mat_sekawi,1923,55.93,6.51,2377.06
Mat_sekawi,1925,92.39,6.76,2468.61
Mat_sekawi,1926,57.48,6.98,2549.2
Mat_sekawi,1929,88.22,7.33,2676.5
Mat_sekawi,1933,72.96,5.55,2026.24
Mat_sekawi,1934,78.46,7.71,2814.08
Mat_sekawi,1943,57.95,6.51,2377.49
Mat_sekawi,1945,50.66,6.47,2360.5
Mat_sekawi,1946,88.99,6.42,2341.55
Mat_sekawi,1948,59.24,7.36,2695.58
Mat_sekawi,1949,77.0,6.56,2394.92
Mat_sekawi,1954,49.03,6.28,2291.17
Mat_sekawi,1967,67.98,5.51,2010.98
Mat_sekawi,1968,60.28,4.47,1634.95
Mat_sekawi,1969,62.71,4.5,1641.07
Mat_sekawi,1970,52.7,5.3,1934.84
Mat_sekawi,1971,55.87,10.72,3914.56
Mat_sekawi,1972,48.78,3.05,1117.85
Mat_sekawi,1973,47.62,5.04,1840.41
Mat_sekawi,1976,94.16,6.32,2305.32
Mat_sekawi,1978,56.28,5.56,2028.67
Mat_sekawi,1979,64.97,5.41,1973.0
Mat_sekawi,1980,67.64,8.2,3001.77
Mat_sekawi,1985,66.85,7.36,2687.0
Mat_sekawi,1986,65.07,6.17,2252.17
Mat_sekawi,1987,81.84,6.76,2468.11
Mat_sekawi,1989,80.6,7.02,2555.31
Mat_sekawi,1990,68.42,7.99,2915.23
Mat_sekawi,1992,79.33,5.81,2126.39
Mat_sekawi,1995,59.78,5.63,2054.92
Mat_sekawi,1999,62.54,6.16,2249.09
Mat_sekawi,2013,82.55,5.14,1876.11
Mat_sekawi,2024,66.64,6.12,2239.52
Mat_sekawi,2025,77.98,5.62,2050.29
Mayambadi,1907,71.48,2.94,1070.89
Mayambadi,1908,67.55,2.2,806.64
Mayambadi,1909,96.88,2.91,1057.95
Mayambadi,1910,78.91,2.87,1048.93
Mayambadi,1911,95.29,2.69,980.88
Mayambadi,1912,85.46,2.69,982.43
Mayambadi,1915,72.79,2.17,790.38
Mayambadi,1917,50.44,2.19,800.56
Mayambadi,1920,91.54,3.71,1359.29
Mayambadi,1921,82.33,2.99,1087.5
Mayambadi,1922,65.24,2.65,967.53
Mayambadi,1923,51.19,2.01,734.88
Mayambadi,1925,65.74,2.53,922.28
Mayambadi,1926,63.57,2.08,755.39
Mayambadi,1929,49.23,1.99,723.24
Mayambadi,1933,79.58,2.18,792.5
Mayambadi,1934,93.31,3.39,1238.88
Mayambadi,1943,79.52,3.12,1135.61
Mayambadi,1945,87.95,2.46,898.57
Mayambadi,1946,74.9,2.97,1076.15
Mayambadi,1948,75.35,2.38,868.45
Mayambadi,1949,43.39,1.64,597.14
Mayambadi,1954,82.12,2.75,1004.41
Mayambadi,1967,58.42,2.64,962.58
Mayambadi,1968,60.25,2.33,851.67
Mayambadi,1969,98.42,3.2,1167.03
Mayambadi,1970,78.27,2.9,1059.62
Mayambadi,1971,57.81,2.75,1000.57
Mayambadi,1972,88.77,3.41,1249.84
Mayambadi,1973,75.94,2.63,959.4
Mayambadi,1976,74.51,2.62,960.01
Mayambadi,1978,66.22,2.84,1037.02
Mayambadi,1979,92.12,2.88,1052.94
Mayambadi,1980,83.75,1.02,372.27
Mayambadi,1985,85.17,3.06,1115.5
Mayambadi,1986,69.53,2.17,790.45
Mayambadi,1987,73.61,2.75,1005.31
Mayambadi,1989,75.62,1.96,716.43
Mayambadi,1990,85.56,2.54,926.21
Mayambadi,1992,67.0,2.33,853.66
Mayambadi,1995,52.79,2.08,758.72
Mayambadi,1999,47.97,1.99,727.7
Mayambadi,2013,50.68,1.17,424.82
Mayambadi,2024,93.13,2.49,904.82
Mayambadi,2025,91.79,2.77,1006.95
Meghraj,1907,42.2,1.71,624.43
Meghraj,1908,59.51,1.87,683.12
Meghraj,1909,72.38,2.07,755.71
Meghraj,1910,86.87,2.44,891.92
Meghraj,1911,48.3,1.06,385.41
Meghraj,1912,76.98,1.99,727.98
Meghraj,1915,60.92,1.4,509.81
Meghraj,1917,66.55,3.27,1192.56
Meghraj,1920,63.3,2.09,766.55
Meghraj,1921,81.65,2.46,899.51
Meghraj,1922,47.16,2.21,806.3
Meghraj,1923,59.0,1.13,411.33
Meghraj,1925,56.11,1.34,488.07
Meghraj,1926,59.58,2.04,740.81
Meghraj,1929,56.48,1.61,588.37
Meghraj,1933,93.94,3.13,1141.84
Meghraj,1934,71.67,1.87,681.64
Meghraj,1943,96.37,2.47,900.48
Meghraj,1945,86.11,2.13,776.44
Meghraj,1946,81.79,2.92,1065.72
Meghraj,1948,29.42,1.16,423.35
Meghraj,1949,87.68,1.77,647.41
Meghraj,1954,78.52,1.12,406.66
Meghraj,1967,64.73,1.76,642.27
Meghraj,1968,60.74,0.87,315.18
Meghraj,1969,40.51,1.31,478.53
Meghraj,1970,46.95,1.53,558.9
Meghraj,1971,84.59,1.66,607.27
Meghraj,1972,94.07,1.21,440.83
Meghraj,1973,72.07,2.73,988.33
Meghraj,1976,95.99,2.99,1089.69
Meghraj,1978,83.69,1.91,695.68
Meghraj,1979,56.9,1.41,512.08
Meghraj,1980,79.37,1.98,724.04
Meghraj,1985,76.22,1.33,483.87
Meghraj,1986,85.16,1.38,500.67
Meghraj,1987,92.03,1.61,584.58
Meghraj,1989,62.22,1.87,684.14
Meghraj,1990,70.92,2.74,996.78
Meghraj,1992,71.49,1.88,686.63
Meghraj,1995,80.46,2.23,815.32
Meghraj,1999,69.67,1.43,521.57
Meghraj,2013,53.7,2.7,983.21
Meghraj,2024,89.28,2.25,822.88
Meghraj,2025,54.04,2.52,921.06
Mirawadi,1907,62.13,5.03,1834.82
Mirawadi,1908,51.05,5.07,1855.6
Mirawadi,1909,53.72,4.77,1741.25
Mirawadi,1910,66.83,4.87,1775.74
Mirawadi,1911,44.07,3.44,1257.42
Mirawadi,1912,52.18,4.43,1619.73
Mirawadi,1915,65.99,4.53,1654.25
Mirawadi,1917,45.65,5.69,2076.08
Mirawadi,1920,60.46,4.01,1465.84
Mirawadi,1921,59.49,4.01,1463.36
Mirawadi,1922,47.43,4.36,1592.96
Mirawadi,1923,50.23,3.92,1431.39
Mirawadi,1925,45.65,3.84,1401.23
Mirawadi,1926,59.6,4.83,1763.6
Mirawadi,1929,50.75,5.02,1832.98
Mirawadi,1933,61.6,5.68,2073.01
Mirawadi,1934,57.14,5.29,1929.71
Mirawadi,1943,53.67,5.03,1834.91
Mirawadi,1945,59.27,4.74,1728.42
Mirawadi,1946,63.62,5.66,2065.82
Mirawadi,1948,51.42,4.87,1780.62
Mirawadi,1949,74.16,4.46,1627.65
Mirawadi,1954,68.52,2.86,1044.04
Mirawadi,1967,60.44,3.48,1266.27
Mirawadi,1968,31.28,2.02,740.63
Mirawadi,1969,68.18,2.89,1054.5
Mirawadi,1970,40.66,2.37,864.41
Mirawadi,1971,93.4,2.33,852.09
Mirawadi,1972,48.11,1.45,529.23
Mirawadi,1973,86.71,2.83,1034.6
Mirawadi,1976,74.72,3.35,1227.48
Mirawadi,1978,41.32,2.32,846.05
Mirawadi,1979,54.62,2.93,1068.01
Mirawadi,1980,52.41,3.34,1221.7
Mirawadi,1985,48.21,2.03,739.81
Mirawadi,1986,31.56,1.91,698.12
Mirawadi,1987,60.06,2.04,742.98
Mirawadi,1989,58.35,2.27,829.02
Mirawadi,1990,49.69,3.08,1122.45
Mirawadi,1992,41.8,2.32,850.09
Mirawadi,1995,48.95,2.16,789.2
Mirawadi,1999,42.73,2.55,931.49
Mirawadi,2013,57.4,3.27,1194.84
Mirawadi,2024,67.26,3.42,1252.15
Mirawadi,2025,60.45,3.48,1271.21
Morane,1907,38.3,0.99,359.67
Morane,1908,22.11,0.84,306.38
Morane,1909,36.73,1.29,471.25
Morane,1910,39.06,1.69,615.56
Morane,1911,32.65,0.69,253.06
Morane,1912,69.01,1.39,509.79
Morane,1915,55.86,1.79,653.31
Morane,1917,63.32,1.79,654.24
Morane,1920,29.04,0.78,284.14
Morane,1921,54.04,1.34,489.83
Morane,1922,55.83,1.36,495.92
Morane,1923,59.67,1.54,562.78
Morane,1925,62.42,1.33,485.88
Morane,1926,24.56,1.14,417.17
Morane,1929,56.12,1.27,462.68
Morane,1933,43.85,1.85,674.55
Morane,1934,36.34,1.06,386.57
Morane,1943,42.85,1.66,605.63
Morane,1945,65.23,1.32,480.8
Morane,1946,55.23,2.19,800.19
Morane,1948,37.73,1.87,683.87
Morane,1949,61.64,2.24,817.6
Morane,1954,88.62,1.66,605.41
Morane,1967,65.61,2.17,792.37
Morane,1968,83.77,1.77,647.26
Morane,1969,60.44,2.74,999.19
Morane,1970,45.86,1.78,648.27
Morane,1971,43.37,1.41,516.31
Morane,1972,29.07,0.9,330.54
Morane,1973,49.0,1.83,669.26
Morane,1976,78.87,2.8,1024.23
Morane,1978,50.8,1.44,527.33
Morane,1979,38.74,1.74,636.53
Morane,1980,53.0,1.81,663.05
Morane,1985,41.72,1.4,509.94
Morane,1986,23.82,0.94,342.15
Morane,1987,70.88,1.7,622.25
Morane,1989,63.77,1.57,572.01
Morane,1990,44.29,1.59,580.98
Morane,1992,64.09,1.42,519.02
Morane,1995,37.2,1.42,516.78
Morane,1999,45.2,1.57,572.2
Morane,2013,42.38,1.8,656.23
Morane,2024,68.78,2.99,1094.78
Morane,2025,49.76,2.68,979.5
Mukki,1907,32.28,2.41,879.56
Mukki,1908,86.28,3.63,1328.47
Mukki,1909,40.31,2.48,906.92
Mukki,1910,72.8,2.93,1069.37
Mukki,1911,52.32,3.2,1167.42
Mukki,1912,83.67,3.0,1096.22
Mukki,1915,79.97,3.37,1229.12
Mukki,1917,64.1,4.09,1491.18
Mukki,1920,47.27,2.05,751.56
Mukki,1921,40.75,2.47,901.34
Mukki,1922,54.62,3.05,1114.97
Mukki,1923,74.71,3.33,1214.27
Mukki,1925,44.9,2.83,1033.01
Mukki,1926,85.49,3.78,1379.26
Mukki,1929,68.1,3.48,1269.65
Mukki,1933,63.78,4.13,1508.33
Mukki,1934,62.41,3.96,1446.97
Mukki,1943,80.59,3.99,1455.84
Mukki,1945,65.32,3.54,1291.56
Mukki,1946,64.66,3.52,1285.8
Mukki,1948,74.84,4.16,1523.99
Mukki,1949,65.63,4.12,1502.6
Mukki,1954,49.4,2.46,896.08
Mukki,1967,66.55,4.37,1593.77
Mukki,1968,88.12,2.7,986.47
Mukki,1969,62.85,2.73,994.71
Mukki,1970,65.37,4.13,1507.04
Mukki,1971,51.69,3.17,1157.92
Mukki,1972,53.08,2.53,927.25
Mukki,1973,79.12,3.82,1394.81
Mukki,1976,49.49,2.43,890.27
Mukki,1978,52.56,2.95,1077.51
Mukki,1979,78.29,2.42,884.39
Mukki,1980,50.87,2.89,1058.75
Mukki,1985,63.88,2.64,965.42
Mukki,1986,59.41,3.44,1256.82
Mukki,1987,51.2,2.65,967.13
Mukki,1989,72.38,2.83,1032.62
Mukki,1990,80.61,3.97,1450.64
Mukki,1992,58.35,2.46,899.94
Mukki,1995,67.56,3.14,1146.81
Mukki,1999,79.4,6.06,2211.33
Mukki,2013,57.61,3.24,1184.19
Mukki,2024,65.7,3.52,1287.99
Mukki,2025,60.76,3.01,1097.92
Mukkodlu,1907,76.81,5.18,1890.75
Mukkodlu,1908,62.96,3.97,1454.22
Mukkodlu,1909,84.03,4.53,1647.15
Mukkodlu,1910,85.29,4.76,1738.6
Mukkodlu,1911,93.67,4.65,1686.87
Mukkodlu,1912,63.2,4.98,1822.72
Mukkodlu,1915,68.04,4.43,1617.16
Mukkodlu,1917,44.87,3.84,1401.56
Mukkodlu,1920,60.43,4.46,1633.86
Mukkodlu,1921,66.09,4.95,1808.33
Mukkodlu,1922,60.06,4.53,1654.28
Mukkodlu,1923,88.66,5.94,2167.58
Mukkodlu,1925,81.92,5.06,1847.32
Mukkodlu,1926,70.55,4.21,1535.39
Mukkodlu,1929,83.54,4.72,1721.03
Mukkodlu,1933,53.42,4.6,1679.36
Mukkodlu,1934,38.24,2.95,1075.93
Mukkodlu,1943,54.77,4.11,1501.51
Mukkodlu,1945,67.26,2.91,1059.01
Mukkodlu,1946,90.38,5.03,1834.62
Mukkodlu,1948,73.23,4.73,1732.74
Mukkodlu,1949,40.76,2.84,1032.8
Mukkodlu,1954,73.01,4.08,1489.38
Mukkodlu,1967,82.9,3.56,1299.77
Mukkodlu,1968,54.73,3.15,1153.92
Mukkodlu,1969,95.24,3.89,1417.51
Mukkodlu,1970,71.98,4.26,1555.57
Mukkodlu,1971,40.55,3.19,1164.1
Mukkodlu,1972,56.78,3.88,1418.54
Mukkodlu,1973,57.55,3.99,1455.2
Mukkodlu,1976,53.35,2.55,933.54
Mukkodlu,1978,72.9,5.93,2164.85
Mukkodlu,1979,90.96,4.91,1788.43
Mukkodlu,1980,94.53,5.54,2015.58
Mukkodlu,1985,82.72,3.64,1327.18
Mukkodlu,1986,85.81,4.6,1677.84
Mukkodlu,1987,77.75,2.95,1075.71
Mukkodlu,1989,92.65,2.77,1010.66
Mukkodlu,1990,44.52,2.4,876.69
Mukkodlu,1992,49.21,3.69,1350.95
Mukkodlu,1995,44.23,2.25,820.39
Mukkodlu,1999,37.79,2.76,1009.05
Mukkodlu,2013,73.91,4.48,1634.02
Mukkodlu,2024,55.73,4.83,1767.53
Mukkodlu,2025,81.48,4.37,1594.91
Mundakayam_gd,1907,84.11,11.85,4267.01
Mundakayam_gd,1908,80.12,6.86,2511.5
Mundakayam_gd,1909,86.78,6.53,2377.18
Mundakayam_gd,1910,86.5,6.48,2366.0
Mundakayam_gd,1911,98.01,5.97,2166.9
Mundakayam_gd,1912,69.3,6.88,2518.44
Mundakayam_gd,1915,73.13,6.44,2336.94
Mundakayam_gd,1917,69.91,6.07,2216.45
Mundakayam_gd,1920,96.87,6.9,2527.13
Mundakayam_gd,1921,86.92,6.56,2393.18
Mundakayam_gd,1922,76.09,7.17,2608.98
Mundakayam_gd,1923,86.0,8.43,3077.89
Mundakayam_gd,1925,81.33,6.89,2508.53
Mundakayam_gd,1926,75.34,6.35,2318.87
Mundakayam_gd,1929,81.06,5.87,2138.45
Mundakayam_gd,1933,95.84,8.65,3158.88
Mundakayam_gd,1934,80.8,4.53,1648.5
Mundakayam_gd,1943,79.95,8.04,2925.38
Mundakayam_gd,1945,63.77,4.65,1696.11
Mundakayam_gd,1946,60.61,6.34,2315.74
Mundakayam_gd,1948,74.78,6.53,2390.32
Mundakayam_gd,1949,36.49,4.28,1560.92
Mundakayam_gd,1954,73.41,5.59,2039.86
Mundakayam_gd,1967,61.73,3.86,1408.67
Mundakayam_gd,1968,75.94,5.84,2135.97
Mundakayam_gd,1969,82.35,4.57,1667.07
Mundakayam_gd,1970,35.95,3.99,1457.94
Mundakayam_gd,1971,95.19,7.59,2770.38
Mundakayam_gd,1972,59.43,6.13,2241.93
Mundakayam_gd,1973,52.29,4.54,1655.4
Mundakayam_gd,1976,77.16,4.8,1756.39
Mundakayam_gd,1978,96.56,6.62,2411.48
Mundakayam_gd,1979,94.93,4.35,1586.62
Mundakayam_gd,1980,53.13,3.83,1401.34
Mundakayam_gd,1985,57.94,2.69,982.42
Mundakayam_gd,1986,37.56,1.66,604.09
Mundakayam_gd,1987,45.89,2.69,982.71
Mundakayam_gd,1989,51.85,2.64,962.76
Mundakayam_gd,1990,97.46,5.25,1915.9
Mundakayam_gd,1992,88.71,7.49,2734.13
Mundakayam_gd,1995,83.21,6.37,2326.75
Mundakayam_gd,1999,84.08,7.25,2646.5
Mundakayam_gd,2013,88.39,7.62,2774.58
Mundakayam_gd,2024,90.99,6.75,2470.67
Mundakayam_gd,2025,86.75,7.09,2575.41
Munugodu,1907,45.42,1.8,656.17
Munugodu,1908,39.85,1.79,655.11
Munugodu,1909,40.32,1.82,665.46
Munugodu,1910,95.1,2.58,941.48
Munugodu,1911,48.69,1.95,710.79
Munugodu,1912,59.86,1.86,680.31
Munugodu,1915,90.76,2.82,1026.62
Munugodu,1917,73.0,2.81,1024.75
Munugodu,1920,61.13,1.83,669.37
Munugodu,1921,42.73,1.97,717.99
Munugodu,1922,84.26,2.18,793.24
Munugodu,1923,93.57,2.14,781.66
Munugodu,1925,65.95,2.49,910.48
Munugodu,1926,50.35,1.8,656.65
Munugodu,1929,38.17,1.36,495.53
Munugodu,1933,89.14,2.32,846.94
Munugodu,1934,52.03,1.73,631.75
Munugodu,1943,84.09,2.49,910.21
Munugodu,1945,64.83,2.23,813.9
Munugodu,1946,53.89,2.13,772.67
Munugodu,1948,57.93,2.2,806.22
Munugodu,1949,58.0,2.31,842.65
Munugodu,1954,84.36,2.68,979.69
Munugodu,1967,56.02,2.3,841.03
Munugodu,1968,65.9,1.76,642.78
Munugodu,1969,64.54,2.73,988.54
Munugodu,1970,51.75,2.33,848.66
Munugodu,1971,52.32,1.77,644.79
Munugodu,1972,88.22,2.78,1016.43
Munugodu,1973,45.16,2.35,858.4
Munugodu,1976,71.67,2.33,854.52
Munugodu,1978,64.17,2.82,1027.97
Munugodu,1979,55.9,1.61,586.27
Munugodu,1980,90.79,2.24,821.39
Munugodu,1985,63.36,1.99,725.0
Munugodu,1986,53.68,1.58,576.86
Munugodu,1987,38.83,1.9,691.76
Munugodu,1989,56.44,2.13,774.39
Munugodu,1990,60.77,2.05,747.17
Munugodu,1992,43.52,1.67,609.74
Munugodu,1995,68.71,2.69,980.87
Munugodu,1999,55.75,2.33,850.44
Munugodu,2013,80.04,2.98,1085.69
Munugodu,2024,80.47,2.26,824.94
Munugodu,2025,95.78,3.12,1137.68
Murli,1907,51.02,2.25,821.24
Murli,1908,62.37,2.58,944.99
Murli,1909,49.44,2.08,760.77
Murli,1910,56.91,3.02,1102.25
Murli,1911,42.29,1.76,643.29
Murli,1912,49.38,2.02,740.75
Murli,1915,72.43,2.98,1087.01
Murli,1917,69.15,3.45,1259.84
Murli,1920,39.04,1.14,418.66
Murli,1921,63.3,2.56,934.81
Murli,1922,70.97,2.61,951.5
Murli,1923,55.93,2.42,881.58
Murli,1925,61.92,2.08,758.52
Murli,1926,46.82,2.5,911.38
Murli,1929,50.86,1.89,688.22
Murli,1933,43.35,3.38,1232.99
Murli,1934,60.17,2.9,1058.27
Murli,1943,51.53,2.07,757.07
Murli,1945,75.36,2.51,915.88
Murli,1946,89.28,2.52,919.94
Murli,1948,39.91,2.94,1077.61
Murli,1949,63.72,3.23,1178.46
Murli,1954,46.73,2.89,1053.22
Murli,1967,52.56,2.19,799.99
Murli,1968,47.29,2.2,805.33
Murli,1969,42.93,2.5,912.92
Murli,1970,67.24,3.11,1134.84
Murli,1971,52.7,1.63,596.57
Murli,1972,53.29,1.6,585.41
Murli,1973,61.92,2.86,1044.32
Murli,1976,75.71,2.04,745.38
Murli,1978,71.48,2.7,986.84
Murli,1979,75.28,2.25,821.91
Murli,1980,65.68,2.36,863.73
Murli,1985,56.24,1.88,684.72
Murli,1986,64.46,2.09,763.03
Murli,1987,45.48,2.36,863.18
Murli,1989,49.89,3.25,1187.93
Murli,1990,75.88,3.79,1382.79
Murli,1992,67.6,2.07,756.92
Murli,1995,47.24,2.55,931.29
Murli,1999,51.42,2.97,1083.82
Murli,2013,71.1,3.69,1347.58
Murli,2024,59.68,2.42,886.37
Murli,2025,66.74,2.98,1087.24
Muthanga__ponkuzhi_,1907,85.91,5.94,2169.3
Muthanga__ponkuzhi_,1908,48.35,4.22,1544.82
Muthanga__ponkuzhi_,1909,74.76,5.53,2012.44
Muthanga__ponkuzhi_,1910,80.24,5.9,2155.05
Muthanga__ponkuzhi_,1911,78.17,5.0,1813.53
Muthanga__ponkuzhi_,1912,73.58,4.82,1765.68
Muthanga__ponkuzhi_,1915,70.34,5.48,1998.49
Muthanga__ponkuzhi_,1917,51.9,4.86,1774.43
Muthanga__ponkuzhi_,1920,76.35,5.77,2110.45
Muthanga__ponkuzhi_,1921,94.71,5.44,1970.97
Muthanga__ponkuzhi_,1922,50.64,5.28,1925.56
Muthanga__ponkuzhi_,1923,84.12,6.41,2338.47
Muthanga__ponkuzhi_,1925,56.09,4.63,1689.59
Muthanga__ponkuzhi_,1926,84.41,4.25,1543.95
Muthanga__ponkuzhi_,1929,87.84,5.21,1900.13
Muthanga__ponkuzhi_,1933,70.26,6.52,2379.75
Muthanga__ponkuzhi_,1934,96.93,4.7,1714.13
Muthanga__ponkuzhi_,1943,63.87,5.27,1919.14
Muthanga__ponkuzhi_,1945,60.66,4.37,1591.45
Muthanga__ponkuzhi_,1946,73.37,7.17,2609.42
Muthanga__ponkuzhi_,1948,71.36,5.52,2019.74
Muthanga__ponkuzhi_,1949,75.59,5.03,1835.14
Muthanga__ponkuzhi_,1954,49.46,2.91,1063.84
Muthanga__ponkuzhi_,1967,39.31,2.67,974.64
Muthanga__ponkuzhi_,1968,32.6,2.87,1049.68
Muthanga__ponkuzhi_,1969,34.66,2.17,790.31
Muthanga__ponkuzhi_,1970,42.78,3.17,1158.62
Muthanga__ponkuzhi_,1971,51.01,4.24,1546.71
Muthanga__ponkuzhi_,1972,75.26,2.48,906.14
Muthanga__ponkuzhi_,1973,50.77,3.51,1279.73
Muthanga__ponkuzhi_,1976,83.36,3.53,1291.75
Muthanga__ponkuzhi_,1978,39.23,3.43,1250.06
Muthanga__ponkuzhi_,1979,36.76,2.77,1009.48
Muthanga__ponkuzhi_,1980,53.22,3.29,1203.0
Muthanga__ponkuzhi_,1985,44.6,2.39,873.98
Muthanga__ponkuzhi_,1986,43.33,3.03,1106.21
Muthanga__ponkuzhi_,1987,30.65,2.16,785.24
Muthanga__ponkuzhi_,1989,94.03,3.17,1155.39
Muthanga__ponkuzhi_,1990,37.22,2.16,786.92
Muthanga__ponkuzhi_,1992,67.52,2.89,1058.9
Muthanga__ponkuzhi_,1995,30.44,1.55,566.24
Muthanga__ponkuzhi_,1999,27.73,2.09,764.59
Muthanga__ponkuzhi_,2013,49.38,2.4,877.59
Muthanga__ponkuzhi_,2024,93.07,4.87,1783.85
Muthanga__ponkuzhi_,2025,90.13,4.85,1769.51
Muthankera,1907,97.86,8.57,3086.46
Muthankera,1908,92.74,6.34,2314.27
Muthankera,1909,90.62,6.99,2524.51
Muthankera,1910,89.77,7.29,2639.26
Muthankera,1911,97.63,6.18,2219.27
Muthankera,1912,94.5,7.73,2781.87
Muthankera,1915,96.16,7.66,2781.85
Muthankera,1917,77.58,6.6,2410.42
Muthankera,1920,93.69,7.07,2553.14
Muthankera,1921,94.32,6.99,2517.67
Muthankera,1922,89.35,7.36,2664.36
Muthankera,1923,98.25,8.02,2848.31
Muthankera,1925,88.76,6.96,2506.75
Muthankera,1926,93.14,6.33,2280.21
Muthankera,1929,75.3,7.43,2675.1
Muthankera,1933,96.48,10.87,3957.85
Muthankera,1934,96.27,6.64,2416.18
Muthankera,1943,98.71,7.74,2801.8
Muthankera,1945,80.58,6.45,2336.19
Muthankera,1946,91.26,9.92,3589.74
Muthankera,1948,83.96,8.85,3239.92
Muthankera,1949,79.36,7.86,2846.69
Muthankera,1954,74.4,4.85,1770.43
Muthankera,1967,47.23,3.06,1115.94
Muthankera,1968,41.48,4.49,1641.52
Muthankera,1969,72.76,3.8,1385.18
Muthankera,1970,46.89,3.89,1418.68
Muthankera,1971,41.01,3.47,1268.25
Muthankera,1972,41.21,4.29,1569.38
Muthankera,1973,51.17,3.98,1452.05
Muthankera,1976,55.46,3.84,1405.7
Muthankera,1978,61.94,4.65,1697.31
Muthankera,1979,58.22,4.54,1658.79
Muthankera,1980,58.1,4.72,1727.15
Muthankera,1985,49.81,3.42,1247.57
Muthankera,1986,58.33,3.7,1350.85
Muthankera,1987,65.56,2.8,1021.18
Muthankera,1989,70.88,3.29,1201.1
Muthankera,1990,30.5,2.83,1034.63
Muthankera,1992,74.07,4.45,1627.63
Muthankera,1995,47.99,3.43,1251.19
Muthankera,1999,74.67,5.13,1873.14
Muthankera,2013,69.32,5.18,1890.24
Muthankera,2024,75.86,4.8,1751.69
Muthankera,2025,90.76,5.27,1924.56
Nagaram,1907,76.41,2.59,944.47
Nagaram,1908,66.62,3.01,1102.83
Nagaram,1909,51.67,2.0,730.62
Nagaram,1910,63.95,2.8,1021.73
Nagaram,1911,45.09,1.62,592.78
Nagaram,1912,47.06,2.23,814.5
Nagaram,1915,69.57,2.87,1046.32
Nagaram,1917,97.79,3.65,1331.59
Nagaram,1920,42.86,1.12,408.5
Nagaram,1921,79.21,2.71,986.61
Nagaram,1922,58.99,2.59,944.7
Nagaram,1923,59.53,2.22,810.77
Nagaram,1925,87.47,3.71,1353.38
Nagaram,1926,51.69,2.11,769.39
Nagaram,1929,56.67,2.36,861.02
Nagaram,1933,71.67,3.61,1317.72
Nagaram,1934,48.64,2.71,989.72
Nagaram,1943,48.91,2.57,939.6
Nagaram,1945,64.07,2.93,1069.26
Nagaram,1946,75.13,2.46,898.22
Nagaram,1948,68.85,2.6,951.9
Nagaram,1949,74.23,3.37,1231.37
Nagaram,1954,98.66,2.46,899.42
Nagaram,1967,92.48,3.09,1127.83
Nagaram,1968,78.79,2.46,899.29
Nagaram,1969,94.76,3.56,1299.95
Nagaram,1970,92.96,3.14,1147.76
Nagaram,1971,64.91,2.15,783.84
Nagaram,1972,67.94,1.99,728.69
Nagaram,1973,65.65,2.77,1010.19
Nagaram,1976,55.35,2.52,920.81
Nagaram,1978,82.35,3.72,1356.28
Nagaram,1979,72.68,2.08,759.75
Nagaram,1980,54.38,1.84,672.37
Nagaram,1985,74.42,2.02,736.67
Nagaram,1986,90.31,2.52,913.29
Nagaram,1987,81.7,2.42,881.03
Nagaram,1989,69.49,2.84,1028.17
Nagaram,1990,61.38,2.97,1082.25
Nagaram,1992,38.14,1.96,717.87
Nagaram,1995,85.24,3.97,1446.73
Nagaram,1999,68.23,2.92,1066.9
Nagaram,2013,80.51,3.8,1380.69
Nagaram,2024,74.78,3.68,1348.22
Nagaram,2025,87.68,4.2,1534.55
Nagari,1907,79.93,3.19,1160.88
Nagari,1908,64.55,3.25,1180.15
Nagari,1909,88.07,3.42,1247.63
Nagari,1910,62.74,3.05,1105.98
Nagari,1911,58.22,2.45,889.22
Nagari,1912,84.47,2.69,982.83
Nagari,1915,95.32,3.26,1186.48
Nagari,1917,81.5,3.83,1398.91
Nagari,1920,54.15,1.83,668.14
Nagari,1921,89.52,3.05,1114.96
Nagari,1922,97.53,3.27,1190.93
Nagari,1923,67.68,2.8,1023.57
Nagari,1925,70.51,2.52,915.76
Nagari,1926,59.68,2.96,1079.67
Nagari,1929,66.85,2.6,949.67
Nagari,1933,96.59,4.1,1491.22
Nagari,1934,84.81,3.4,1232.59
Nagari,1943,44.33,2.68,976.66
Nagari,1945,76.01,2.99,1089.54
Nagari,1946,48.97,3.21,1173.4
Nagari,1948,95.73,3.41,1248.14
Nagari,1949,69.62,3.92,1430.78
Nagari,1954,89.96,3.14,1147.39
Nagari,1967,87.85,4.8,1746.7
Nagari,1968,75.61,4.36,1593.04
Nagari,1969,87.56,3.85,1405.23
Nagari,1970,80.86,4.92,1787.33
Nagari,1971,93.9,3.77,1377.74
Nagari,1972,84.18,2.54,929.08
Nagari,1973,83.17,3.19,1157.47
Nagari,1976,48.76,2.49,912.94
Nagari,1978,78.07,3.03,1106.21
Nagari,1979,75.75,2.74,999.7
Nagari,1980,54.35,2.76,1011.2
Nagari,1985,76.02,2.43,888.75
Nagari,1986,95.08,2.66,968.67
Nagari,1987,42.39,1.8,657.6
Nagari,1989,96.54,3.01,1097.32
Nagari,1990,86.06,3.73,1349.15
Nagari,1992,94.87,2.83,1028.63
Nagari,1995,69.8,3.16,1154.26
Nagari,1999,60.92,3.02,1098.08
Nagari,2013,98.1,3.63,1318.48
Nagari,2024,89.82,3.73,1363.97
Nagari,2025,61.87,3.51,1277.7
Nandalur,1907,45.67,1.87,684.05
Nandalur,1908,62.71,1.55,566.93
Nandalur,1909,57.53,2.3,838.14
Nandalur,1910,60.5,2.88,1050.65
Nandalur,1911,33.57,1.61,587.16
Nandalur,1912,72.94,2.04,745.13
Nandalur,1915,82.68,2.58,940.1
Nandalur,1917,60.05,2.72,992.69
Nandalur,1920,53.19,1.97,719.58
Nandalur,1921,45.4,2.1,766.87
Nandalur,1922,63.58,2.28,830.69
Nandalur,1923,55.92,1.35,490.96
Nandalur,1925,43.03,2.36,861.71
Nandalur,1926,43.84,2.18,794.06
Nandalur,1929,49.8,1.95,713.48
Nandalur,1933,71.27,1.69,617.03
Nandalur,1934,33.99,1.67,609.07
Nandalur,1943,79.56,3.07,1116.61
Nandalur,1945,29.8,1.56,567.72
Nandalur,1946,63.13,2.75,1002.86
Nandalur,1948,39.63,1.59,580.51
Nandalur,1949,57.53,2.25,820.88
Nandalur,1954,67.54,2.29,836.78
Nandalur,1967,48.79,2.07,754.52
Nandalur,1968,32.25,1.7,622.41
Nandalur,1969,74.59,2.68,977.28
Nandalur,1970,58.57,2.27,829.99
Nandalur,1971,34.02,1.59,581.73
Nandalur,1972,66.93,2.39,874.21
Nandalur,1973,34.98,1.88,685.84
Nandalur,1976,93.83,2.69,985.99
Nandalur,1978,82.86,2.43,886.3
Nandalur,1979,51.19,2.37,863.74
Nandalur,1980,63.46,1.79,654.64
Nandalur,1985,53.03,2.09,762.98
Nandalur,1986,41.39,1.79,652.98
Nandalur,1987,46.15,2.11,769.61
Nandalur,1989,50.49,1.85,674.08
Nandalur,1990,45.98,2.66,970.73
Nandalur,1992,23.42,1.51,553.81
Nandalur,1995,53.53,2.25,822.09
Nandalur,1999,27.89,1.45,527.72
Nandalur,2013,33.03,1.7,619.69
Nandalur,2024,54.47,2.79,1020.25
Nandalur,2025,53.22,2.91,1061.65
Nandipalli,1907,45.63,1.53,556.9
Nandipalli,1908,71.92,1.7,620.45
Nandipalli,1909,77.38,2.1,767.18
Nandipalli,1910,51.68,2.39,872.61
Nandipalli,1911,46.7,1.55,564.97
Nandipalli,1912,64.61,1.91,700.42
Nandipalli,1915,74.86,2.57,937.09
Nandipalli,1917,97.63,2.94,1072.26
Nandipalli,1920,39.73,1.64,601.27
Nandipalli,1921,51.35,1.93,704.01
Nandipalli,1922,51.8,2.08,757.45
Nandipalli,1923,43.81,1.42,518.12
Nandipalli,1925,66.71,2.96,1078.64
Nandipalli,1926,58.48,1.8,655.9
Nandipalli,1929,39.15,1.78,651.51
Nandipalli,1933,76.67,1.73,630.14
Nandipalli,1934,57.88,1.82,664.52
Nandipalli,1943,61.64,2.32,845.26
Nandipalli,1945,35.3,1.24,453.61
Nandipalli,1946,81.05,2.17,788.85
Nandipalli,1948,34.18,1.72,629.81
Nandipalli,1949,58.96,2.01,733.24
Nandipalli,1954,77.02,1.89,690.1
Nandipalli,1967,80.65,1.82,665.02
Nandipalli,1968,28.26,1.4,512.65
Nandipalli,1969,60.84,2.43,885.51
Nandipalli,1970,39.36,1.96,713.61
Nandipalli,1971,53.59,1.55,563.96
Nandipalli,1972,45.48,2.19,800.12
Nandipalli,1973,48.0,1.79,652.57
Nandipalli,1976,55.67,1.95,712.09
Nandipalli,1978,44.87,2.19,799.7
Nandipalli,1979,69.49,2.38,868.66
Nandipalli,1980,61.32,1.63,597.27
Nandipalli,1985,48.47,1.69,617.6
Nandipalli,1986,55.47,1.63,594.87
Nandipalli,1987,36.75,2.06,753.37
Nandipalli,1989,54.59,1.7,618.88
Nandipalli,1990,45.91,2.55,929.82
Nandipalli,1992,48.2,1.74,638.47
Nandipalli,1995,73.11,2.29,835.5
Nandipalli,1999,39.26,1.08,392.68
Nandipalli,2013,45.85,2.19,798.73
Nandipalli,2024,54.58,2.48,908.4
Nandipalli,2025,92.77,2.63,959.11
Nandre,1907,32.17,1.58,575.15
Nandre,1908,33.68,1.25,456.83
Nandre,1909,52.62,1.5,548.36
Nandre,1910,86.44,1.78,650.81
Nandre,1911,32.19,1.11,404.16
Nandre,1912,38.18,1.46,534.31
Nandre,1915,41.16,2.11,769.45
Nandre,1917,32.38,1.6,584.46
Nandre,1920,43.58,1.13,412.18
Nandre,1921,39.43,1.17,427.39
Nandre,1922,76.13,1.52,553.82
Nandre,1923,35.2,0.8,291.5
Nandre,1925,29.45,0.94,341.44
Nandre,1926,40.99,1.02,372.63
Nandre,1929,60.07,1.35,492.54
Nandre,1933,38.81,1.8,657.37
Nandre,1934,59.6,1.6,583.41
Nandre,1943,44.37,1.92,700.88
Nandre,1945,15.61,0.73,266.89
Nandre,1946,57.81,1.79,654.04
Nandre,1948,39.81,1.59,583.53
Nandre,1949,68.87,1.55,566.94
Nandre,1954,34.3,1.05,384.42
Nandre,1967,27.87,1.11,404.4
Nandre,1968,27.4,1.33,486.0
Nandre,1969,30.48,1.29,470.92
Nandre,1970,30.71,1.06,386.39
Nandre,1971,51.57,1.53,557.99
Nandre,1972,22.43,0.56,204.0
Nandre,1973,53.08,2.0,731.45
Nandre,1976,68.74,1.51,553.11
Nandre,1978,81.5,1.6,583.5
Nandre,1979,80.9,2.25,821.38
Nandre,1980,33.74,1.46,534.84
Nandre,1985,38.86,1.18,430.45
Nandre,1986,29.05,0.8,291.36
Nandre,1987,55.81,1.96,715.9
Nandre,1989,37.62,1.31,478.28
Nandre,1990,29.3,1.31,477.19
Nandre,1992,36.28,1.04,382.05
Nandre,1995,52.7,1.78,649.2
Nandre,1999,30.6,1.62,592.98
Nandre,2013,48.75,1.69,616.72
Nandre,2024,25.51,1.47,537.32
Nandre,2025,23.24,1.06,385.96
Narasingarayainpet,1907,64.57,2.19,799.77
Narasingarayainpet,1908,48.53,1.64,600.05
Narasingarayainpet,1909,89.32,3.18,1160.28
Narasingarayainpet,1910,80.41,3.11,1136.74
Narasingarayainpet,1911,47.0,1.98,723.98
Narasingarayainpet,1912,72.31,2.75,1008.18
Narasingarayainpet,1915,95.94,3.01,1097.43
Narasingarayainpet,1917,58.18,2.33,851.04
Narasingarayainpet,1920,49.31,2.29,837.34
Narasingarayainpet,1921,72.23,2.48,904.02
Narasingarayainpet,1922,85.82,2.71,989.18
Narasingarayainpet,1923,68.66,1.45,527.67
Narasingarayainpet,1925,40.31,2.65,965.81
Narasingarayainpet,1926,70.29,2.17,792.29
Narasingarayainpet,1929,81.95,2.01,734.36
Narasingarayainpet,1933,76.16,1.75,636.61
Narasingarayainpet,1934,61.51,2.27,830.0
Narasingarayainpet,1943,80.92,3.1,1128.87
Narasingarayainpet,1945,53.9,1.95,712.07
Narasingarayainpet,1946,87.93,3.45,1257.96
Narasingarayainpet,1948,43.63,1.89,692.95
Narasingarayainpet,1949,46.52,2.81,1026.46
Narasingarayainpet,1954,72.12,2.26,823.63
Narasingarayainpet,1967,94.73,2.19,798.94
Narasingarayainpet,1968,49.05,1.78,651.37
Narasingarayainpet,1969,65.39,2.33,851.49
Narasingarayainpet,1970,70.9,2.44,889.32
Narasingarayainpet,1971,41.09,2.25,821.76
Narasingarayainpet,1972,48.93,2.9,1060.18
Narasingarayainpet,1973,43.74,2.13,775.85
Narasingarayainpet,1976,85.47,2.54,926.21
Narasingarayainpet,1978,62.03,2.62,957.26
Narasingarayainpet,1979,65.69,2.74,1000.22
Narasingarayainpet,1980,71.11,1.63,595.67
Narasingarayainpet,1985,77.45,2.56,935.65
Narasingarayainpet,1986,34.67,1.97,718.04
Narasingarayainpet,1987,38.28,2.34,854.14
Narasingarayainpet,1989,51.71,2.33,849.36
Narasingarayainpet,1990,71.21,2.54,926.12
Narasingarayainpet,1992,63.47,2.27,829.84
Narasingarayainpet,1995,94.61,3.13,1142.97
Narasingarayainpet,1999,49.43,1.97,720.25
Narasingarayainpet,2013,61.77,2.98,1087.16
Narasingarayainpet,2024,55.47,3.31,1210.01
Narasingarayainpet,2025,76.16,3.47,1265.49
Narmadapuram,1907,50.98,2.66,972.37
Narmadapuram,1908,60.84,3.73,1365.29
Narmadapuram,1909,55.45,2.9,1059.29
Narmadapuram,1910,54.25,3.48,1270.63
Narmadapuram,1911,39.68,3.03,1106.1
Narmadapuram,1912,62.61,3.01,1103.05
Narmadapuram,1915,71.4,3.83,1398.26
Narmadapuram,1917,48.08,4.37,1595.27
Narmadapuram,1920,53.18,2.43,890.7
Narmadapuram,1921,45.13,3.02,1101.4
Narmadapuram,1922,41.68,3.17,1158.57
Narmadapuram,1923,66.02,3.78,1378.36
Narmadapuram,1925,49.85,3.23,1180.03
Narmadapuram,1926,49.97,4.07,1485.23
Narmadapuram,1929,74.98,3.45,1259.48
Narmadapuram,1933,63.94,3.99,1456.79
Narmadapuram,1934,57.97,4.23,1542.63
Narmadapuram,1943,54.97,3.75,1370.19
Narmadapuram,1945,69.16,3.86,1410.55
Narmadapuram,1946,67.29,3.83,1399.6
Narmadapuram,1948,54.03,4.04,1479.05
Narmadapuram,1949,39.85,3.71,1355.88
Narmadapuram,1954,53.56,3.14,1146.16
Narmadapuram,1967,40.08,3.57,1303.16
Narmadapuram,1968,53.34,2.78,1018.2
Narmadapuram,1969,69.61,3.48,1269.34
Narmadapuram,1970,63.78,4.12,1502.81
Narmadapuram,1971,51.94,4.03,1472.12
Narmadapuram,1972,58.71,2.74,1001.57
Narmadapuram,1973,66.94,4.05,1479.65
Narmadapuram,1976,39.82,2.82,1033.75
Narmadapuram,1978,45.84,3.66,1334.4
Narmadapuram,1979,56.82,2.21,805.85
Narmadapuram,1980,68.17,3.15,1153.94
Narmadapuram,1985,61.8,3.03,1105.12
Narmadapuram,1986,46.95,3.04,1110.5
Narmadapuram,1987,54.68,2.6,948.11
Narmadapuram,1989,45.15,2.43,887.81
Narmadapuram,1990,43.91,3.98,1451.01
Narmadapuram,1992,59.11,2.65,968.17
Narmadapuram,1995,43.99,2.62,957.41
Narmadapuram,1999,67.74,4.36,1591.84
Narmadapuram,2013,66.31,4.53,1652.32
Narmadapuram,2024,62.04,3.66,1341.26
Narmadapuram,2025,58.63,3.85,1405.27
Navalgund,1907,33.21,1.49,543.63
Navalgund,1908,26.36,1.19,434.96
Navalgund,1909,29.66,1.61,587.79
Navalgund,1910,46.95,1.99,726.1
Navalgund,1911,31.33,1.18,432.15
Navalgund,1912,46.74,2.15,787.88
Navalgund,1915,49.94,2.04,745.89
Navalgund,1917,54.88,1.99,725.41
Navalgund,1920,39.98,1.43,523.0
Navalgund,1921,53.07,1.4,510.41
Navalgund,1922,28.05,1.36,496.16
Navalgund,1923,28.51,1.39,506.52
Navalgund,1925,29.77,1.64,597.75
Navalgund,1926,53.91,1.19,432.65
Navalgund,1929,44.23,1.63,594.32
Navalgund,1933,48.45,2.44,891.91
Navalgund,1934,42.16,1.14,416.63
Navalgund,1943,76.18,2.26,824.52
Navalgund,1945,23.84,1.04,381.07
Navalgund,1946,48.34,2.21,805.11
Navalgund,1948,39.28,1.68,616.11
Navalgund,1949,44.97,1.49,543.55
Navalgund,1954,30.07,1.86,677.22
Navalgund,1967,42.04,1.82,665.54
Navalgund,1968,35.51,2.07,757.0
Navalgund,1969,34.48,1.78,651.23
Navalgund,1970,33.84,1.72,629.52
Navalgund,1971,31.7,1.54,563.39
Navalgund,1972,33.42,1.52,556.97
Navalgund,1973,46.03,1.81,659.77
Navalgund,1976,27.91,1.29,471.3
Navalgund,1978,52.68,2.1,765.86
Navalgund,1979,49.86,2.62,957.33
Navalgund,1980,43.52,1.86,681.47
Navalgund,1985,24.98,1.23,449.97
Navalgund,1986,36.21,1.7,620.4
Navalgund,1987,34.35,1.66,605.66
Navalgund,1989,39.57,1.1,400.48
Navalgund,1990,16.99,0.93,338.56
Navalgund,1992,55.78,1.45,530.63
Navalgund,1995,28.75,1.41,513.98
Navalgund,1999,30.69,1.25,455.2
Navalgund,2013,24.0,1.64,598.28
Navalgund,2024,31.55,2.13,777.89
Navalgund,2025,66.95,2.4,874.36
Noornagar,1907,71.17,2.45,895.37
Noornagar,1908,55.06,3.07,1118.8
Noornagar,1909,62.5,2.74,999.06
Noornagar,1910,69.39,3.2,1163.2
Noornagar,1911,75.89,3.43,1247.25
Noornagar,1912,68.41,2.57,933.9
Noornagar,1915,77.02,4.0,1460.71
Noornagar,1917,66.47,4.25,1552.4
Noornagar,1920,76.89,2.46,900.57
Noornagar,1921,62.45,3.17,1155.71
Noornagar,1922,49.74,3.27,1192.89
Noornagar,1923,84.86,3.79,1383.11
Noornagar,1925,56.78,2.9,1057.74
Noornagar,1926,60.86,4.01,1465.24
Noornagar,1929,79.56,3.29,1199.74
Noornagar,1933,88.83,4.22,1541.47
Noornagar,1934,58.28,4.04,1473.29
Noornagar,1943,73.28,3.27,1195.19
Noornagar,1945,73.09,3.53,1286.58
Noornagar,1946,93.82,4.61,1682.9
Noornagar,1948,72.81,3.83,1400.63
Noornagar,1949,51.22,3.44,1256.36
Noornagar,1954,79.66,2.94,1073.3
Noornagar,1967,70.03,3.55,1295.41
Noornagar,1968,56.66,2.47,902.43
Noornagar,1969,96.88,3.89,1419.04
Noornagar,1970,70.03,3.79,1382.55
Noornagar,1971,54.13,2.75,1004.89
Noornagar,1972,66.99,2.32,845.3
Noornagar,1973,92.27,3.95,1432.89
Noornagar,1976,45.18,1.67,611.62
Noornagar,1978,68.26,2.0,731.81
Noornagar,1979,67.96,2.11,768.72
Noornagar,1980,89.63,2.8,1022.88
Noornagar,1985,87.03,3.15,1150.68
Noornagar,1986,63.61,2.55,924.28
Noornagar,1987,82.01,2.1,766.85
Noornagar,1989,68.82,2.48,904.05
Noornagar,1990,94.7,3.66,1335.78
Noornagar,1992,88.97,2.29,839.3
Noornagar,1995,80.16,2.28,833.68
Noornagar,1999,94.95,4.7,1709.42
Noornagar,2013,69.63,3.99,1448.62
Noornagar,2024,79.86,3.5,1279.39
Noornagar,2025,78.76,4.11,1497.03
Odendurai,1907,48.12,3.42,1249.84
Odendurai,1908,59.5,2.44,893.21
Odendurai,1909,67.49,2.89,1053.36
Odendurai,1910,55.54,3.39,1236.21
Odendurai,1911,71.84,2.74,1000.23
Odendurai,1912,62.26,2.95,1077.94
Odendurai,1915,58.66,4.07,1487.11
Odendurai,1917,47.56,3.06,1117.33
Odendurai,1920,69.44,2.46,901.88
Odendurai,1921,50.69,2.98,1085.97
Odendurai,1922,56.61,3.19,1164.46
Odendurai,1923,31.58,2.36,861.12
Odendurai,1925,77.28,3.32,1212.63
Odendurai,1926,71.98,2.6,949.79
Odendurai,1929,53.6,3.61,1316.18
Odendurai,1933,83.95,3.45,1260.26
Odendurai,1934,49.28,2.71,987.82
Odendurai,1943,57.66,2.96,1081.08
Odendurai,1945,70.4,2.71,987.87
Odendurai,1946,39.44,3.51,1282.31
Odendurai,1948,52.02,3.06,1119.96
Odendurai,1949,27.61,2.03,741.68
Odendurai,1954,52.18,3.02,1103.16
Odendurai,1967,44.98,2.21,807.94
Odendurai,1968,52.78,2.93,1070.8
Odendurai,1969,82.76,3.21,1171.9
Odendurai,1970,35.99,2.36,862.2
Odendurai,1971,69.82,3.5,1278.53
Odendurai,1972,75.17,2.94,1071.8
Odendurai,1973,60.01,3.11,1134.52
Odendurai,1976,55.21,2.45,898.21
Odendurai,1978,80.2,2.53,919.98
Odendurai,1979,65.72,4.97,1814.54
Odendurai,1980,44.58,2.31,845.75
Odendurai,1985,66.67,2.33,850.88
Odendurai,1986,58.39,3.06,1117.0
Odendurai,1987,65.9,3.28,1196.25
Odendurai,1989,40.1,2.5,911.37
Odendurai,1990,54.75,2.91,1062.77
Odendurai,1992,49.97,2.92,1066.7
Odendurai,1995,37.97,2.36,862.22
Odendurai,1999,88.61,4.02,1468.32
Odendurai,2013,50.99,3.01,1099.19
Odendurai,2024,82.58,5.74,2094.51
Odendurai,2025,95.44,5.61,2037.67
Orsang_at_bodeli,1907,56.52,1.83,668.38
Orsang_at_bodeli,1908,84.08,2.82,1030.47
Orsang_at_bodeli,1909,87.18,2.39,871.06
Orsang_at_bodeli,1910,91.42,3.86,1408.58
Orsang_at_bodeli,1911,47.63,1.13,413.45
Orsang_at_bodeli,1912,68.75,3.3,1209.55
Orsang_at_bodeli,1915,75.2,2.28,833.83
Orsang_at_bodeli,1917,82.38,4.07,1486.36
Orsang_at_bodeli,1920,62.91,2.34,854.78
Orsang_at_bodeli,1921,66.66,3.51,1280.06
Orsang_at_bodeli,1922,47.69,2.49,910.09
Orsang_at_bodeli,1923,53.09,1.76,643.12
Orsang_at_bodeli,1925,65.04,1.71,623.96
Orsang_at_bodeli,1926,63.95,2.92,1066.69
Orsang_at_bodeli,1929,53.35,1.76,643.53
Orsang_at_bodeli,1933,79.44,2.87,1044.48
Orsang_at_bodeli,1934,50.72,2.62,957.58
Orsang_at_bodeli,1943,73.13,2.77,1010.49
Orsang_at_bodeli,1945,96.03,3.28,1192.06
Orsang_at_bodeli,1946,58.98,3.41,1243.81
Orsang_at_bodeli,1948,34.16,2.06,755.12
Orsang_at_bodeli,1949,83.04,3.15,1148.09
Orsang_at_bodeli,1954,83.03,3.31,1201.0
Orsang_at_bodeli,1967,85.22,2.48,901.74
Orsang_at_bodeli,1968,67.81,1.77,647.5
Orsang_at_bodeli,1969,82.23,2.75,1004.62
Orsang_at_bodeli,1970,78.05,3.3,1203.5
Orsang_at_bodeli,1971,41.42,1.61,586.58
Orsang_at_bodeli,1972,60.95,1.47,537.06
Orsang_at_bodeli,1973,86.08,4.33,1576.45
Orsang_at_bodeli,1976,83.06,4.04,1473.21
Orsang_at_bodeli,1978,76.21,3.06,1117.64
Orsang_at_bodeli,1979,90.59,2.02,736.34
Orsang_at_bodeli,1980,56.16,2.41,883.25
Orsang_at_bodeli,1985,45.12,1.34,490.23
Orsang_at_bodeli,1986,29.3,1.23,449.73
Orsang_at_bodeli,1987,44.26,1.17,427.45
Orsang_at_bodeli,1989,75.27,1.92,697.58
Orsang_at_bodeli,1990,74.2,3.05,1109.37
Orsang_at_bodeli,1992,47.54,2.08,760.15
Orsang_at_bodeli,1995,50.77,1.92,701.86
Orsang_at_bodeli,1999,58.63,1.5,549.15
Orsang_at_bodeli,2013,75.8,3.35,1222.61
Orsang_at_bodeli,2024,90.15,4.18,1530.43
Orsang_at_bodeli,2025,69.71,3.97,1448.34
Ozerkheda,1907,87.65,4.73,1697.06
Ozerkheda,1908,95.59,5.72,2082.03
Ozerkheda,1909,96.77,5.85,2118.54
Ozerkheda,1910,86.93,5.13,1863.6
Ozerkheda,1911,98.46,4.52,1651.6
Ozerkheda,1912,90.67,4.66,1674.14
Ozerkheda,1915,91.28,4.57,1663.71
Ozerkheda,1917,83.99,8.89,3217.56
Ozerkheda,1920,65.13,4.59,1679.16
Ozerkheda,1921,97.36,4.87,1771.96
Ozerkheda,1922,81.5,6.44,2352.08
Ozerkheda,1923,68.93,4.89,1774.38
Ozerkheda,1925,67.48,4.91,1785.73
Ozerkheda,1926,93.61,5.84,2112.93
Ozerkheda,1929,61.77,4.61,1678.49
Ozerkheda,1933,92.84,6.21,2228.33
Ozerkheda,1934,92.8,5.99,2179.52
Ozerkheda,1943,96.54,6.14,2221.79
Ozerkheda,1945,96.77,6.37,2305.33
Ozerkheda,1946,77.24,6.35,2278.03
Ozerkheda,1948,91.85,5.88,2129.17
Ozerkheda,1949,92.05,6.74,2458.89
Ozerkheda,1954,92.09,6.1,2188.8
Ozerkheda,1967,86.69,6.4,2297.9
Ozerkheda,1968,98.56,5.6,2027.19
Ozerkheda,1969,88.33,6.22,2240.25
Ozerkheda,1970,94.56,6.59,2378.25
Ozerkheda,1971,93.17,5.9,2142.4
Ozerkheda,1972,95.33,3.93,1430.44
Ozerkheda,1973,93.37,6.4,2297.61
Ozerkheda,1976,96.65,5.97,2118.93
Ozerkheda,1978,68.84,4.43,1603.59
Ozerkheda,1979,97.54,5.08,1834.08
Ozerkheda,1980,96.43,5.99,2180.31
Ozerkheda,1985,92.5,4.94,1781.67
Ozerkheda,1986,97.23,3.92,1419.99
Ozerkheda,1987,90.86,4.1,1493.83
Ozerkheda,1989,75.99,4.27,1550.93
Ozerkheda,1990,92.86,6.4,2329.86
Ozerkheda,1992,92.35,4.8,1753.81
Ozerkheda,1995,86.14,4.27,1554.47
Ozerkheda,1999,65.15,4.63,1679.37
Ozerkheda,2013,96.84,6.74,2441.15
Ozerkheda,2024,93.12,6.24,2239.07
Ozerkheda,2025,90.83,6.78,2421.77
Pachegaon,1907,33.41,1.52,555.85
Pachegaon,1908,35.43,1.36,498.94
Pachegaon,1909,39.65,1.51,551.3
Pachegaon,1910,64.54,2.48,905.8
Pachegaon,1911,36.96,1.18,429.01
Pachegaon,1912,43.16,1.26,461.53
Pachegaon,1915,53.29,2.21,807.27
Pachegaon,1917,38.51,1.8,655.73
Pachegaon,1920,33.26,0.96,352.95
Pachegaon,1921,40.15,1.24,453.28
Pachegaon,1922,48.25,1.5,546.94
Pachegaon,1923,40.47,1.32,481.5
Pachegaon,1925,29.42,1.23,448.15
Pachegaon,1926,51.77,1.36,495.35
Pachegaon,1929,36.59,1.19,434.0
Pachegaon,1933,58.55,2.38,870.33
Pachegaon,1934,59.14,1.82,664.33
Pachegaon,1943,73.31,2.35,856.72
Pachegaon,1945,39.19,1.16,421.74
Pachegaon,1946,38.95,1.79,651.53
Pachegaon,1948,59.55,2.48,907.69
Pachegaon,1949,53.14,1.84,671.97
Pachegaon,1954,57.57,1.7,621.89
Pachegaon,1967,36.79,1.66,605.81
Pachegaon,1968,32.81,1.72,629.99
Pachegaon,1969,43.44,2.09,762.45
Pachegaon,1970,20.94,1.5,546.11
Pachegaon,1971,71.94,1.41,515.9
Pachegaon,1972,28.52,0.6,218.85
Pachegaon,1973,62.18,1.64,597.89
Pachegaon,1976,34.73,1.56,569.47
Pachegaon,1978,21.04,1.12,408.42
Pachegaon,1979,37.84,1.94,707.82
Pachegaon,1980,31.86,1.69,616.78
Pachegaon,1985,33.23,0.89,323.29
Pachegaon,1986,27.15,0.75,273.44
Pachegaon,1987,29.78,1.12,407.24
Pachegaon,1989,64.88,1.56,571.0
Pachegaon,1990,60.27,2.15,785.03
Pachegaon,1992,62.63,1.24,452.41
Pachegaon,1995,48.28,1.37,500.7
Pachegaon,1999,53.76,2.67,975.24
Pachegaon,2013,37.38,1.75,637.52
Pachegaon,2024,67.08,2.36,865.36
Pachegaon,2025,76.13,2.5,913.83
Padampur,1907,76.38,3.36,1223.05
Padampur,1908,72.44,3.4,1245.99
Padampur,1909,53.95,3.45,1257.02
Padampur,1910,53.27,3.22,1172.09
Padampur,1911,93.52,3.93,1435.78
Padampur,1912,70.21,3.38,1237.43
Padampur,1915,90.69,3.07,1117.47
Padampur,1917,88.61,4.87,1771.63
Padampur,1920,89.6,4.05,1483.99
Padampur,1921,70.61,3.37,1229.7
Padampur,1922,71.74,3.81,1392.35
Padampur,1923,57.23,2.93,1068.86
Padampur,1925,53.77,4.09,1484.18
Padampur,1926,77.31,4.59,1674.34
Padampur,1929,89.98,4.26,1547.1
Padampur,1933,77.9,4.81,1756.65
Padampur,1934,71.06,3.57,1294.42
Padampur,1943,71.66,4.22,1540.26
Padampur,1945,73.9,4.13,1506.24
Padampur,1946,71.98,4.26,1551.11
Padampur,1948,63.47,3.1,1134.6
Padampur,1949,84.1,4.01,1464.93
Padampur,1954,51.97,2.87,1048.35
Padampur,1967,64.84,3.9,1422.49
Padampur,1968,84.73,3.06,1118.94
Padampur,1969,48.33,2.74,1000.16
Padampur,1970,54.54,3.59,1309.9
Padampur,1971,69.9,3.19,1165.76
Padampur,1972,55.42,2.85,1043.47
Padampur,1973,62.26,3.49,1272.98
Padampur,1976,57.48,3.07,1125.34
Padampur,1978,44.22,2.9,1059.37
Padampur,1979,47.78,2.09,763.62
Padampur,1980,45.42,3.32,1214.55
Padampur,1985,84.96,4.21,1535.62
Padampur,1986,70.76,3.97,1448.78
Padampur,1987,76.88,2.67,973.52
Padampur,1989,81.57,3.42,1249.31
Padampur,1990,72.21,4.37,1596.77
Padampur,1992,92.12,2.69,981.56
Padampur,1995,60.62,2.51,915.07
Padampur,1999,55.43,2.51,915.21
Padampur,2013,92.44,3.53,1288.65
Padampur,2024,54.99,2.95,1079.56
Padampur,2025,80.72,3.2,1168.49
Palakmati_at_sohagpur,1907,62.9,2.63,952.89
Palakmati_at_sohagpur,1908,86.22,3.65,1337.34
Palakmati_at_sohagpur,1909,90.14,2.92,1065.76
Palakmati_at_sohagpur,1910,90.78,4.06,1482.33
Palakmati_at_sohagpur,1911,67.23,3.42,1243.43
Palakmati_at_sohagpur,1912,97.92,3.21,1172.04
Palakmati_at_sohagpur,1915,96.0,4.89,1784.08
Palakmati_at_sohagpur,1917,92.99,5.15,1874.99
Palakmati_at_sohagpur,1920,75.06,2.5,913.85
Palakmati_at_sohagpur,1921,88.5,3.18,1157.76
Palakmati_at_sohagpur,1922,61.83,3.48,1270.18
Palakmati_at_sohagpur,1923,91.35,3.68,1326.95
Palakmati_at_sohagpur,1925,73.57,3.23,1176.15
Palakmati_at_sohagpur,1926,79.61,3.8,1382.94
Palakmati_at_sohagpur,1929,93.77,3.68,1342.05
Palakmati_at_sohagpur,1933,87.15,4.07,1468.08
Palakmati_at_sohagpur,1934,85.04,4.61,1668.49
Palakmati_at_sohagpur,1943,83.1,4.43,1613.08
Palakmati_at_sohagpur,1945,94.57,4.77,1741.95
Palakmati_at_sohagpur,1946,94.66,4.14,1507.71
Palakmati_at_sohagpur,1948,73.69,4.45,1619.53
Palakmati_at_sohagpur,1949,97.02,4.16,1518.76
Palakmati_at_sohagpur,1954,90.23,3.41,1242.86
Palakmati_at_sohagpur,1967,76.23,4.35,1587.57
Palakmati_at_sohagpur,1968,76.87,3.64,1333.19
Palakmati_at_sohagpur,1969,91.99,4.07,1469.76
Palakmati_at_sohagpur,1970,85.08,3.98,1429.35
Palakmati_at_sohagpur,1971,75.96,4.24,1544.87
Palakmati_at_sohagpur,1972,93.0,3.14,1143.34
Palakmati_at_sohagpur,1973,96.98,4.79,1735.56
Palakmati_at_sohagpur,1976,86.32,3.3,1209.3
Palakmati_at_sohagpur,1978,87.27,4.72,1716.38
Palakmati_at_sohagpur,1979,84.79,2.74,999.32
Palakmati_at_sohagpur,1980,71.52,3.04,1108.04
Palakmati_at_sohagpur,1985,91.23,3.29,1199.47
Palakmati_at_sohagpur,1986,87.56,3.86,1408.73
Palakmati_at_sohagpur,1987,89.31,2.19,796.89
Palakmati_at_sohagpur,1989,85.54,2.8,1020.68
Palakmati_at_sohagpur,1990,77.98,4.18,1524.9
Palakmati_at_sohagpur,1992,78.4,2.42,885.43
Palakmati_at_sohagpur,1995,61.58,2.39,871.35
Palakmati_at_sohagpur,1999,95.92,4.82,1749.97
Palakmati_at_sohagpur,2013,93.81,5.36,1939.85
Palakmati_at_sohagpur,2024,84.28,4.69,1711.2
Palakmati_at_sohagpur,2025,96.22,5.02,1822.89
Paleru_bridge,1907,82.21,2.16,786.85
Paleru_bridge,1908,40.21,2.32,849.9
Paleru_bridge,1909,30.87,1.93,704.96
Paleru_bridge,1910,47.4,2.77,1011.25
Paleru_bridge,1911,48.55,1.98,721.1
Paleru_bridge,1912,46.93,2.05,749.95
Paleru_bridge,1915,84.94,3.28,1196.57
Paleru_bridge,1917,67.78,3.3,1205.54
Paleru_bridge,1920,36.56,1.45,531.32
Paleru_bridge,1921,72.14,2.64,963.71
Paleru_bridge,1922,41.14,2.14,782.23
Paleru_bridge,1923,58.52,2.17,790.84
Paleru_bridge,1925,68.67,2.96,1079.54
Paleru_bridge,1926,33.72,1.71,622.71
Paleru_bridge,1929,51.04,1.78,651.38
Paleru_bridge,1933,86.35,2.97,1085.08
Paleru_bridge,1934,47.57,2.31,842.06
Paleru_bridge,1943,39.68,2.16,786.85
Paleru_bridge,1945,56.62,2.39,873.39
Paleru_bridge,1946,70.42,2.47,902.64
Paleru_bridge,1948,40.18,2.28,835.41
Paleru_bridge,1949,40.25,2.4,876.13
Paleru_bridge,1954,76.71,2.82,1030.25
Paleru_bridge,1967,46.65,2.49,909.82
Paleru_bridge,1968,50.21,1.83,669.99
Paleru_bridge,1969,63.39,3.04,1106.65
Paleru_bridge,1970,62.24,2.95,1076.5
Paleru_bridge,1971,32.07,2.04,746.4
Paleru_bridge,1972,38.77,1.59,582.73
Paleru_bridge,1973,47.6,2.25,822.17
Paleru_bridge,1976,44.34,2.78,1017.9
Paleru_bridge,1978,76.59,3.54,1292.43
Paleru_bridge,1979,46.14,1.81,660.01
Paleru_bridge,1980,47.73,2.33,852.54
Paleru_bridge,1985,63.55,2.52,919.59
Paleru_bridge,1986,95.28,2.56,934.36
Paleru_bridge,1987,69.71,2.49,907.36
Paleru_bridge,1989,87.31,3.48,1268.87
Paleru_bridge,1990,71.42,3.55,1296.66
Paleru_bridge,1992,53.57,1.99,727.18
Paleru_bridge,1995,63.66,2.59,944.22
Paleru_bridge,1999,59.11,2.47,900.55
Paleru_bridge,2013,53.11,2.71,990.72
Paleru_bridge,2024,55.62,2.97,1084.52
Paleru_bridge,2025,58.45,3.64,1329.22
Pallamala,1907,96.1,2.8,1021.97
Pallamala,1908,71.75,2.09,758.39
Pallamala,1909,87.19,2.48,901.28
Pallamala,1910,81.95,2.69,977.35
Pallamala,1911,66.33,2.15,782.23
Pallamala,1912,83.88,2.49,905.26
Pallamala,1915,75.26,2.57,936.03
Pallamala,1917,75.16,3.45,1257.33
Pallamala,1920,95.79,3.53,1284.02
Pallamala,1921,83.31,2.94,1072.92
Pallamala,1922,94.18,3.0,1088.08
Pallamala,1923,78.1,2.24,816.14
Pallamala,1925,94.44,4.44,1619.9
Pallamala,1926,81.25,2.57,936.27
Pallamala,1929,93.8,3.19,1162.59
Pallamala,1933,67.15,1.89,688.55
Pallamala,1934,52.68,2.03,736.79
Pallamala,1943,76.22,2.66,959.86
Pallamala,1945,70.82,2.67,974.41
Pallamala,1946,91.8,4.89,1773.52
Pallamala,1948,73.98,2.39,874.08
Pallamala,1949,92.69,2.72,991.19
Pallamala,1954,89.37,3.04,1111.19
Pallamala,1967,83.14,2.62,954.65
Pallamala,1968,57.41,2.01,734.68
Pallamala,1969,76.54,2.38,858.4
Pallamala,1970,87.26,2.72,988.14
Pallamala,1971,74.41,2.6,946.2
Pallamala,1972,98.29,3.11,1135.47
Pallamala,1973,58.3,2.52,921.27
Pallamala,1976,93.69,3.11,1133.85
Pallamala,1978,83.28,3.42,1243.4
Pallamala,1979,89.58,3.55,1285.88
Pallamala,1980,75.35,3.07,1116.95
Pallamala,1985,84.87,3.18,1155.72
Pallamala,1986,89.02,2.84,1036.96
Pallamala,1987,82.77,3.55,1288.06
Pallamala,1989,94.31,2.28,828.25
Pallamala,1990,88.53,3.81,1389.13
Pallamala,1992,49.95,2.22,811.5
Pallamala,1995,93.35,2.9,1058.12
Pallamala,1999,50.36,2.3,837.92
Pallamala,2013,66.76,3.16,1152.84
Pallamala,2024,94.04,3.41,1244.6
Pallamala,2025,92.02,4.68,1709.53
Pallippady,1907,88.13,8.59,3117.37
Pallippady,1908,69.53,5.89,2156.47
Pallippady,1909,46.95,5.98,2178.54
Pallippady,1910,58.36,6.81,2484.1
Pallippady,1911,90.64,6.22,2271.57
Pallippady,1912,76.17,6.5,2379.65
Pallippady,1915,73.35,6.82,2488.56
Pallippady,1917,66.59,5.76,2101.02
Pallippady,1920,73.61,7.13,2593.55
Pallippady,1921,75.98,5.86,2132.43
Pallippady,1922,96.02,7.48,2714.55
Pallippady,1923,78.87,8.7,3166.82
Pallippady,1925,80.68,6.77,2469.64
Pallippady,1926,97.81,6.29,2294.23
Pallippady,1929,81.91,7.69,2807.89
Pallippady,1933,86.18,10.07,3664.67
Pallippady,1934,78.34,5.58,2035.93
Pallippady,1943,98.23,15.39,5556.83
Pallippady,1945,96.8,10.22,3719.1
Pallippady,1946,94.9,14.56,5314.95
Pallippady,1948,97.86,10.72,3879.12
Pallippady,1949,90.98,10.71,3908.21
Pallippady,1954,90.42,12.87,4698.92
Pallippady,1967,83.09,7.07,2579.68
Pallippady,1968,95.16,8.98,3267.64
Pallippady,1969,93.48,10.32,3754.88
Pallippady,1970,66.91,6.24,2278.1
Pallippady,1971,73.92,8.01,2922.28
Pallippady,1972,91.11,9.47,3465.16
Pallippady,1973,80.16,8.7,3166.34
Pallippady,1976,76.9,5.47,2003.11
Pallippady,1978,80.26,6.97,2542.71
Pallippady,1979,50.64,5.39,1966.14
Pallippady,1980,95.14,12.06,4376.95
Pallippady,1985,94.59,9.0,3247.92
Pallippady,1986,98.76,7.57,2761.66
Pallippady,1987,74.07,6.24,2279.08
Pallippady,1989,61.89,6.11,2216.27
Pallippady,1990,97.15,8.99,3263.88
Pallippady,1992,97.77,7.94,2849.66
Pallippady,1995,88.96,7.94,2890.08
Pallippady,1999,91.51,9.54,3480.42
Pallippady,2013,85.65,10.25,3698.82
Pallippady,2024,83.8,8.2,2974.98
Pallippady,2025,97.92,10.31,3722.57
Panam_at_santrod,1907,60.51,1.99,727.71
Panam_at_santrod,1908,63.33,2.75,1006.71
Panam_at_santrod,1909,84.14,2.54,928.39
Panam_at_santrod,1910,79.02,3.15,1146.18
Panam_at_santrod,1911,24.7,0.89,325.18
Panam_at_santrod,1912,65.51,3.02,1105.85
Panam_at_santrod,1915,51.42,1.78,649.45
Panam_at_santrod,1917,71.98,3.74,1360.65
Panam_at_santrod,1920,60.66,2.05,750.02
Panam_at_santrod,1921,76.38,3.24,1180.67
Panam_at_santrod,1922,69.16,2.42,881.6
Panam_at_santrod,1923,45.73,1.58,575.59
Panam_at_santrod,1925,52.8,1.51,549.63
Panam_at_santrod,1926,54.36,2.9,1058.46
Panam_at_santrod,1929,58.85,1.97,719.36
Panam_at_santrod,1933,66.83,2.87,1043.73
Panam_at_santrod,1934,51.98,2.64,962.22
Panam_at_santrod,1943,70.3,2.6,947.52
Panam_at_santrod,1945,95.12,3.12,1135.64
Panam_at_santrod,1946,42.11,3.0,1094.65
Panam_at_santrod,1948,46.16,1.75,641.33
Panam_at_santrod,1949,69.63,2.81,1027.34
Panam_at_santrod,1954,79.05,3.05,1109.39
Panam_at_santrod,1967,55.22,2.46,894.23
Panam_at_santrod,1968,73.14,1.92,701.96
Panam_at_santrod,1969,61.31,2.08,758.96
Panam_at_santrod,1970,69.86,3.11,1134.73
Panam_at_santrod,1971,59.71,2.02,736.76
Panam_at_santrod,1972,53.24,1.29,473.17
Panam_at_santrod,1973,97.46,4.09,1485.28
Panam_at_santrod,1976,76.31,4.03,1461.36
Panam_at_santrod,1978,69.9,1.82,659.96
Panam_at_santrod,1979,91.28,2.09,762.35
Panam_at_santrod,1980,87.07,2.16,791.08
Panam_at_santrod,1985,24.59,0.84,305.8
Panam_at_santrod,1986,43.24,1.16,424.02
Panam_at_santrod,1987,50.28,1.2,436.53
Panam_at_santrod,1989,65.26,2.01,732.52
Panam_at_santrod,1990,57.41,2.49,905.57
Panam_at_santrod,1992,55.47,1.74,635.53
Panam_at_santrod,1995,62.87,1.49,542.96
Panam_at_santrod,1999,43.6,1.33,486.41
Panam_at_santrod,2013,77.3,2.41,880.88
Panam_at_santrod,2024,79.2,2.3,838.38
Panam_at_santrod,2025,98.01,2.28,833.88
Parmanpur,1907,59.79,4.48,1635.69
Parmanpur,1908,65.78,4.96,1814.45
Parmanpur,1909,77.79,4.49,1640.62
Parmanpur,1910,66.25,3.34,1218.66
Parmanpur,1911,78.58,3.99,1457.64
Parmanpur,1912,57.35,3.73,1365.0
Parmanpur,1915,53.47,3.45,1258.95
Parmanpur,1917,77.6,5.24,1911.79
Parmanpur,1920,97.53,4.87,1776.55
Parmanpur,1921,56.91,3.8,1387.76
Parmanpur,1922,57.88,4.06,1480.09
Parmanpur,1923,73.31,4.26,1556.01
Parmanpur,1925,98.7,4.36,1588.39
Parmanpur,1926,56.58,4.26,1555.5
Parmanpur,1929,89.77,5.36,1956.73
Parmanpur,1933,76.08,4.79,1747.95
Parmanpur,1934,97.8,4.44,1622.39
Parmanpur,1943,65.81,4.67,1699.25
Parmanpur,1945,57.71,3.69,1347.01
Parmanpur,1946,53.94,4.96,1811.22
Parmanpur,1948,51.16,3.57,1307.24
Parmanpur,1949,62.09,4.15,1515.54
Parmanpur,1954,64.86,2.6,947.27
Parmanpur,1967,51.66,4.3,1567.98
Parmanpur,1968,82.95,3.74,1369.67
Parmanpur,1969,77.85,3.48,1268.4
Parmanpur,1970,72.76,3.9,1423.27
Parmanpur,1971,85.46,4.43,1617.97
Parmanpur,1972,56.94,3.43,1256.05
Parmanpur,1973,80.94,4.36,1590.82
Parmanpur,1976,91.48,3.54,1296.11
Parmanpur,1978,69.94,3.33,1213.51
Parmanpur,1979,49.56,2.67,974.83
Parmanpur,1980,74.56,4.64,1699.18
Parmanpur,1985,72.81,4.65,1698.41
Parmanpur,1986,83.73,4.12,1504.14
Parmanpur,1987,67.57,3.61,1316.03
Parmanpur,1989,66.29,3.67,1340.35
Parmanpur,1990,59.96,3.93,1435.94
Parmanpur,1992,62.83,3.24,1184.68
Parmanpur,1995,64.5,3.97,1448.01
Parmanpur,1999,84.77,4.66,1699.87
Parmanpur,2013,74.46,4.07,1486.92
Parmanpur,2024,47.67,3.25,1188.52
Parmanpur,2025,65.87,4.87,1778.59
Patan,1907,56.78,2.84,1038.1
Patan,1908,71.69,4.71,1722.9
Patan,1909,61.94,3.11,1136.25
Patan,1910,69.57,3.43,1252.68
Patan,1911,77.99,3.29,1200.41
Patan,1912,60.67,3.28,1202.05
Patan,1915,79.28,3.64,1322.65
Patan,1917,80.84,4.97,1815.32
Patan,1920,74.64,2.47,902.51
Patan,1921,57.54,3.6,1314.84
Patan,1922,79.22,3.88,1415.99
Patan,1923,81.0,4.3,1566.69
Patan,1925,72.51,4.18,1527.2
Patan,1926,98.81,4.3,1555.99
Patan,1929,78.38,3.91,1427.84
Patan,1933,89.09,3.72,1356.1
Patan,1934,74.79,4.59,1674.51
Patan,1943,81.59,4.39,1600.64
Patan,1945,69.1,4.12,1504.14
Patan,1946,78.6,4.23,1544.82
Patan,1948,61.73,3.93,1438.99
Patan,1949,45.04,3.62,1320.15
Patan,1954,86.8,3.49,1272.25
Patan,1967,71.43,4.2,1532.62
Patan,1968,44.34,2.72,995.87
Patan,1969,87.19,3.22,1175.27
Patan,1970,74.65,4.1,1496.02
Patan,1971,92.77,5.54,2022.68
Patan,1972,67.95,2.7,989.93
Patan,1973,70.65,3.51,1276.59
Patan,1976,43.59,2.92,1067.1
Patan,1978,59.71,3.87,1412.24
Patan,1979,61.55,1.7,621.74
Patan,1980,89.51,3.84,1404.45
Patan,1985,58.31,3.18,1160.32
Patan,1986,44.29,2.56,932.97
Patan,1987,83.05,3.18,1161.75
Patan,1989,72.36,2.31,844.71
Patan,1990,61.79,4.37,1594.96
Patan,1992,73.08,3.07,1124.53
Patan,1995,69.66,3.36,1227.14
Patan,1999,74.44,4.18,1524.82
Patan,2013,88.11,4.36,1591.31
Patan,2024,82.59,2.94,1076.81
Patan,2025,56.21,3.11,1133.17
Pati,1907,31.68,1.21,440.6
Pati,1908,25.1,1.15,419.4
Pati,1909,38.46,1.84,671.5
Pati,1910,54.93,2.33,849.04
Pati,1911,23.06,0.82,300.78
Pati,1912,64.79,1.34,491.37
Pati,1915,82.27,2.0,729.35
Pati,1917,59.43,2.01,733.34
Pati,1920,70.42,1.65,603.82
Pati,1921,44.88,2.01,735.21
Pati,1922,64.45,1.64,598.53
Pati,1923,47.18,1.39,505.6
Pati,1925,40.28,1.27,464.09
Pati,1926,21.33,1.37,499.17
Pati,1929,36.09,1.18,429.92
Pati,1933,71.68,2.42,884.44
Pati,1934,43.18,1.71,624.06
Pati,1943,76.06,1.82,662.83
Pati,1945,37.38,1.63,592.84
Pati,1946,71.82,2.71,987.99
Pati,1948,76.43,2.61,955.71
Pati,1949,53.69,2.16,787.22
Pati,1954,69.2,2.06,747.38
Pati,1967,76.86,1.69,615.88
Pati,1968,91.65,1.55,566.35
Pati,1969,72.19,2.76,1005.85
Pati,1970,96.18,2.54,925.36
Pati,1971,57.05,1.81,661.25
Pati,1972,85.06,1.66,605.86
Pati,1973,93.95,2.56,935.15
Pati,1976,64.26,1.58,579.28
Pati,1978,93.14,2.05,748.08
Pati,1979,85.17,2.37,862.01
Pati,1980,71.31,1.87,685.85
Pati,1985,46.17,1.26,459.79
Pati,1986,47.87,1.42,517.81
Pati,1987,65.65,1.41,516.28
Pati,1989,81.27,2.29,836.61
Pati,1990,66.21,2.04,741.23
Pati,1992,56.83,0.68,250.68
Pati,1995,37.96,0.94,341.59
Pati,1999,66.42,1.93,705.55
Pati,2013,73.53,2.76,1006.07
Pati,2024,94.76,3.3,1208.45
Pati,2025,79.84,3.22,1173.45
Pedageddada,1907,76.28,3.43,1252.84
Pedageddada,1908,63.63,3.27,1196.27
Pedageddada,1909,75.26,2.75,1003.6
Pedageddada,1910,74.67,5.2,1899.51
Pedageddada,1911,75.34,2.92,1063.65
Pedageddada,1912,67.44,3.19,1166.01
Pedageddada,1915,62.8,3.79,1384.53
Pedageddada,1917,79.2,4.44,1616.8
Pedageddada,1920,90.95,2.69,985.52
Pedageddada,1921,66.84,2.91,1063.76
Pedageddada,1922,67.9,2.81,1026.22
Pedageddada,1923,83.47,3.76,1370.78
Pedageddada,1925,83.49,3.85,1403.92
Pedageddada,1926,76.54,3.16,1152.65
Pedageddada,1929,67.98,2.73,996.42
Pedageddada,1933,77.17,3.51,1277.33
Pedageddada,1934,79.9,2.91,1063.15
Pedageddada,1943,58.4,2.5,914.08
Pedageddada,1945,64.1,3.16,1151.64
Pedageddada,1946,66.21,2.81,1024.05
Pedageddada,1948,55.51,2.53,926.13
Pedageddada,1949,84.21,3.35,1219.21
Pedageddada,1954,64.86,3.01,1097.13
Pedageddada,1967,61.26,2.66,972.06
Pedageddada,1968,81.68,2.56,935.65
Pedageddada,1969,71.49,3.67,1337.54
Pedageddada,1970,53.87,3.09,1126.32
Pedageddada,1971,95.26,2.98,1086.82
Pedageddada,1972,90.69,3.3,1199.54
Pedageddada,1973,43.94,2.53,925.12
Pedageddada,1976,81.57,3.47,1268.43
Pedageddada,1978,82.99,3.45,1260.98
Pedageddada,1979,81.91,3.12,1138.45
Pedageddada,1980,73.47,3.24,1184.71
Pedageddada,1985,61.26,2.67,973.86
Pedageddada,1986,81.36,3.64,1324.95
Pedageddada,1987,67.44,3.8,1386.84
Pedageddada,1989,62.51,2.46,895.34
Pedageddada,1990,95.78,4.14,1504.49
Pedageddada,1992,53.83,3.09,1129.96
Pedageddada,1995,55.29,2.9,1059.0
Pedageddada,1999,58.71,2.88,1049.88
Pedageddada,2013,83.46,2.49,907.12
Pedageddada,2024,72.54,3.24,1182.03
Pedageddada,2025,63.12,3.32,1212.12
Penuganchi_prolu,1907,74.5,2.61,951.4
Penuganchi_prolu,1908,66.97,2.84,1037.78
Penuganchi_prolu,1909,38.47,2.16,786.71
Penuganchi_prolu,1910,46.35,3.14,1144.69
Penuganchi_prolu,1911,44.08,2.12,774.2
Penuganchi_prolu,1912,35.16,2.28,833.47
Penuganchi_prolu,1915,79.26,3.25,1186.11
Penuganchi_prolu,1917,51.77,4.32,1575.85
Penuganchi_prolu,1920,37.07,1.5,547.84
Penuganchi_prolu,1921,77.95,3.26,1191.37
Penuganchi_prolu,1922,57.09,2.76,1005.86
Penuganchi_prolu,1923,68.44,2.45,895.57
Penuganchi_prolu,1925,75.52,3.44,1256.87
Penuganchi_prolu,1926,46.98,2.42,884.05
Penuganchi_prolu,1929,48.44,2.32,848.14
Penuganchi_prolu,1933,83.09,3.32,1212.67
Penuganchi_prolu,1934,51.61,2.61,952.58
Penuganchi_prolu,1943,52.05,2.6,949.66
Penuganchi_prolu,1945,46.1,2.84,1036.79
Penuganchi_prolu,1946,52.86,2.5,914.32
Penuganchi_prolu,1948,39.84,2.45,894.89
Penuganchi_prolu,1949,43.23,2.74,1001.66
Penuganchi_prolu,1954,65.14,2.88,1053.01
Penuganchi_prolu,1967,56.21,2.92,1065.12
Penuganchi_prolu,1968,45.8,2.16,789.35
Penuganchi_prolu,1969,58.87,3.46,1264.2
Penuganchi_prolu,1970,47.16,3.0,1094.56
Penuganchi_prolu,1971,37.35,2.32,845.65
Penuganchi_prolu,1972,42.85,1.85,678.4
Penuganchi_prolu,1973,51.38,2.39,873.85
Penuganchi_prolu,1976,68.12,3.01,1102.15
Penuganchi_prolu,1978,71.13,3.71,1355.76
Penuganchi_prolu,1979,36.41,1.73,632.68
Penuganchi_prolu,1980,52.19,2.94,1074.37
Penuganchi_prolu,1985,59.56,2.39,872.52
Penuganchi_prolu,1986,88.39,2.48,906.91
Penuganchi_prolu,1987,51.2,2.62,956.76
Penuganchi_prolu,1989,87.7,3.33,1215.76
Penuganchi_prolu,1990,56.22,3.39,1237.74
Penuganchi_prolu,1992,49.3,2.35,861.76
Penuganchi_prolu,1995,53.59,2.9,1060.03
Penuganchi_prolu,1999,45.63,2.85,1038.45
Penuganchi_prolu,2013,51.11,3.43,1253.54
Penuganchi_prolu,2024,97.44,3.74,1369.75
Penuganchi_prolu,2025,64.62,4.83,1764.39
Pillaperu_riverr___narravada_,1907,65.66,1.54,559.35
Pillaperu_riverr___narravada_,1908,60.75,1.58,575.01
Pillaperu_riverr___narravada_,1909,84.1,2.26,824.27
Pillaperu_riverr___narravada_,1910,67.58,2.6,947.33
Pillaperu_riverr___narravada_,1911,71.3,1.69,615.74
Pillaperu_riverr___narravada_,1912,65.88,2.22,813.38
Pillaperu_riverr___narravada_,1915,74.49,2.82,1025.34
Pillaperu_riverr___narravada_,1917,60.55,2.68,971.62
Pillaperu_riverr___narravada_,1920,75.86,1.98,725.57
Pillaperu_riverr___narravada_,1921,93.52,1.94,706.99
Pillaperu_riverr___narravada_,1922,68.69,2.39,873.87
Pillaperu_riverr___narravada_,1923,63.22,1.49,543.94
Pillaperu_riverr___narravada_,1925,97.99,3.07,1112.88
Pillaperu_riverr___narravada_,1926,86.54,1.86,678.53
Pillaperu_riverr___narravada_,1929,43.87,2.04,742.98
Pillaperu_riverr___narravada_,1933,80.98,1.9,694.84
Pillaperu_riverr___narravada_,1934,43.95,1.45,525.3
Pillaperu_riverr___narravada_,1943,89.85,2.55,923.21
Pillaperu_riverr___narravada_,1945,54.86,1.36,496.51
Pillaperu_riverr___narravada_,1946,84.72,2.5,907.33
Pillaperu_riverr___narravada_,1948,62.24,2.31,846.58
Pillaperu_riverr___narravada_,1949,73.28,1.83,668.11
Pillaperu_riverr___narravada_,1954,56.52,1.97,716.2
Pillaperu_riverr___narravada_,1967,83.19,1.95,712.84
Pillaperu_riverr___narravada_,1968,49.38,1.38,505.53
Pillaperu_riverr___narravada_,1969,96.66,2.58,937.83
Pillaperu_riverr___narravada_,1970,43.15,1.62,590.07
Pillaperu_riverr___narravada_,1971,74.88,1.53,557.88
Pillaperu_riverr___narravada_,1972,79.03,2.27,829.53
Pillaperu_riverr___narravada_,1973,85.79,1.79,652.96
Pillaperu_riverr___narravada_,1976,87.48,2.39,872.99
Pillaperu_riverr___narravada_,1978,56.52,2.65,967.58
Pillaperu_riverr___narravada_,1979,78.59,2.71,986.84
Pillaperu_riverr___narravada_,1980,77.42,1.58,579.81
Pillaperu_riverr___narravada_,1985,68.4,2.07,756.64
Pillaperu_riverr___narravada_,1986,68.4,1.69,613.01
Pillaperu_riverr___narravada_,1987,71.16,2.28,828.6
Pillaperu_riverr___narravada_,1989,58.47,1.95,710.79
Pillaperu_riverr___narravada_,1990,64.1,2.5,911.95
Pillaperu_riverr___narravada_,1992,85.18,2.12,777.03
Pillaperu_riverr___narravada_,1995,58.93,1.59,576.15
Pillaperu_riverr___narravada_,1999,61.16,1.41,513.46
Pillaperu_riverr___narravada_,2013,63.6,2.16,788.69
Pillaperu_riverr___narravada_,2024,74.44,3.13,1144.47
Pillaperu_riverr___narravada_,2025,75.55,2.58,939.6
Pipriya,1907,57.77,2.56,935.77
Pipriya,1908,95.39,3.72,1362.3
Pipriya,1909,57.57,2.74,998.79
Pipriya,1910,91.43,3.43,1251.74
Pipriya,1911,93.59,3.34,1219.63
Pipriya,1912,75.36,2.69,983.79
Pipriya,1915,64.18,3.42,1245.6
Pipriya,1917,64.47,3.81,1387.07
Pipriya,1920,80.91,1.67,612.5
Pipriya,1921,64.39,2.23,810.66
Pipriya,1922,81.99,2.96,1079.87
Pipriya,1923,66.88,3.07,1117.83
Pipriya,1925,64.18,2.74,998.5
Pipriya,1926,82.6,2.78,1013.89
Pipriya,1929,69.9,3.56,1300.09
Pipriya,1933,74.97,3.78,1381.41
Pipriya,1934,91.05,2.99,1090.6
Pipriya,1943,98.58,3.39,1238.52
Pipriya,1945,95.78,3.08,1119.94
Pipriya,1946,79.17,3.1,1129.93
Pipriya,1948,73.24,3.28,1201.24
Pipriya,1949,61.73,2.78,1010.79
Pipriya,1954,78.33,2.46,899.42
Pipriya,1967,74.69,3.58,1307.12
Pipriya,1968,75.43,2.57,940.84
Pipriya,1969,74.26,2.4,874.98
Pipriya,1970,78.82,3.37,1226.17
Pipriya,1971,39.69,1.88,684.75
Pipriya,1972,85.15,2.65,969.34
Pipriya,1973,79.53,3.85,1397.65
Pipriya,1976,76.06,2.36,862.79
Pipriya,1978,62.0,3.14,1146.57
Pipriya,1979,52.32,2.18,793.33
Pipriya,1980,54.91,2.76,1008.84
Pipriya,1985,80.58,2.62,956.39
Pipriya,1986,74.59,2.56,935.15
Pipriya,1987,64.75,2.02,736.05
Pipriya,1989,71.74,2.41,878.47
Pipriya,1990,79.96,3.92,1429.04
Pipriya,1992,69.11,1.95,715.43
Pipriya,1995,68.96,2.12,775.6
Pipriya,1999,65.75,2.57,939.32
Pipriya,2013,67.16,3.56,1299.13
Pipriya,2024,97.21,2.57,939.77
Pipriya,2025,50.73,2.76,1008.96
Pookkayam,1907,86.88,8.92,3203.97
Pookkayam,1908,90.73,8.61,3118.54
Pookkayam,1909,95.67,8.81,3145.9
Pookkayam,1910,98.58,9.01,3243.44
Pookkayam,1911,98.4,8.24,2956.74
Pookkayam,1912,97.82,9.88,3575.06
Pookkayam,1915,86.38,9.22,3356.72
Pookkayam,1917,78.77,8.99,3280.53
Pookkayam,1920,98.17,10.55,3743.86
Pookkayam,1921,92.46,8.78,3134.06
Pookkayam,1922,95.01,9.68,3514.71
Pookkayam,1923,98.52,9.75,3480.3
Pookkayam,1925,92.78,8.16,2921.03
Pookkayam,1926,92.68,6.85,2437.09
Pookkayam,1929,87.08,9.13,3285.59
Pookkayam,1933,92.33,13.31,4844.48
Pookkayam,1934,91.23,8.82,3201.07
Pookkayam,1943,98.79,12.79,4616.65
Pookkayam,1945,90.45,8.35,3014.38
Pookkayam,1946,98.84,12.63,4545.53
Pookkayam,1948,78.66,10.6,3835.61
Pookkayam,1949,88.03,9.93,3613.93
Pookkayam,1954,97.38,10.51,3772.89
Pookkayam,1967,90.83,7.41,2668.5
Pookkayam,1968,93.97,9.1,3292.43
Pookkayam,1969,89.52,8.88,3213.83
Pookkayam,1970,91.62,10.18,3696.8
Pookkayam,1971,87.69,9.37,3393.0
Pookkayam,1972,90.39,8.59,3127.63
Pookkayam,1973,87.58,10.03,3642.08
Pookkayam,1976,97.4,6.78,2466.51
Pookkayam,1978,95.02,11.53,4138.3
Pookkayam,1979,92.49,8.29,2994.42
Pookkayam,1980,85.69,9.3,3358.81
Pookkayam,1985,96.83,8.32,3002.11
Pookkayam,1986,94.95,7.63,2746.49
Pookkayam,1987,81.95,6.22,2268.97
Pookkayam,1989,97.43,9.05,3229.96
Pookkayam,1990,81.82,9.82,3524.33
Pookkayam,1992,96.87,10.31,3710.57
Pookkayam,1995,92.67,9.21,3314.33
Pookkayam,1999,95.5,8.79,3181.91
Pookkayam,2013,92.04,11.15,4024.14
Pookkayam,2024,96.42,9.6,3484.86
Pookkayam,2025,96.75,11.06,3980.01
Potteru__potteruvagu_,1907,66.84,4.3,1569.07
Potteru__potteruvagu_,1908,39.51,2.98,1091.46
Potteru__potteruvagu_,1909,65.54,4.17,1522.64
Potteru__potteruvagu_,1910,77.36,4.51,1643.02
Potteru__potteruvagu_,1911,71.18,3.27,1190.85
Potteru__potteruvagu_,1912,72.75,4.08,1493.67
Potteru__potteruvagu_,1915,72.06,4.13,1505.83
Potteru__potteruvagu_,1917,74.03,4.14,1511.48
Potteru__potteruvagu_,1920,71.9,3.15,1151.64
Potteru__potteruvagu_,1921,61.87,3.64,1327.54
Potteru__potteruvagu_,1922,74.57,3.74,1364.35
Potteru__potteruvagu_,1923,55.47,2.45,893.65
Potteru__potteruvagu_,1925,66.27,4.4,1605.03
Potteru__potteruvagu_,1926,71.93,3.92,1432.36
Potteru__potteruvagu_,1929,76.24,3.67,1340.87
Potteru__potteruvagu_,1933,59.47,4.42,1612.68
Potteru__potteruvagu_,1934,45.18,4.05,1478.75
Potteru__potteruvagu_,1943,44.2,2.98,1087.89
Potteru__potteruvagu_,1945,61.19,4.5,1644.12
Potteru__potteruvagu_,1946,77.03,4.05,1477.16
Potteru__potteruvagu_,1948,57.49,3.53,1291.6
Potteru__potteruvagu_,1949,83.25,4.2,1533.07
Potteru__potteruvagu_,1954,67.98,3.58,1308.04
Potteru__potteruvagu_,1967,46.9,2.89,1055.8
Potteru__potteruvagu_,1968,52.84,3.16,1156.47
Potteru__potteruvagu_,1969,63.67,3.7,1351.43
Potteru__potteruvagu_,1970,43.11,3.03,1106.59
Potteru__potteruvagu_,1971,50.2,3.44,1255.35
Potteru__potteruvagu_,1972,67.63,2.99,1095.15
Potteru__potteruvagu_,1973,38.64,2.24,817.46
Potteru__potteruvagu_,1976,63.47,3.03,1108.73
Potteru__potteruvagu_,1978,44.9,3.63,1326.46
Potteru__potteruvagu_,1979,59.64,3.16,1151.9
Potteru__potteruvagu_,1980,68.7,3.1,1133.98
Potteru__potteruvagu_,1985,50.65,2.78,1014.84
Potteru__potteruvagu_,1986,76.3,3.76,1372.44
Potteru__potteruvagu_,1987,60.14,3.47,1266.82
Potteru__potteruvagu_,1989,72.22,3.13,1140.82
Potteru__potteruvagu_,1990,64.53,4.35,1580.46
Potteru__potteruvagu_,1992,93.84,3.83,1403.52
Potteru__potteruvagu_,1995,61.17,4.02,1467.01
Potteru__potteruvagu_,1999,66.2,2.45,892.65
Potteru__potteruvagu_,2013,59.93,3.46,1261.41
Potteru__potteruvagu_,2024,82.39,4.38,1604.8
Potteru__potteruvagu_,2025,61.58,4.74,1729.4
Prakasha_damarkheda_,1907,27.63,1.24,452.91
Prakasha_damarkheda_,1908,26.52,1.05,383.34
Prakasha_damarkheda_,1909,35.13,1.55,566.31
Prakasha_damarkheda_,1910,54.48,2.27,828.85
Prakasha_damarkheda_,1911,18.02,0.84,307.2
Prakasha_damarkheda_,1912,71.66,1.33,486.48
Prakasha_damarkheda_,1915,81.36,1.97,720.51
Prakasha_damarkheda_,1917,39.67,1.8,656.15
Prakasha_damarkheda_,1920,90.68,1.5,549.54
Prakasha_damarkheda_,1921,56.44,1.77,645.07
Prakasha_damarkheda_,1922,62.5,1.41,513.88
Prakasha_damarkheda_,1923,45.57,1.18,429.99
Prakasha_damarkheda_,1925,65.62,1.24,454.09
Prakasha_damarkheda_,1926,19.25,1.24,451.38
Prakasha_damarkheda_,1929,57.8,1.3,474.55
Prakasha_damarkheda_,1933,69.58,2.31,841.63
Prakasha_damarkheda_,1934,40.76,1.81,661.2
Prakasha_damarkheda_,1943,60.44,2.56,934.02
Prakasha_damarkheda_,1945,50.66,2.01,733.29
Prakasha_damarkheda_,1946,69.28,2.95,1076.83
Prakasha_damarkheda_,1948,77.03,2.87,1050.72
Prakasha_damarkheda_,1949,80.29,2.91,1061.0
Prakasha_damarkheda_,1954,81.46,2.19,796.33
Prakasha_damarkheda_,1967,45.83,2.27,827.76
Prakasha_damarkheda_,1968,84.32,1.83,669.42
Prakasha_damarkheda_,1969,60.71,2.25,821.1
Prakasha_damarkheda_,1970,86.06,2.75,1000.15
Prakasha_damarkheda_,1971,63.26,1.67,609.69
Prakasha_damarkheda_,1972,34.89,1.35,494.42
Prakasha_damarkheda_,1973,75.05,2.76,1007.07
Prakasha_damarkheda_,1976,77.9,2.75,1007.93
Prakasha_damarkheda_,1978,64.01,1.94,708.39
Prakasha_damarkheda_,1979,79.88,2.12,771.38
Prakasha_damarkheda_,1980,59.54,1.56,570.45
Prakasha_damarkheda_,1985,45.41,1.2,437.63
Prakasha_damarkheda_,1986,27.99,1.42,517.81
Prakasha_damarkheda_,1987,48.29,1.36,495.69
Prakasha_damarkheda_,1989,80.21,2.28,831.49
Prakasha_damarkheda_,1990,82.39,3.05,1112.08
Prakasha_damarkheda_,1992,63.92,1.48,543.02
Prakasha_damarkheda_,1995,62.93,1.54,563.6
Prakasha_damarkheda_,1999,91.3,1.43,520.65
Prakasha_damarkheda_,2013,64.99,2.83,1028.37
Prakasha_damarkheda_,2024,93.03,2.68,982.16
Prakasha_damarkheda_,2025,56.35,2.88,1051.7
Pratappur,1907,39.11,1.87,682.25
Pratappur,1908,42.63,1.83,671.58
Pratappur,1909,38.88,1.7,619.92
Pratappur,1910,65.99,2.66,970.37
Pratappur,1911,50.85,1.32,482.4
Pratappur,1912,70.93,1.85,675.51
Pratappur,1915,62.44,2.06,753.39
Pratappur,1917,45.61,1.82,663.64
Pratappur,1920,32.26,1.23,449.9
Pratappur,1921,36.43,1.19,435.29
Pratappur,1922,34.34,1.65,602.19
Pratappur,1923,42.78,1.61,588.4
Pratappur,1925,29.52,1.36,494.61
Pratappur,1926,69.84,1.88,685.22
Pratappur,1929,45.24,1.49,545.41
Pratappur,1933,66.65,2.96,1081.87
Pratappur,1934,62.44,1.92,701.16
Pratappur,1943,73.62,2.39,872.46
Pratappur,1945,35.73,1.43,522.8
Pratappur,1946,56.3,2.39,871.54
Pratappur,1948,54.14,2.57,939.7
Pratappur,1949,48.65,2.15,783.42
Pratappur,1954,84.8,1.98,720.95
Pratappur,1967,46.69,1.77,646.88
Pratappur,1968,54.88,1.87,685.51
Pratappur,1969,37.83,2.22,810.78
Pratappur,1970,25.02,1.68,614.65
Pratappur,1971,83.94,1.47,537.27
Pratappur,1972,22.22,0.64,233.53
Pratappur,1973,51.16,1.61,588.31
Pratappur,1976,60.18,2.13,780.51
Pratappur,1978,32.6,1.23,448.11
Pratappur,1979,40.1,1.95,710.1
Pratappur,1980,42.35,2.13,778.64
Pratappur,1985,45.43,0.72,262.73
Pratappur,1986,32.19,0.91,332.16
Pratappur,1987,32.1,0.97,354.76
Pratappur,1989,57.4,1.33,483.74
Pratappur,1990,50.32,1.89,688.35
Pratappur,1992,41.18,1.29,472.77
Pratappur,1995,32.07,1.13,413.36
Pratappur,1999,41.59,1.83,666.97
Pratappur,2013,52.65,2.24,817.2
Pratappur,2024,65.8,2.95,1080.85
Pratappur,2025,69.33,2.76,1007.18
Pudunagara,1907,34.21,1.92,699.61
Pudunagara,1908,43.11,1.77,646.01
Pudunagara,1909,42.87,2.31,843.2
Pudunagara,1910,50.92,2.46,896.63
Pudunagara,1911,66.47,2.09,761.59
Pudunagara,1912,55.67,2.08,763.01
Pudunagara,1915,49.39,2.47,900.33
Pudunagara,1917,49.63,2.13,775.95
Pudunagara,1920,70.15,2.06,752.98
Pudunagara,1921,67.04,2.29,836.86
Pudunagara,1922,28.03,2.05,749.73
Pudunagara,1923,26.94,1.25,456.46
Pudunagara,1925,33.99,1.72,628.19
Pudunagara,1926,36.06,1.59,580.53
Pudunagara,1929,33.48,2.01,733.61
Pudunagara,1933,44.79,2.71,988.29
Pudunagara,1934,47.03,1.83,668.61
Pudunagara,1943,42.55,1.89,691.29
Pudunagara,1945,40.45,1.76,641.13
Pudunagara,1946,68.16,2.7,985.86
Pudunagara,1948,40.81,1.97,722.71
Pudunagara,1949,79.81,2.04,743.84
Pudunagara,1954,30.93,2.18,793.96
Pudunagara,1967,69.45,0.74,270.49
Pudunagara,1968,74.75,2.13,781.3
Pudunagara,1969,68.43,2.99,1087.28
Pudunagara,1970,31.79,1.15,420.09
Pudunagara,1971,67.73,2.36,861.25
Pudunagara,1972,95.05,2.55,932.12
Pudunagara,1973,67.97,1.58,572.3
Pudunagara,1976,33.67,1.32,481.35
Pudunagara,1978,64.26,1.11,406.4
Pudunagara,1979,73.52,2.72,989.48
Pudunagara,1980,50.52,1.66,607.78
Pudunagara,1985,98.86,2.07,756.34
Pudunagara,1986,97.49,2.6,947.7
Pudunagara,1987,83.14,2.68,978.8
Pudunagara,1989,30.0,1.22,445.0
Pudunagara,1990,45.0,1.06,385.8
Pudunagara,1992,60.0,1.54,564.0
Pudunagara,1995,34.0,1.16,425.2
Pudunagara,1999,85.0,1.54,561.0
Pudunagara,2013,90.0,0.88,320.9
Pudunagara,2024,73.55,2.59,948.5
Pudunagara,2025,61.97,2.27,830.07
Pudur,1907,67.92,3.41,1246.26
Pudur,1908,64.12,2.7,989.55
Pudur,1909,68.41,2.85,1041.36
Pudur,1910,48.26,2.49,908.69
Pudur,1911,55.23,2.77,1009.84
Pudur,1912,59.01,2.96,1084.93
Pudur,1915,47.51,2.9,1060.26
Pudur,1917,78.36,2.77,1009.47
Pudur,1920,69.47,2.6,951.84
Pudur,1921,49.92,2.86,1044.6
Pudur,1922,44.65,3.41,1245.83
Pudur,1923,52.77,2.64,964.44
Pudur,1925,33.17,3.52,1286.42
Pudur,1926,83.45,4.79,1747.03
Pudur,1929,70.09,5.24,1913.52
Pudur,1933,77.07,6.95,2537.75
Pudur,1934,47.79,4.09,1491.35
Pudur,1943,70.74,5.23,1909.97
Pudur,1945,56.83,2.33,852.18
Pudur,1946,45.76,6.47,2360.07
Pudur,1948,78.95,6.57,2404.49
Pudur,1949,65.84,4.72,1724.1
Pudur,1954,33.06,3.04,1108.14
Pudur,1967,32.46,2.06,750.62
Pudur,1968,32.99,2.9,1061.91
Pudur,1969,34.33,2.4,876.2
Pudur,1970,41.21,2.75,1004.56
Pudur,1971,43.09,2.63,959.72
Pudur,1972,33.09,2.11,771.78
Pudur,1973,34.41,2.55,932.44
Pudur,1976,27.09,1.51,553.28
Pudur,1978,48.29,2.69,981.29
Pudur,1979,55.74,3.46,1260.4
Pudur,1980,47.64,3.14,1149.7
Pudur,1985,35.54,2.29,835.62
Pudur,1986,31.07,2.01,732.71
Pudur,1987,49.4,2.63,960.04
Pudur,1989,51.92,2.74,999.25
Pudur,1990,62.43,2.35,858.11
Pudur,1992,50.89,2.9,1062.1
Pudur,1995,34.09,1.94,706.68
Pudur,1999,50.06,2.95,1076.92
Pudur,2013,72.2,2.37,863.61
Pudur,2024,60.28,3.65,1334.46
Pudur,2025,54.48,3.87,1413.8
Pulamanthole,1907,91.58,7.75,2814.9
Pulamanthole,1908,67.66,5.62,2058.11
Pulamanthole,1909,89.61,7.62,2775.23
Pulamanthole,1910,76.08,6.34,2315.69
Pulamanthole,1911,85.55,5.73,2075.61
Pulamanthole,1912,92.82,6.77,2470.51
Pulamanthole,1915,72.92,7.45,2713.32
Pulamanthole,1917,78.74,6.48,2364.87
Pulamanthole,1920,91.83,6.51,2376.73
Pulamanthole,1921,84.63,5.51,2012.94
Pulamanthole,1922,87.73,6.56,2380.85
Pulamanthole,1923,87.31,7.22,2628.36
Pulamanthole,1925,69.34,5.72,2086.74
Pulamanthole,1926,80.14,6.87,2508.75
Pulamanthole,1929,97.47,6.78,2467.79
Pulamanthole,1933,74.91,8.39,3060.87
Pulamanthole,1934,70.99,5.09,1856.61
Pulamanthole,1943,66.01,6.99,2538.34
Pulamanthole,1945,85.04,4.91,1786.09
Pulamanthole,1946,83.09,7.99,2915.87
Pulamanthole,1948,76.81,6.97,2551.78
Pulamanthole,1949,98.1,6.1,2227.24
Pulamanthole,1954,58.5,4.24,1547.08
Pulamanthole,1967,53.68,3.37,1228.74
Pulamanthole,1968,38.81,3.6,1317.56
Pulamanthole,1969,72.37,4.28,1561.46
Pulamanthole,1970,36.95,3.93,1435.14
Pulamanthole,1971,56.45,5.08,1852.5
Pulamanthole,1972,60.33,4.27,1561.54
Pulamanthole,1973,76.41,3.95,1441.92
Pulamanthole,1976,45.23,3.69,1348.89
Pulamanthole,1978,45.84,3.58,1302.6
Pulamanthole,1979,87.33,5.05,1838.75
Pulamanthole,1980,40.42,3.74,1370.09
Pulamanthole,1985,52.8,2.6,949.22
Pulamanthole,1986,41.38,2.44,889.31
Pulamanthole,1987,46.85,2.6,949.58
Pulamanthole,1989,73.88,2.83,1031.27
Pulamanthole,1990,64.85,3.25,1184.98
Pulamanthole,1992,79.15,3.88,1421.38
Pulamanthole,1995,44.72,3.94,1436.66
Pulamanthole,1999,61.34,4.15,1513.88
Pulamanthole,2013,76.81,6.19,2253.58
Pulamanthole,2024,77.77,6.5,2372.76
Pulamanthole,2025,86.08,6.87,2509.11
Pullakkayar,1907,84.11,11.85,4267.01
Pullakkayar,1908,80.12,6.86,2511.5
Pullakkayar,1909,86.78,6.53,2377.18
Pullakkayar,1910,86.5,6.48,2366.0
Pullakkayar,1911,98.01,5.97,2166.9
Pullakkayar,1912,69.3,6.88,2518.44
Pullakkayar,1915,73.13,6.44,2336.94
Pullakkayar,1917,69.91,6.07,2216.45
Pullakkayar,1920,96.87,6.9,2527.13
Pullakkayar,1921,86.92,6.56,2393.18
Pullakkayar,1922,76.09,7.17,2608.98
Pullakkayar,1923,86.0,8.43,3077.89
Pullakkayar,1925,81.33,6.89,2508.53
Pullakkayar,1926,75.34,6.35,2318.87
Pullakkayar,1929,81.06,5.87,2138.45
Pullakkayar,1933,95.84,8.65,3158.88
Pullakkayar,1934,80.8,4.53,1648.5
Pullakkayar,1943,79.95,8.04,2925.38
Pullakkayar,1945,63.77,4.65,1696.11
Pullakkayar,1946,60.61,6.34,2315.74
Pullakkayar,1948,74.78,6.53,2390.32
Pullakkayar,1949,36.49,4.28,1560.92
Pullakkayar,1954,73.41,5.59,2039.86
Pullakkayar,1967,61.73,3.86,1408.67
Pullakkayar,1968,75.94,5.84,2135.97
Pullakkayar,1969,82.35,4.57,1667.07
Pullakkayar,1970,35.95,3.99,1457.94
Pullakkayar,1971,95.19,7.59,2770.38
Pullakkayar,1972,59.43,6.13,2241.93
Pullakkayar,1973,52.29,4.54,1655.4
Pullakkayar,1976,77.16,4.8,1756.39
Pullakkayar,1978,96.56,6.62,2411.48
Pullakkayar,1979,94.93,4.35,1586.62
Pullakkayar,1980,53.13,3.83,1401.34
Pullakkayar,1985,57.94,2.69,982.42
Pullakkayar,1986,37.56,1.66,604.09
Pullakkayar,1987,45.89,2.69,982.71
Pullakkayar,1989,51.85,2.64,962.76
Pullakkayar,1990,97.46,5.25,1915.9
Pullakkayar,1992,88.71,7.49,2734.13
Pullakkayar,1995,83.21,6.37,2326.75
Pullakkayar,1999,84.08,7.25,2646.5
Pullakkayar,2013,88.39,7.62,2774.58
Pullakkayar,2024,90.99,6.75,2470.67
Pullakkayar,2025,86.75,7.09,2575.41
Rahu,1907,47.07,4.05,1478.12
Rahu,1908,41.59,4.07,1491.44
Rahu,1909,40.65,3.87,1413.24
Rahu,1910,57.88,4.14,1510.67
Rahu,1911,37.78,2.81,1027.44
Rahu,1912,42.92,3.5,1282.29
Rahu,1915,65.11,3.9,1423.18
Rahu,1917,39.2,4.69,1711.21
Rahu,1920,48.02,3.25,1189.95
Rahu,1921,58.61,3.34,1217.38
Rahu,1922,34.61,3.5,1278.92
Rahu,1923,37.92,3.19,1163.13
Rahu,1925,38.18,3.14,1146.55
Rahu,1926,46.4,3.83,1398.98
Rahu,1929,45.62,4.07,1486.45
Rahu,1933,46.33,4.67,1703.1
Rahu,1934,60.57,4.26,1553.16
Rahu,1943,41.42,4.13,1505.71
Rahu,1945,44.27,3.7,1350.34
Rahu,1946,57.63,4.55,1659.2
Rahu,1948,48.69,4.16,1522.52
Rahu,1949,69.97,3.75,1367.23
Rahu,1954,55.08,2.47,900.3
Rahu,1967,45.76,2.9,1058.22
Rahu,1968,25.17,1.84,673.32
Rahu,1969,55.56,2.56,932.76
Rahu,1970,30.61,2.06,751.12
Rahu,1971,77.94,1.98,723.38
Rahu,1972,36.13,1.22,445.01
Rahu,1973,66.87,2.47,902.94
Rahu,1976,69.53,2.77,1012.27
Rahu,1978,39.48,2.08,759.06
Rahu,1979,50.3,2.73,997.64
Rahu,1980,40.55,2.83,1037.51
Rahu,1985,37.16,1.75,639.46
Rahu,1986,25.23,1.68,614.14
Rahu,1987,52.61,1.93,702.67
Rahu,1989,45.55,2.07,756.75
Rahu,1990,39.77,2.64,964.4
Rahu,1992,43.67,2.03,741.61
Rahu,1995,45.87,1.94,708.62
Rahu,1999,36.99,2.38,866.89
Rahu,2013,60.66,2.87,1047.54
Rahu,2024,49.53,2.98,1090.07
Rahu,2025,49.1,3.15,1148.9
Rambhapur,1907,66.58,1.42,519.66
Rambhapur,1908,43.3,1.91,698.06
Rambhapur,1909,81.28,2.08,760.26
Rambhapur,1910,88.33,2.8,1022.43
Rambhapur,1911,58.92,1.21,443.41
Rambhapur,1912,90.45,2.63,962.46
Rambhapur,1915,60.19,1.63,596.1
Rambhapur,1917,54.53,3.06,1115.21
Rambhapur,1920,37.57,1.82,667.41
Rambhapur,1921,79.87,2.48,903.11
Rambhapur,1922,57.02,2.06,751.39
Rambhapur,1923,70.78,1.83,668.96
Rambhapur,1925,36.04,1.23,447.86
Rambhapur,1926,42.59,1.81,659.55
Rambhapur,1929,52.69,1.42,519.59
Rambhapur,1933,64.28,2.35,852.37
Rambhapur,1934,53.74,1.95,712.0
Rambhapur,1943,46.56,1.73,631.61
Rambhapur,1945,84.57,2.55,929.73
Rambhapur,1946,95.73,4.14,1506.75
Rambhapur,1948,61.19,2.09,765.86
Rambhapur,1949,95.97,2.73,992.04
Rambhapur,1954,94.55,2.82,1022.19
Rambhapur,1967,89.35,2.52,915.61
Rambhapur,1968,64.24,1.74,636.58
Rambhapur,1969,88.74,2.42,883.8
Rambhapur,1970,65.12,3.03,1105.33
Rambhapur,1971,84.22,3.01,1098.45
Rambhapur,1972,83.61,1.7,621.06
Rambhapur,1973,98.64,3.97,1448.04
Rambhapur,1976,79.88,3.17,1155.42
Rambhapur,1978,91.41,2.86,1039.99
Rambhapur,1979,96.44,1.92,700.24
Rambhapur,1980,96.91,2.41,882.87
Rambhapur,1985,59.27,1.06,387.93
Rambhapur,1986,92.59,1.8,658.26
Rambhapur,1987,67.44,1.75,638.09
Rambhapur,1989,54.31,2.14,779.97
Rambhapur,1990,61.81,3.1,1125.09
Rambhapur,1992,81.32,1.59,579.02
Rambhapur,1995,88.53,2.15,783.83
Rambhapur,1999,51.55,1.48,541.32
Rambhapur,2013,92.71,3.01,1094.23
Rambhapur,2024,89.86,2.84,1039.67
Rambhapur,2025,73.62,2.76,1003.43
Rampur,1907,58.4,3.17,1152.17
Rampur,1908,79.91,3.48,1274.75
Rampur,1909,56.35,3.27,1191.25
Rampur,1910,97.26,3.46,1262.61
Rampur,1911,80.45,4.01,1463.35
Rampur,1912,73.7,3.54,1295.74
Rampur,1915,81.23,3.44,1251.82
Rampur,1917,85.38,4.93,1801.14
Rampur,1920,72.23,3.15,1145.95
Rampur,1921,71.46,3.27,1195.3
Rampur,1922,62.06,3.7,1349.49
Rampur,1923,39.6,2.91,1060.48
Rampur,1925,82.42,4.61,1676.98
Rampur,1926,77.36,4.52,1648.37
Rampur,1929,97.57,4.66,1697.25
Rampur,1933,86.1,4.81,1755.39
Rampur,1934,89.56,3.94,1433.99
Rampur,1943,69.74,4.37,1594.2
Rampur,1945,68.61,4.09,1492.89
Rampur,1946,89.6,3.5,1275.41
Rampur,1948,58.48,3.01,1102.34
Rampur,1949,76.43,4.12,1503.52
Rampur,1954,60.57,2.77,1010.66
Rampur,1967,57.8,3.93,1433.1
Rampur,1968,69.33,3.3,1209.57
Rampur,1969,46.45,2.36,863.05
Rampur,1970,60.67,3.39,1234.77
Rampur,1971,76.06,3.35,1222.07
Rampur,1972,55.0,2.75,1007.33
Rampur,1973,75.34,3.39,1238.43
Rampur,1976,67.55,2.91,1064.62
Rampur,1978,31.83,2.7,987.24
Rampur,1979,68.99,2.24,816.48
Rampur,1980,73.05,3.27,1196.82
Rampur,1985,76.49,4.04,1473.42
Rampur,1986,79.87,3.54,1290.8
Rampur,1987,80.51,2.78,1016.14
Rampur,1989,86.7,3.38,1234.78
Rampur,1990,66.91,4.26,1556.3
Rampur,1992,68.47,2.96,1083.44
Rampur,1995,48.14,2.18,797.18
Rampur,1999,53.11,2.29,835.5
Rampur,2013,84.42,3.59,1308.58
Rampur,2024,72.17,3.29,1203.32
Rampur,2025,76.63,3.64,1329.38
Rangeli,1907,41.79,1.4,512.21
Rangeli,1908,38.86,1.79,654.62
Rangeli,1909,32.63,1.62,590.33
Rangeli,1910,54.98,2.1,766.52
Rangeli,1911,45.35,1.04,381.1
Rangeli,1912,39.8,1.72,627.84
Rangeli,1915,28.87,1.36,497.5
Rangeli,1917,51.86,3.65,1331.6
Rangeli,1920,52.99,1.93,705.61
Rangeli,1921,66.24,1.71,625.08
Rangeli,1922,74.79,2.35,859.14
Rangeli,1923,34.95,1.75,638.99
Rangeli,1925,54.92,1.42,517.16
Rangeli,1926,67.16,2.53,924.49
Rangeli,1929,69.02,1.89,690.51
Rangeli,1933,67.66,2.84,1037.12
Rangeli,1934,40.13,1.99,727.48
Rangeli,1943,60.45,2.08,757.72
Rangeli,1945,62.21,2.4,874.18
Rangeli,1946,53.99,2.63,960.46
Rangeli,1948,32.51,1.61,590.43
Rangeli,1949,59.08,1.12,407.07
Rangeli,1954,67.91,2.15,785.14
Rangeli,1967,58.51,1.65,600.61
Rangeli,1968,70.96,1.32,481.53
Rangeli,1969,51.36,1.7,619.8
Rangeli,1970,41.16,1.82,664.5
Rangeli,1971,60.95,1.58,576.2
Rangeli,1972,38.1,1.19,434.65
Rangeli,1973,61.14,3.21,1170.91
Rangeli,1976,56.6,2.51,917.25
Rangeli,1978,61.3,2.24,815.94
Rangeli,1979,44.04,1.66,606.41
Rangeli,1980,43.96,1.96,716.2
Rangeli,1985,74.38,1.49,542.92
Rangeli,1986,64.31,1.41,513.8
Rangeli,1987,44.43,1.37,500.9
Rangeli,1989,45.28,1.98,722.24
Rangeli,1990,46.53,2.59,946.98
Rangeli,1992,69.68,1.72,630.79
Rangeli,1995,40.33,1.26,461.67
Rangeli,1999,31.45,1.08,395.97
Rangeli,2013,57.91,2.27,827.72
Rangeli,2024,47.18,2.25,825.26
Rangeli,2025,73.28,2.91,1061.08
Ratanpur,1907,59.8,2.09,761.41
Ratanpur,1908,52.88,2.32,849.42
Ratanpur,1909,87.77,2.05,748.26
Ratanpur,1910,77.39,2.39,871.0
Ratanpur,1911,47.2,0.82,299.9
Ratanpur,1912,71.64,2.01,734.54
Ratanpur,1915,44.06,1.25,457.7
Ratanpur,1917,59.59,3.46,1261.82
Ratanpur,1920,74.33,1.93,708.16
Ratanpur,1921,69.36,2.75,1003.8
Ratanpur,1922,55.51,1.98,723.45
Ratanpur,1923,49.57,1.05,384.09
Ratanpur,1925,57.53,1.32,481.26
Ratanpur,1926,87.81,2.81,1025.15
Ratanpur,1929,73.48,1.54,563.2
Ratanpur,1933,71.14,3.13,1142.52
Ratanpur,1934,51.38,2.26,824.65
Ratanpur,1943,68.68,2.35,856.23
Ratanpur,1945,65.41,2.18,795.27
Ratanpur,1946,40.75,2.25,821.52
Ratanpur,1948,38.02,1.12,409.0
Ratanpur,1949,68.63,1.61,587.56
Ratanpur,1954,59.75,2.0,728.86
Ratanpur,1967,65.08,2.24,818.24
Ratanpur,1968,52.31,0.94,344.05
Ratanpur,1969,35.33,1.83,669.65
Ratanpur,1970,61.53,2.64,963.26
Ratanpur,1971,71.06,1.62,590.88
Ratanpur,1972,54.22,1.18,432.19
Ratanpur,1973,92.29,3.28,1194.82
Ratanpur,1976,85.41,3.03,1108.48
Ratanpur,1978,78.57,2.53,923.32
Ratanpur,1979,88.41,1.75,640.3
Ratanpur,1980,41.89,1.41,514.58
Ratanpur,1985,72.82,1.23,448.43
Ratanpur,1986,69.22,1.21,443.28
Ratanpur,1987,55.2,1.27,462.99
Ratanpur,1989,60.39,1.99,725.54
Ratanpur,1990,98.54,2.8,1022.48
Ratanpur,1992,91.64,1.94,709.29
Ratanpur,1995,52.48,1.71,622.61
Ratanpur,1999,48.72,1.26,458.87
Ratanpur,2013,82.17,3.17,1156.19
Ratanpur,2024,92.13,2.92,1068.12
Ratanpur,2025,71.74,2.99,1090.3
Rayachoti,1907,59.18,1.6,585.32
Rayachoti,1908,61.42,1.21,443.64
Rayachoti,1909,51.45,1.94,709.77
Rayachoti,1910,58.61,2.73,995.06
Rayachoti,1911,65.65,1.32,480.94
Rayachoti,1912,64.39,1.61,590.81
Rayachoti,1915,71.84,2.38,866.95
Rayachoti,1917,75.29,2.49,909.23
Rayachoti,1920,59.64,1.58,578.01
Rayachoti,1921,53.71,1.84,670.69
Rayachoti,1922,59.85,2.07,754.99
Rayachoti,1923,44.32,1.26,458.18
Rayachoti,1925,74.94,2.23,815.5
Rayachoti,1926,64.0,1.9,693.36
Rayachoti,1929,54.17,1.85,674.72
Rayachoti,1933,75.7,1.45,529.42
Rayachoti,1934,59.82,1.26,460.22
Rayachoti,1943,73.41,2.51,909.84
Rayachoti,1945,29.47,1.32,480.52
Rayachoti,1946,88.67,2.46,897.08
Rayachoti,1948,57.51,1.37,501.67
Rayachoti,1949,53.38,1.99,724.74
Rayachoti,1954,48.52,1.92,697.85
Rayachoti,1967,52.99,2.45,893.58
Rayachoti,1968,39.77,1.53,559.59
Rayachoti,1969,82.57,2.5,905.98
Rayachoti,1970,77.05,2.45,893.34
Rayachoti,1971,34.74,1.45,528.85
Rayachoti,1972,51.5,2.0,730.96
Rayachoti,1973,48.42,2.03,742.24
Rayachoti,1976,97.9,2.57,937.03
Rayachoti,1978,78.59,2.76,1007.37
Rayachoti,1979,60.54,2.84,1035.68
Rayachoti,1980,43.81,1.83,667.52
Rayachoti,1985,49.2,2.2,799.4
Rayachoti,1986,82.96,1.96,716.78
Rayachoti,1987,44.16,1.79,653.08
Rayachoti,1989,64.29,1.77,647.0
Rayachoti,1990,60.4,2.4,875.42
Rayachoti,1992,36.1,1.54,564.15
Rayachoti,1995,66.49,1.97,718.85
Rayachoti,1999,33.95,1.12,410.3
Rayachoti,2013,35.03,1.57,573.89
Rayachoti,2024,56.18,2.31,845.79
Rayachoti,2025,95.0,2.88,1051.74
Sakleshpur,1907,69.37,4.72,1723.91
Sakleshpur,1908,66.98,2.93,1074.19
Sakleshpur,1909,86.79,4.29,1566.3
Sakleshpur,1910,70.51,4.49,1638.54
Sakleshpur,1911,91.72,3.86,1404.62
Sakleshpur,1912,70.22,5.0,1829.65
Sakleshpur,1915,52.91,3.76,1373.7
Sakleshpur,1917,93.95,3.61,1317.09
Sakleshpur,1920,93.4,3.36,1228.79
Sakleshpur,1921,69.36,3.73,1360.63
Sakleshpur,1922,41.74,3.19,1162.63
Sakleshpur,1923,91.97,4.44,1616.45
Sakleshpur,1925,68.13,4.04,1474.44
Sakleshpur,1926,93.86,3.34,1214.75
Sakleshpur,1929,82.09,4.54,1651.59
Sakleshpur,1933,59.92,5.44,1986.59
Sakleshpur,1934,61.93,3.26,1190.9
Sakleshpur,1943,71.94,4.18,1525.14
Sakleshpur,1945,66.01,2.81,1025.35
Sakleshpur,1946,59.63,5.18,1890.64
Sakleshpur,1948,93.98,4.03,1474.21
Sakleshpur,1949,66.89,2.52,921.21
Sakleshpur,1954,86.67,3.84,1400.84
Sakleshpur,1967,86.92,4.11,1488.41
Sakleshpur,1968,38.9,3.13,1145.76
Sakleshpur,1969,69.89,3.57,1300.53
Sakleshpur,1970,55.61,3.23,1178.58
Sakleshpur,1971,53.86,3.37,1229.76
Sakleshpur,1972,74.71,3.99,1461.5
Sakleshpur,1973,95.57,4.05,1479.91
Sakleshpur,1976,47.7,3.73,1365.67
Sakleshpur,1978,65.04,5.03,1836.33
Sakleshpur,1979,66.98,4.14,1509.96
Sakleshpur,1980,77.41,5.66,2070.64
Sakleshpur,1985,54.57,3.23,1179.42
Sakleshpur,1986,54.79,4.09,1491.44
Sakleshpur,1987,53.08,3.04,1110.45
Sakleshpur,1989,72.69,2.95,1077.8
Sakleshpur,1990,44.17,3.09,1126.61
Sakleshpur,1992,96.76,5.7,2086.34
Sakleshpur,1995,57.02,3.89,1418.67
Sakleshpur,1999,59.76,4.4,1606.47
Sakleshpur,2013,98.02,5.05,1845.07
Sakleshpur,2024,56.14,2.48,906.35
Sakleshpur,2025,78.91,3.08,1125.43
Salebhata,1907,81.2,3.85,1406.42
Salebhata,1908,73.54,3.84,1404.95
Salebhata,1909,91.71,3.82,1395.67
Salebhata,1910,41.84,3.25,1184.81
Salebhata,1911,85.2,4.01,1462.24
Salebhata,1912,69.18,3.33,1217.32
Salebhata,1915,62.25,3.13,1141.88
Salebhata,1917,83.77,5.08,1854.9
Salebhata,1920,89.6,4.24,1553.0
Salebhata,1921,54.45,3.52,1285.78
Salebhata,1922,61.15,3.86,1408.49
Salebhata,1923,62.53,3.14,1145.87
Salebhata,1925,63.76,4.25,1544.32
Salebhata,1926,69.51,4.59,1677.14
Salebhata,1929,90.72,4.57,1662.44
Salebhata,1933,81.48,4.81,1756.06
Salebhata,1934,73.98,3.69,1341.96
Salebhata,1943,67.27,4.36,1590.9
Salebhata,1945,73.46,4.06,1481.02
Salebhata,1946,78.19,4.56,1664.71
Salebhata,1948,57.01,3.13,1144.76
Salebhata,1949,69.57,4.06,1480.95
Salebhata,1954,56.36,3.01,1099.96
Salebhata,1967,65.84,3.9,1422.83
Salebhata,1968,86.59,2.99,1095.5
Salebhata,1969,61.3,3.01,1099.36
Salebhata,1970,54.51,3.73,1360.5
Salebhata,1971,65.77,3.5,1276.89
Salebhata,1972,62.64,2.89,1058.62
Salebhata,1973,63.21,3.51,1282.75
Salebhata,1976,52.12,3.11,1140.07
Salebhata,1978,62.55,2.97,1084.71
Salebhata,1979,64.47,1.83,668.9
Salebhata,1980,43.17,3.53,1293.36
Salebhata,1985,80.95,4.46,1626.65
Salebhata,1986,73.75,3.98,1454.23
Salebhata,1987,78.01,2.59,945.35
Salebhata,1989,82.69,3.38,1235.27
Salebhata,1990,64.52,4.47,1630.17
Salebhata,1992,92.12,2.84,1036.86
Salebhata,1995,52.13,2.95,1075.65
Salebhata,1999,64.62,2.93,1069.45
Salebhata,2013,79.62,3.46,1261.62
Salebhata,2024,65.78,3.09,1132.56
Salebhata,2025,70.0,3.31,1207.64
Samdoli__seasonal_,1907,78.79,4.08,1487.49
Samdoli__seasonal_,1908,69.47,3.54,1295.57
Samdoli__seasonal_,1909,58.18,3.03,1105.63
Samdoli__seasonal_,1910,74.35,3.28,1198.96
Samdoli__seasonal_,1911,35.25,2.23,814.53
Samdoli__seasonal_,1912,90.09,3.75,1374.17
Samdoli__seasonal_,1915,72.44,3.6,1312.73
Samdoli__seasonal_,1917,67.13,3.53,1289.4
Samdoli__seasonal_,1920,56.0,2.88,1055.45
Samdoli__seasonal_,1921,76.14,2.88,1051.86
Samdoli__seasonal_,1922,74.47,3.76,1373.33
Samdoli__seasonal_,1923,62.59,3.02,1103.35
Samdoli__seasonal_,1925,62.9,2.78,1014.23
Samdoli__seasonal_,1926,56.33,3.19,1164.26
Samdoli__seasonal_,1929,57.23,2.89,1056.0
Samdoli__seasonal_,1933,76.47,4.58,1673.11
Samdoli__seasonal_,1934,63.5,3.39,1238.98
Samdoli__seasonal_,1943,46.25,2.62,954.85
Samdoli__seasonal_,1945,93.41,3.2,1168.9
Samdoli__seasonal_,1946,83.97,5.28,1927.96
Samdoli__seasonal_,1948,67.35,3.11,1137.1
Samdoli__seasonal_,1949,68.8,3.08,1125.3
Samdoli__seasonal_,1954,59.36,2.98,1083.93
Samdoli__seasonal_,1967,69.51,3.61,1313.29
Samdoli__seasonal_,1968,38.95,2.53,924.39
Samdoli__seasonal_,1969,94.03,3.79,1384.86
Samdoli__seasonal_,1970,82.9,4.08,1490.49
Samdoli__seasonal_,1971,97.78,3.42,1247.0
Samdoli__seasonal_,1972,67.08,2.48,907.76
Samdoli__seasonal_,1973,78.27,3.82,1393.07
Samdoli__seasonal_,1976,81.56,3.76,1376.93
Samdoli__seasonal_,1978,79.16,3.71,1354.09
Samdoli__seasonal_,1979,71.88,4.0,1460.38
Samdoli__seasonal_,1980,86.37,4.24,1550.77
Samdoli__seasonal_,1985,74.56,2.85,1040.07
Samdoli__seasonal_,1986,52.71,2.33,850.3
Samdoli__seasonal_,1987,66.23,2.37,864.58
Samdoli__seasonal_,1989,83.48,3.28,1198.42
Samdoli__seasonal_,1990,79.24,3.11,1133.95
Samdoli__seasonal_,1992,63.73,3.1,1136.15
Samdoli__seasonal_,1995,64.77,3.21,1171.58
Samdoli__seasonal_,1999,66.93,3.47,1264.88
Samdoli__seasonal_,2013,50.84,3.56,1298.45
Samdoli__seasonal_,2024,74.76,5.36,1963.07
Samdoli__seasonal_,2025,57.81,3.67,1337.83
Sanarpatti,1907,46.13,1.82,663.16
Sanarpatti,1908,44.11,1.79,653.44
Sanarpatti,1909,48.71,2.46,898.43
Sanarpatti,1910,66.31,2.63,958.13
Sanarpatti,1911,70.91,2.31,844.14
Sanarpatti,1912,51.6,2.14,782.48
Sanarpatti,1915,75.42,2.58,941.69
Sanarpatti,1917,92.19,3.33,1214.32
Sanarpatti,1920,77.86,3.48,1275.49
Sanarpatti,1921,83.88,2.96,1080.78
Sanarpatti,1922,61.36,2.7,983.81
Sanarpatti,1923,40.93,1.47,537.07
Sanarpatti,1925,46.9,2.2,804.76
Sanarpatti,1926,51.39,2.04,741.56
Sanarpatti,1929,64.57,1.95,708.16
Sanarpatti,1933,92.72,2.65,968.59
Sanarpatti,1934,72.76,2.31,841.47
Sanarpatti,1943,77.97,3.54,1286.94
Sanarpatti,1945,44.84,1.83,669.23
Sanarpatti,1946,56.56,3.23,1180.36
Sanarpatti,1948,52.76,2.52,922.29
Sanarpatti,1949,58.58,2.69,980.66
Sanarpatti,1954,90.69,2.13,778.66
Sanarpatti,1967,69.36,2.18,795.9
Sanarpatti,1968,70.57,2.89,1057.65
Sanarpatti,1969,94.94,4.32,1560.56
Sanarpatti,1970,78.25,3.37,1228.46
Sanarpatti,1971,67.5,2.97,1082.91
Sanarpatti,1972,67.79,2.11,773.99
Sanarpatti,1973,52.36,2.66,969.26
Sanarpatti,1976,65.66,2.28,834.14
Sanarpatti,1978,52.09,1.97,720.69
Sanarpatti,1979,65.53,2.84,1035.07
Sanarpatti,1980,76.49,2.4,879.84
Sanarpatti,1985,49.83,1.92,700.29
Sanarpatti,1986,42.62,1.98,722.81
Sanarpatti,1987,45.87,2.69,980.0
Sanarpatti,1989,49.85,2.92,1063.48
Sanarpatti,1990,92.68,2.66,972.5
Sanarpatti,1992,93.07,2.71,988.07
Sanarpatti,1995,77.68,2.32,846.23
Sanarpatti,1999,60.91,2.31,841.85
Sanarpatti,2013,69.27,1.74,634.41
Sanarpatti,2024,61.79,3.36,1231.32
Sanarpatti,2025,62.85,2.11,769.66
Saner_at_chargawan,1907,67.22,2.74,1000.35
Saner_at_chargawan,1908,76.74,4.32,1580.77
Saner_at_chargawan,1909,70.13,3.0,1095.61
Saner_at_chargawan,1910,75.35,3.38,1232.08
Saner_at_chargawan,1911,67.77,2.87,1044.56
Saner_at_chargawan,1912,65.74,3.13,1144.56
Saner_at_chargawan,1915,95.5,3.68,1336.09
Saner_at_chargawan,1917,80.59,4.73,1727.37
Saner_at_chargawan,1920,76.01,2.32,847.8
Saner_at_chargawan,1921,67.82,3.5,1279.0
Saner_at_chargawan,1922,79.79,4.0,1459.68
Saner_at_chargawan,1923,68.58,3.59,1299.76
Saner_at_chargawan,1925,94.44,3.81,1386.74
Saner_at_chargawan,1926,83.43,3.79,1367.93
Saner_at_chargawan,1929,85.53,3.76,1367.76
Saner_at_chargawan,1933,66.67,3.38,1228.75
Saner_at_chargawan,1934,92.14,4.28,1558.31
Saner_at_chargawan,1943,97.35,4.01,1458.31
Saner_at_chargawan,1945,94.3,3.99,1454.62
Saner_at_chargawan,1946,67.14,3.4,1230.39
Saner_at_chargawan,1948,85.77,3.6,1313.92
Saner_at_chargawan,1949,68.2,3.41,1243.75
Saner_at_chargawan,1954,79.3,3.09,1125.92
Saner_at_chargawan,1967,91.02,4.27,1560.36
Saner_at_chargawan,1968,60.3,2.62,956.98
Saner_at_chargawan,1969,84.74,3.17,1152.47
Saner_at_chargawan,1970,86.61,4.11,1498.86
Saner_at_chargawan,1971,89.32,4.93,1787.85
Saner_at_chargawan,1972,97.58,2.6,944.1
Saner_at_chargawan,1973,88.59,3.57,1299.83
Saner_at_chargawan,1976,68.25,2.98,1088.96
Saner_at_chargawan,1978,86.84,3.67,1338.81
Saner_at_chargawan,1979,54.83,1.64,598.67
Saner_at_chargawan,1980,72.28,3.53,1287.24
Saner_at_chargawan,1985,93.65,3.54,1286.94
Saner_at_chargawan,1986,51.25,2.44,892.15
Saner_at_chargawan,1987,78.94,3.32,1211.45
Saner_at_chargawan,1989,37.07,1.6,580.83
Saner_at_chargawan,1990,98.97,4.13,1508.19
Saner_at_chargawan,1992,76.11,2.89,1058.54
Saner_at_chargawan,1995,95.29,2.89,1049.79
Saner_at_chargawan,1999,86.36,2.9,1050.25
Saner_at_chargawan,2013,98.43,4.26,1532.72
Saner_at_chargawan,2024,94.27,3.36,1224.69
Saner_at_chargawan,2025,72.43,3.25,1185.59
Sangam__murredu_,1907,94.78,2.89,1052.18
Sangam__murredu_,1908,93.07,2.91,1060.91
Sangam__murredu_,1909,48.39,2.32,848.26
Sangam__murredu_,1910,62.94,3.55,1295.81
Sangam__murredu_,1911,63.83,2.67,973.82
Sangam__murredu_,1912,81.86,2.7,987.88
Sangam__murredu_,1915,98.83,2.94,1072.4
Sangam__murredu_,1917,54.28,4.27,1552.85
Sangam__murredu_,1920,39.66,1.83,670.33
Sangam__murredu_,1921,90.07,3.46,1261.45
Sangam__murredu_,1922,86.07,2.75,1002.96
Sangam__murredu_,1923,86.03,2.28,833.08
Sangam__murredu_,1925,89.58,3.27,1189.91
Sangam__murredu_,1926,58.75,2.64,962.54
Sangam__murredu_,1929,88.72,2.33,851.4
Sangam__murredu_,1933,77.79,2.95,1074.76
Sangam__murredu_,1934,63.23,3.02,1100.55
Sangam__murredu_,1943,59.25,3.11,1133.89
Sangam__murredu_,1945,58.98,3.54,1292.56
Sangam__murredu_,1946,47.63,2.95,1078.07
Sangam__murredu_,1948,68.24,2.88,1055.38
Sangam__murredu_,1949,31.72,1.74,633.82
Sangam__murredu_,1954,63.96,2.85,1039.24
Sangam__murredu_,1967,58.26,3.2,1166.84
Sangam__murredu_,1968,54.87,1.98,724.39
Sangam__murredu_,1969,64.03,3.73,1362.43
Sangam__murredu_,1970,54.99,2.88,1052.42
Sangam__murredu_,1971,33.87,1.94,706.49
Sangam__murredu_,1972,38.2,2.05,749.45
Sangam__murredu_,1973,54.36,2.63,960.58
Sangam__murredu_,1976,77.64,3.5,1281.68
Sangam__murredu_,1978,65.46,3.47,1267.31
Sangam__murredu_,1979,46.01,1.78,649.77
Sangam__murredu_,1980,60.7,3.04,1112.72
Sangam__murredu_,1985,91.25,2.79,1018.06
Sangam__murredu_,1986,97.21,2.58,940.39
Sangam__murredu_,1987,57.4,2.75,1003.53
Sangam__murredu_,1989,69.61,3.0,1093.57
Sangam__murredu_,1990,90.29,4.17,1518.05
Sangam__murredu_,1992,84.4,2.65,971.28
Sangam__murredu_,1995,44.18,2.87,1047.88
Sangam__murredu_,1999,53.44,3.07,1121.5
Sangam__murredu_,2013,91.7,3.66,1336.91
Sangam__murredu_,2024,69.94,3.72,1359.27
Sangam__murredu_,2025,68.82,4.38,1600.45
Sanoor,1907,98.18,11.49,4089.66
Sanoor,1908,98.37,8.62,3034.2
Sanoor,1909,97.84,10.13,3646.32
Sanoor,1910,96.07,11.0,3993.19
Sanoor,1911,87.31,8.63,3107.72
Sanoor,1912,93.83,10.34,3721.85
Sanoor,1915,90.6,8.85,3195.66
Sanoor,1917,98.55,12.09,4388.55
Sanoor,1920,85.93,10.01,3625.27
Sanoor,1921,95.42,10.17,3672.03
Sanoor,1922,96.51,11.46,4089.89
Sanoor,1923,94.65,8.74,3066.09
Sanoor,1925,90.7,8.67,3041.92
Sanoor,1926,93.2,9.08,3249.08
Sanoor,1929,94.64,11.07,3963.09
Sanoor,1933,97.06,11.51,4095.83
Sanoor,1934,94.2,8.63,3114.43
Sanoor,1943,95.73,12.21,4407.13
Sanoor,1945,93.78,10.49,3808.48
Sanoor,1946,94.84,13.49,4856.59
Sanoor,1948,95.3,11.77,4259.16
Sanoor,1949,90.5,9.29,3345.84
Sanoor,1954,96.37,11.36,4077.56
Sanoor,1967,97.42,10.48,3762.45
Sanoor,1968,95.11,10.4,3712.38
Sanoor,1969,77.74,9.94,3538.12
Sanoor,1970,94.78,11.93,4294.7
Sanoor,1971,96.58,10.58,3724.94
Sanoor,1972,97.88,8.56,3072.8
Sanoor,1973,96.86,10.36,3709.79
Sanoor,1976,96.2,9.5,3447.94
Sanoor,1978,92.94,11.2,4020.9
Sanoor,1979,95.53,8.65,3113.62
Sanoor,1980,92.03,10.46,3745.43
Sanoor,1985,93.67,6.47,2360.13
Sanoor,1986,91.4,7.07,2573.7
Sanoor,1987,57.59,5.65,2061.91
Sanoor,1989,95.01,9.31,3387.19
Sanoor,1990,84.77,9.34,3401.1
Sanoor,1992,95.77,11.43,3965.11
Sanoor,1995,92.29,9.1,3292.77
Sanoor,1999,82.04,9.64,3461.54
Sanoor,2013,91.23,11.32,3982.88
Sanoor,2024,95.87,10.6,3773.41
Sanoor,2025,95.66,12.64,4577.1
Sarangkheda,1907,24.7,1.7,621.01
Sarangkheda,1908,37.55,1.89,691.57
Sarangkheda,1909,27.94,1.99,727.46
Sarangkheda,1910,31.7,2.53,921.8
Sarangkheda,1911,29.6,1.47,538.17
Sarangkheda,1912,36.39,1.6,584.1
Sarangkheda,1915,49.34,2.34,854.46
Sarangkheda,1917,26.1,2.51,914.69
Sarangkheda,1920,41.38,1.22,446.82
Sarangkheda,1921,39.2,1.97,717.32
Sarangkheda,1922,33.91,1.95,710.29
Sarangkheda,1923,23.59,1.76,642.91
Sarangkheda,1925,25.35,1.57,574.61
Sarangkheda,1926,23.26,1.83,667.4
Sarangkheda,1929,37.53,1.6,585.03
Sarangkheda,1933,39.86,2.7,986.87
Sarangkheda,1934,40.75,2.37,863.27
Sarangkheda,1943,36.09,2.3,838.3
Sarangkheda,1945,61.28,2.01,732.7
Sarangkheda,1946,48.3,2.58,943.51
Sarangkheda,1948,32.72,2.73,997.96
Sarangkheda,1949,47.59,2.99,1090.48
Sarangkheda,1954,38.75,2.33,849.89
Sarangkheda,1967,33.59,1.99,725.29
Sarangkheda,1968,59.54,1.73,632.16
Sarangkheda,1969,46.2,2.28,831.41
Sarangkheda,1970,34.61,2.75,1003.22
Sarangkheda,1971,30.43,1.55,566.81
Sarangkheda,1972,47.97,1.6,584.65
Sarangkheda,1973,41.49,2.5,911.33
Sarangkheda,1976,31.42,2.24,818.11
Sarangkheda,1978,37.89,2.11,769.39
Sarangkheda,1979,56.64,2.5,911.4
Sarangkheda,1980,27.19,1.93,706.47
Sarangkheda,1985,31.05,1.61,588.69
Sarangkheda,1986,36.1,1.77,646.42
Sarangkheda,1987,27.0,1.86,679.72
Sarangkheda,1989,50.26,2.09,763.24
Sarangkheda,1990,53.09,2.63,960.97
Sarangkheda,1992,56.07,1.97,722.01
Sarangkheda,1995,45.3,1.9,692.77
Sarangkheda,1999,42.45,2.2,803.47
Sarangkheda,2013,48.94,2.8,1022.77
Sarangkheda,2024,36.97,2.73,998.33
Sarangkheda,2025,37.36,2.46,897.54
Seedhi,1907,87.73,2.51,915.6
Seedhi,1908,79.8,2.3,841.94
Seedhi,1909,75.26,3.07,1116.18
Seedhi,1910,76.22,3.19,1165.35
Seedhi,1911,64.66,1.93,704.49
Seedhi,1912,84.19,2.8,1023.27
Seedhi,1915,87.24,3.72,1356.46
Seedhi,1917,83.31,3.82,1395.85
Seedhi,1920,56.16,2.07,756.51
Seedhi,1921,84.33,2.26,826.13
Seedhi,1922,52.18,2.09,764.51
Seedhi,1923,86.46,2.27,821.67
Seedhi,1925,88.81,3.15,1151.51
Seedhi,1926,42.78,2.1,765.92
Seedhi,1929,89.49,2.9,1057.01
Seedhi,1933,66.05,3.23,1176.06
Seedhi,1934,73.95,2.54,925.54
Seedhi,1943,70.46,2.86,1043.02
Seedhi,1945,79.27,2.43,887.25
Seedhi,1946,84.89,3.1,1131.6
Seedhi,1948,85.1,2.91,1063.55
Seedhi,1949,87.0,2.98,1085.31
Seedhi,1954,91.71,2.11,767.38
Seedhi,1967,42.65,2.24,818.98
Seedhi,1968,86.43,2.95,1074.05
Seedhi,1969,66.18,2.85,1041.57
Seedhi,1970,51.16,2.74,1000.5
Seedhi,1971,76.21,3.12,1138.71
Seedhi,1972,80.69,2.04,741.41
Seedhi,1973,77.52,3.21,1171.47
Seedhi,1976,97.18,2.96,1081.59
Seedhi,1978,88.84,3.35,1224.24
Seedhi,1979,84.59,2.34,851.63
Seedhi,1980,62.8,3.36,1215.32
Seedhi,1985,84.07,3.48,1269.47
Seedhi,1986,91.45,3.61,1311.29
Seedhi,1987,90.89,1.79,647.66
Seedhi,1989,52.04,1.71,621.98
Seedhi,1990,73.49,3.92,1426.49
Seedhi,1992,67.0,3.32,1213.07
Seedhi,1995,90.46,4.75,1727.54
Seedhi,1999,87.81,2.77,1009.57
Seedhi,2013,98.4,3.55,1289.32
Seedhi,2024,54.92,3.07,1123.37
Seedhi,2025,95.09,3.31,1203.46
Seethapalli,1907,76.28,3.43,1252.84
Seethapalli,1908,63.63,3.27,1196.27
Seethapalli,1909,75.26,2.75,1003.6
Seethapalli,1910,74.67,5.2,1899.51
Seethapalli,1911,75.34,2.92,1063.65
Seethapalli,1912,67.44,3.19,1166.01
Seethapalli,1915,62.8,3.79,1384.53
Seethapalli,1917,79.2,4.44,1616.8
Seethapalli,1920,90.95,2.69,985.52
Seethapalli,1921,66.84,2.91,1063.76
Seethapalli,1922,67.9,2.81,1026.22
Seethapalli,1923,83.47,3.76,1370.78
Seethapalli,1925,83.49,3.85,1403.92
Seethapalli,1926,76.54,3.16,1152.65
Seethapalli,1929,67.98,2.73,996.42
Seethapalli,1933,77.17,3.51,1277.33
Seethapalli,1934,79.9,2.91,1063.15
Seethapalli,1943,58.4,2.5,914.08
Seethapalli,1945,64.1,3.16,1151.64
Seethapalli,1946,66.21,2.81,1024.05
Seethapalli,1948,55.51,2.53,926.13
Seethapalli,1949,84.21,3.35,1219.21
Seethapalli,1954,64.86,3.01,1097.13
Seethapalli,1967,61.26,2.66,972.06
Seethapalli,1968,81.68,2.56,935.65
Seethapalli,1969,71.49,3.67,1337.54
Seethapalli,1970,53.87,3.09,1126.32
Seethapalli,1971,95.26,2.98,1086.82
Seethapalli,1972,90.69,3.3,1199.54
Seethapalli,1973,43.94,2.53,925.12
Seethapalli,1976,81.57,3.47,1268.43
Seethapalli,1978,82.99,3.45,1260.98
Seethapalli,1979,81.91,3.12,1138.45
Seethapalli,1980,73.47,3.24,1184.71
Seethapalli,1985,61.26,2.67,973.86
Seethapalli,1986,81.36,3.64,1324.95
Seethapalli,1987,67.44,3.8,1386.84
Seethapalli,1989,62.51,2.46,895.34
Seethapalli,1990,95.78,4.14,1504.49
Seethapalli,1992,53.83,3.09,1129.96
Seethapalli,1995,55.29,2.9,1059.0
Seethapalli,1999,58.71,2.88,1049.88
Seethapalli,2013,83.46,2.49,907.12
Seethapalli,2024,72.54,3.24,1182.03
Seethapalli,2025,63.12,3.32,1212.12
Sevanur,1907,24.03,2.4,875.43
Sevanur,1908,29.38,1.95,712.15
Sevanur,1909,38.99,2.94,1072.79
Sevanur,1910,30.69,3.0,1093.86
Sevanur,1911,41.63,2.3,840.61
Sevanur,1912,26.31,2.73,997.88
Sevanur,1915,36.25,2.8,1022.49
Sevanur,1917,38.95,2.7,984.33
Sevanur,1920,28.39,2.24,818.22
Sevanur,1921,31.32,2.47,900.56
Sevanur,1922,29.57,2.5,911.74
Sevanur,1923,22.11,2.01,734.05
Sevanur,1925,33.19,2.23,812.24
Sevanur,1926,35.96,2.19,799.23
Sevanur,1929,28.36,2.48,903.92
Sevanur,1933,36.87,3.14,1147.34
Sevanur,1934,29.79,2.01,733.47
Sevanur,1943,42.15,2.75,1004.06
Sevanur,1945,22.06,2.01,734.22
Sevanur,1946,40.3,3.27,1194.76
Sevanur,1948,27.82,2.56,938.66
Sevanur,1949,24.81,2.34,852.81
Sevanur,1954,33.63,2.41,881.06
Sevanur,1967,26.9,1.84,671.65
Sevanur,1968,31.47,2.06,753.85
Sevanur,1969,28.24,2.34,853.37
Sevanur,1970,34.71,2.29,834.06
Sevanur,1971,33.71,2.59,943.62
Sevanur,1972,43.21,2.71,993.21
Sevanur,1973,26.24,2.34,854.59
Sevanur,1976,13.93,1.59,582.86
Sevanur,1978,34.71,2.41,877.92
Sevanur,1979,24.37,2.75,1003.41
Sevanur,1980,31.06,2.29,837.15
Sevanur,1985,36.22,1.91,697.83
Sevanur,1986,33.55,2.38,868.2
Sevanur,1987,34.27,2.21,807.57
Sevanur,1989,28.77,2.04,744.23
Sevanur,1990,25.73,1.68,612.16
Sevanur,1992,30.64,2.47,904.12
Sevanur,1995,23.69,2.14,781.71
Sevanur,1999,26.9,2.63,961.07
Sevanur,2013,31.24,2.32,845.41
Sevanur,2024,25.91,2.77,1014.01
Sevanur,2025,32.93,2.63,961.74
Sharad,1907,79.76,3.1,1132.3
Sharad,1908,83.01,3.67,1339.02
Sharad,1909,81.59,2.45,894.54
Sharad,1910,92.4,3.82,1395.22
Sharad,1911,84.77,2.16,786.64
Sharad,1912,58.53,2.66,971.41
Sharad,1915,66.51,3.03,1104.28
Sharad,1917,98.15,4.21,1527.24
Sharad,1920,63.1,1.56,572.16
Sharad,1921,86.7,2.59,943.15
Sharad,1922,98.36,3.32,1212.12
Sharad,1923,61.5,1.96,713.47
Sharad,1925,96.29,2.82,1029.99
Sharad,1926,69.4,2.99,1091.61
Sharad,1929,72.7,2.08,759.77
Sharad,1933,80.15,4.67,1705.05
Sharad,1934,78.87,3.48,1269.76
Sharad,1943,65.93,2.63,960.08
Sharad,1945,78.28,2.92,1060.56
Sharad,1946,64.76,2.67,975.47
Sharad,1948,66.6,3.52,1289.58
Sharad,1949,63.01,3.57,1301.71
Sharad,1954,79.84,2.58,938.0
Sharad,1967,70.01,2.52,920.51
Sharad,1968,68.77,2.81,1027.04
Sharad,1969,80.47,2.75,1003.5
Sharad,1970,69.3,3.56,1300.72
Sharad,1971,49.67,2.03,741.7
Sharad,1972,78.88,1.79,653.9
Sharad,1973,65.45,3.23,1177.69
Sharad,1976,46.66,2.69,986.15
Sharad,1978,78.31,3.4,1240.07
Sharad,1979,98.51,3.04,1110.43
Sharad,1980,71.47,3.07,1125.02
Sharad,1985,68.71,2.42,883.71
Sharad,1986,98.43,2.86,1042.78
Sharad,1987,53.96,1.87,683.87
Sharad,1989,90.95,2.18,794.18
Sharad,1990,89.81,3.46,1257.27
Sharad,1992,88.88,3.01,1102.53
Sharad,1995,84.39,3.19,1166.16
Sharad,1999,57.36,2.81,1024.66
Sharad,2013,83.33,3.86,1405.02
Sharad,2024,87.35,3.18,1163.85
Sharad,2025,85.76,3.42,1248.92
Sher_at_kacchara,1907,61.67,2.55,930.34
Sher_at_kacchara,1908,57.88,3.36,1225.92
Sher_at_kacchara,1909,76.03,3.29,1201.5
Sher_at_kacchara,1910,93.62,3.66,1334.26
Sher_at_kacchara,1911,73.26,2.59,942.92
Sher_at_kacchara,1912,76.4,3.01,1097.5
Sher_at_kacchara,1915,90.75,3.55,1292.57
Sher_at_kacchara,1917,67.72,4.34,1583.63
Sher_at_kacchara,1920,78.8,2.53,925.47
Sher_at_kacchara,1921,60.13,2.78,1014.35
Sher_at_kacchara,1922,67.89,2.3,840.9
Sher_at_kacchara,1923,88.79,3.58,1306.05
Sher_at_kacchara,1925,88.25,2.88,1047.06
Sher_at_kacchara,1926,87.08,4.29,1555.99
Sher_at_kacchara,1929,93.61,3.49,1272.7
Sher_at_kacchara,1933,70.21,4.25,1542.55
Sher_at_kacchara,1934,82.87,4.04,1475.62
Sher_at_kacchara,1943,69.39,3.68,1338.54
Sher_at_kacchara,1945,91.88,4.08,1486.77
Sher_at_kacchara,1946,86.65,3.46,1255.26
Sher_at_kacchara,1948,97.62,4.07,1488.71
Sher_at_kacchara,1949,78.99,4.22,1539.17
Sher_at_kacchara,1954,75.41,3.07,1121.45
Sher_at_kacchara,1967,77.89,4.0,1459.75
Sher_at_kacchara,1968,74.48,2.67,975.87
Sher_at_kacchara,1969,79.86,2.77,1010.88
Sher_at_kacchara,1970,64.82,4.07,1482.65
Sher_at_kacchara,1971,77.5,4.33,1575.26
Sher_at_kacchara,1972,97.09,2.45,888.13
Sher_at_kacchara,1973,76.91,3.13,1139.4
Sher_at_kacchara,1976,51.42,2.51,920.05
Sher_at_kacchara,1978,60.36,2.81,1026.05
Sher_at_kacchara,1979,60.34,2.3,837.11
Sher_at_kacchara,1980,61.71,2.57,938.2
Sher_at_kacchara,1985,89.76,2.85,1038.07
Sher_at_kacchara,1986,72.41,2.86,1045.33
Sher_at_kacchara,1987,49.76,2.61,952.6
Sher_at_kacchara,1989,86.31,2.53,922.2
Sher_at_kacchara,1990,80.25,3.86,1407.85
Sher_at_kacchara,1992,69.9,2.61,952.92
Sher_at_kacchara,1995,50.62,2.5,913.4
Sher_at_kacchara,1999,78.18,3.19,1161.89
Sher_at_kacchara,2013,91.27,4.8,1753.51
Sher_at_kacchara,2024,93.41,4.44,1623.3
Sher_at_kacchara,2025,81.94,4.06,1483.04
Shindkheda,1907,37.62,1.26,458.7
Shindkheda,1908,42.97,0.96,351.16
Shindkheda,1909,31.9,1.29,470.05
Shindkheda,1910,86.76,2.11,768.59
Shindkheda,1911,27.87,0.68,246.95
Shindkheda,1912,74.58,1.06,386.39
Shindkheda,1915,72.15,1.68,613.33
Shindkheda,1917,48.44,1.73,631.77
Shindkheda,1920,44.75,0.96,352.18
Shindkheda,1921,48.2,1.49,542.75
Shindkheda,1922,53.42,1.25,457.25
Shindkheda,1923,48.42,0.95,347.28
Shindkheda,1925,43.48,1.06,385.75
Shindkheda,1926,37.77,1.16,422.98
Shindkheda,1929,90.86,1.4,510.97
Shindkheda,1933,79.22,2.03,739.23
Shindkheda,1934,38.2,1.24,453.0
Shindkheda,1943,64.6,1.63,593.88
Shindkheda,1945,55.53,1.27,462.56
Shindkheda,1946,88.05,2.49,908.61
Shindkheda,1948,60.16,1.74,634.8
Shindkheda,1949,83.76,2.25,822.6
Shindkheda,1954,59.69,1.76,641.95
Shindkheda,1967,97.96,1.85,674.57
Shindkheda,1968,72.16,1.05,381.97
Shindkheda,1969,76.44,2.09,762.06
Shindkheda,1970,69.99,2.28,832.27
Shindkheda,1971,46.2,1.28,466.98
Shindkheda,1972,39.38,0.98,358.54
Shindkheda,1973,62.95,2.12,772.66
Shindkheda,1976,84.34,2.2,802.63
Shindkheda,1978,50.97,1.47,534.89
Shindkheda,1979,69.87,1.78,650.26
Shindkheda,1980,59.64,1.51,553.91
Shindkheda,1985,72.29,1.19,432.98
Shindkheda,1986,26.14,0.82,300.18
Shindkheda,1987,56.48,1.27,461.3
Shindkheda,1989,67.14,1.74,635.22
Shindkheda,1990,81.42,1.67,609.47
Shindkheda,1992,74.47,1.37,502.44
Shindkheda,1995,39.36,1.11,404.35
Shindkheda,1999,49.35,1.31,476.41
Shindkheda,2013,63.56,2.86,1044.81
Shindkheda,2024,64.3,2.37,868.38
Shindkheda,2025,46.06,1.95,710.74
Shirpur,1907,51.54,1.42,517.01
Shirpur,1908,52.19,1.38,506.78
Shirpur,1909,33.78,1.67,609.99
Shirpur,1910,65.76,2.29,836.53
Shirpur,1911,40.03,1.04,379.71
Shirpur,1912,77.16,1.39,508.33
Shirpur,1915,52.4,1.86,677.65
Shirpur,1917,37.92,1.81,662.37
Shirpur,1920,57.82,1.04,379.08
Shirpur,1921,42.86,1.67,609.82
Shirpur,1922,51.41,1.49,544.22
Shirpur,1923,29.31,1.2,437.18
Shirpur,1925,67.8,1.49,544.51
Shirpur,1926,70.48,1.54,563.32
Shirpur,1929,68.36,1.16,424.06
Shirpur,1933,73.46,2.48,905.65
Shirpur,1934,40.66,1.69,618.61
Shirpur,1943,49.36,1.98,721.75
Shirpur,1945,56.58,1.63,592.28
Shirpur,1946,69.03,2.61,953.51
Shirpur,1948,73.06,2.49,910.84
Shirpur,1949,95.7,2.24,816.1
Shirpur,1954,87.21,2.53,921.69
Shirpur,1967,76.07,1.82,662.65
Shirpur,1968,32.12,1.32,481.36
Shirpur,1969,73.83,2.65,965.59
Shirpur,1970,72.22,2.63,958.27
Shirpur,1971,50.02,1.64,598.46
Shirpur,1972,80.29,1.53,558.36
Shirpur,1973,77.34,2.39,871.84
Shirpur,1976,61.26,1.94,710.24
Shirpur,1978,66.18,1.81,659.88
Shirpur,1979,80.29,2.07,754.13
Shirpur,1980,62.88,1.84,674.32
Shirpur,1985,58.13,1.48,537.16
Shirpur,1986,42.6,1.36,495.27
Shirpur,1987,49.61,1.66,606.84
Shirpur,1989,72.03,1.9,695.03
Shirpur,1990,70.62,1.94,707.45
Shirpur,1992,58.65,1.11,407.11
Shirpur,1995,38.49,1.05,385.03
Shirpur,1999,54.49,1.22,444.44
Shirpur,2013,65.91,3.03,1103.73
Shirpur,2024,76.1,2.6,953.32
Shirpur,2025,83.35,2.82,1025.4
Silgi_at_kotrai,1907,72.99,3.29,1202.6
Silgi_at_kotrai,1908,72.2,4.33,1580.91
Silgi_at_kotrai,1909,61.17,3.54,1293.57
Silgi_at_kotrai,1910,91.63,3.98,1451.78
Silgi_at_kotrai,1911,80.37,3.71,1354.77
Silgi_at_kotrai,1912,89.84,3.48,1275.49
Silgi_at_kotrai,1915,95.34,5.02,1827.86
Silgi_at_kotrai,1917,91.52,5.1,1856.06
Silgi_at_kotrai,1920,60.23,2.61,950.2
Silgi_at_kotrai,1921,72.46,3.0,1092.95
Silgi_at_kotrai,1922,72.5,3.5,1269.89
Silgi_at_kotrai,1923,80.51,3.93,1422.22
Silgi_at_kotrai,1925,93.12,4.92,1790.67
Silgi_at_kotrai,1926,67.3,4.14,1491.0
Silgi_at_kotrai,1929,86.04,3.74,1361.84
Silgi_at_kotrai,1933,86.43,3.87,1405.04
Silgi_at_kotrai,1934,87.42,4.29,1562.48
Silgi_at_kotrai,1943,53.58,3.91,1424.62
Silgi_at_kotrai,1945,88.68,4.34,1583.64
Silgi_at_kotrai,1946,77.35,4.54,1649.46
Silgi_at_kotrai,1948,51.4,4.19,1532.31
Silgi_at_kotrai,1949,70.2,3.76,1373.73
Silgi_at_kotrai,1954,59.8,3.03,1107.47
Silgi_at_kotrai,1967,54.04,3.82,1387.84
Silgi_at_kotrai,1968,66.21,2.67,976.73
Silgi_at_kotrai,1969,85.57,2.99,1090.46
Silgi_at_kotrai,1970,74.28,3.73,1358.55
Silgi_at_kotrai,1971,82.63,4.4,1602.91
Silgi_at_kotrai,1972,56.38,2.85,1044.0
Silgi_at_kotrai,1973,73.39,3.14,1146.84
Silgi_at_kotrai,1976,83.57,2.74,1003.65
Silgi_at_kotrai,1978,48.31,4.09,1492.22
Silgi_at_kotrai,1979,46.39,2.22,811.56
Silgi_at_kotrai,1980,92.7,3.92,1429.21
Silgi_at_kotrai,1985,92.08,3.26,1190.07
Silgi_at_kotrai,1986,71.28,3.09,1126.6
Silgi_at_kotrai,1987,55.54,3.37,1224.87
Silgi_at_kotrai,1989,79.59,2.62,954.72
Silgi_at_kotrai,1990,68.38,3.67,1338.75
Silgi_at_kotrai,1992,57.37,2.4,877.24
Silgi_at_kotrai,1995,71.43,3.48,1271.62
Silgi_at_kotrai,1999,72.46,3.28,1197.79
Silgi_at_kotrai,2013,66.01,3.3,1204.89
Silgi_at_kotrai,2024,96.78,3.11,1139.41
Silgi_at_kotrai,2025,94.56,3.36,1224.06
Singavaram,1907,61.56,1.47,536.37
Singavaram,1908,45.81,1.14,417.59
Singavaram,1909,56.21,1.9,692.43
Singavaram,1910,64.0,2.45,894.67
Singavaram,1911,42.33,1.33,483.95
Singavaram,1912,71.93,2.18,797.16
Singavaram,1915,60.03,1.88,685.22
Singavaram,1917,41.4,2.21,808.45
Singavaram,1920,53.41,1.03,376.39
Singavaram,1921,54.95,1.87,682.47
Singavaram,1922,43.47,1.3,473.71
Singavaram,1923,29.07,0.93,337.75
Singavaram,1925,51.4,1.67,609.61
Singavaram,1926,42.48,1.35,493.55
Singavaram,1929,52.52,1.71,624.57
Singavaram,1933,59.47,1.76,641.29
Singavaram,1934,25.88,0.92,334.31
Singavaram,1943,78.94,1.66,606.09
Singavaram,1945,30.4,1.19,435.09
Singavaram,1946,60.73,2.04,745.63
Singavaram,1948,47.95,1.47,539.41
Singavaram,1949,59.97,2.16,789.24
Singavaram,1954,81.03,1.6,584.26
Singavaram,1967,42.86,1.64,599.47
Singavaram,1968,27.62,1.4,513.49
Singavaram,1969,41.71,1.52,553.11
Singavaram,1970,38.02,1.33,485.62
Singavaram,1971,39.2,1.23,449.9
Singavaram,1972,52.45,1.53,558.52
Singavaram,1973,54.95,1.8,657.66
Singavaram,1976,34.2,1.35,492.47
Singavaram,1978,44.96,1.74,636.8
Singavaram,1979,55.22,1.68,613.14
Singavaram,1980,27.33,1.02,373.67
Singavaram,1985,38.16,1.09,398.77
Singavaram,1986,40.93,1.46,533.95
Singavaram,1987,39.58,1.16,422.77
Singavaram,1989,59.66,1.66,606.82
Singavaram,1990,48.09,1.44,525.7
Singavaram,1992,43.12,1.29,471.72
Singavaram,1995,60.35,1.94,707.88
Singavaram,1999,35.48,1.19,433.53
Singavaram,2013,43.68,1.52,553.87
Singavaram,2024,53.96,2.28,833.77
Singavaram,2025,36.46,2.0,729.06
Sip_at_dholpur,1907,47.56,2.26,823.46
Sip_at_dholpur,1908,92.49,2.86,1044.74
Sip_at_dholpur,1909,55.31,2.4,876.64
Sip_at_dholpur,1910,66.62,3.23,1177.46
Sip_at_dholpur,1911,65.88,2.39,868.23
Sip_at_dholpur,1912,90.29,2.8,1025.48
Sip_at_dholpur,1915,64.67,3.48,1267.47
Sip_at_dholpur,1917,96.33,4.27,1559.01
Sip_at_dholpur,1920,46.38,1.89,690.48
Sip_at_dholpur,1921,67.75,2.72,991.64
Sip_at_dholpur,1922,45.1,3.1,1131.23
Sip_at_dholpur,1923,98.61,3.3,1202.67
Sip_at_dholpur,1925,77.26,2.55,929.83
Sip_at_dholpur,1926,75.34,3.17,1152.87
Sip_at_dholpur,1929,53.45,1.91,693.53
Sip_at_dholpur,1933,84.15,2.74,995.06
Sip_at_dholpur,1934,85.87,4.14,1511.65
Sip_at_dholpur,1943,80.58,3.09,1125.8
Sip_at_dholpur,1945,90.62,3.5,1275.74
Sip_at_dholpur,1946,91.52,3.57,1298.82
Sip_at_dholpur,1948,93.09,3.9,1423.93
Sip_at_dholpur,1949,92.29,3.15,1149.56
Sip_at_dholpur,1954,98.55,2.98,1083.2
Sip_at_dholpur,1967,83.43,2.11,767.34
Sip_at_dholpur,1968,61.07,2.4,875.42
Sip_at_dholpur,1969,72.81,3.0,1095.96
Sip_at_dholpur,1970,75.11,3.58,1303.22
Sip_at_dholpur,1971,76.24,2.73,994.78
Sip_at_dholpur,1972,64.19,1.93,701.78
Sip_at_dholpur,1973,90.97,3.33,1204.56
Sip_at_dholpur,1976,85.37,3.08,1122.26
Sip_at_dholpur,1978,73.48,3.15,1143.89
Sip_at_dholpur,1979,98.72,2.18,795.15
Sip_at_dholpur,1980,98.99,3.22,1177.88
Sip_at_dholpur,1985,82.73,2.51,911.85
Sip_at_dholpur,1986,87.09,2.41,872.48
Sip_at_dholpur,1987,51.48,2.1,763.95
Sip_at_dholpur,1989,73.41,2.43,886.28
Sip_at_dholpur,1990,48.58,3.58,1303.89
Sip_at_dholpur,1992,91.03,1.94,708.98
Sip_at_dholpur,1995,53.29,2.45,895.63
Sip_at_dholpur,1999,78.12,4.0,1450.55
Sip_at_dholpur,2013,77.4,4.13,1499.51
Sip_at_dholpur,2024,69.01,3.84,1406.06
Sip_at_dholpur,2025,69.62,3.79,1383.04
Sipu_at_sipudam_bhakudar_,1907,88.99,2.97,1073.99
Sipu_at_sipudam_bhakudar_,1908,78.16,4.18,1505.3
Sipu_at_sipudam_bhakudar_,1909,83.18,2.83,1017.01
Sipu_at_sipudam_bhakudar_,1910,68.15,2.83,1031.63
Sipu_at_sipudam_bhakudar_,1911,36.19,0.89,326.12
Sipu_at_sipudam_bhakudar_,1912,83.83,2.43,887.74
Sipu_at_sipudam_bhakudar_,1915,34.78,1.17,427.66
Sipu_at_sipudam_bhakudar_,1917,94.27,5.66,2033.16
Sipu_at_sipudam_bhakudar_,1920,63.23,2.27,829.73
Sipu_at_sipudam_bhakudar_,1921,95.57,2.64,956.58
Sipu_at_sipudam_bhakudar_,1922,72.75,2.31,840.02
Sipu_at_sipudam_bhakudar_,1923,40.48,0.7,254.31
Sipu_at_sipudam_bhakudar_,1925,71.27,1.9,692.29
Sipu_at_sipudam_bhakudar_,1926,79.46,4.35,1573.67
Sipu_at_sipudam_bhakudar_,1929,92.42,2.22,802.94
Sipu_at_sipudam_bhakudar_,1933,69.26,3.6,1308.34
Sipu_at_sipudam_bhakudar_,1934,78.4,3.42,1238.06
Sipu_at_sipudam_bhakudar_,1943,85.33,2.68,968.8
Sipu_at_sipudam_bhakudar_,1945,95.63,3.23,1171.12
Sipu_at_sipudam_bhakudar_,1946,98.88,3.26,1185.08
Sipu_at_sipudam_bhakudar_,1948,65.25,1.71,623.03
Sipu_at_sipudam_bhakudar_,1949,66.99,2.09,763.5
Sipu_at_sipudam_bhakudar_,1954,97.95,2.89,1056.48
Sipu_at_sipudam_bhakudar_,1967,97.66,2.74,999.4
Sipu_at_sipudam_bhakudar_,1968,76.62,0.99,363.67
Sipu_at_sipudam_bhakudar_,1969,43.71,0.9,329.52
Sipu_at_sipudam_bhakudar_,1970,70.46,2.87,1044.03
Sipu_at_sipudam_bhakudar_,1971,81.42,1.87,683.89
Sipu_at_sipudam_bhakudar_,1972,75.36,1.66,606.41
Sipu_at_sipudam_bhakudar_,1973,83.94,2.97,1070.11
Sipu_at_sipudam_bhakudar_,1976,75.67,2.83,1026.6
Sipu_at_sipudam_bhakudar_,1978,78.69,2.8,1023.37
Sipu_at_sipudam_bhakudar_,1979,93.48,2.58,940.3
Sipu_at_sipudam_bhakudar_,1980,59.87,1.74,635.12
Sipu_at_sipudam_bhakudar_,1985,77.64,1.5,547.22
Sipu_at_sipudam_bhakudar_,1986,94.3,1.21,443.46
Sipu_at_sipudam_bhakudar_,1987,28.32,0.66,240.06
Sipu_at_sipudam_bhakudar_,1989,60.14,1.76,642.24
Sipu_at_sipudam_bhakudar_,1990,88.73,2.07,748.63
Sipu_at_sipudam_bhakudar_,1992,83.04,2.24,813.8
Sipu_at_sipudam_bhakudar_,1995,68.37,1.73,631.16
Sipu_at_sipudam_bhakudar_,1999,42.61,0.88,321.77
Sipu_at_sipudam_bhakudar_,2013,85.73,2.85,1037.6
Sipu_at_sipudam_bhakudar_,2024,73.95,2.53,926.55
Sipu_at_sipudam_bhakudar_,2025,75.95,3.02,1103.78
Sirimoda,1907,69.44,2.78,1015.89
Sirimoda,1908,67.9,2.41,882.88
Sirimoda,1909,84.42,2.58,943.52
Sirimoda,1910,93.88,4.03,1470.03
Sirimoda,1911,62.4,1.85,673.62
Sirimoda,1912,62.43,2.58,942.81
Sirimoda,1915,95.69,3.66,1335.46
Sirimoda,1917,88.52,3.65,1332.05
Sirimoda,1920,79.98,1.62,593.95
Sirimoda,1921,59.73,2.68,978.59
Sirimoda,1922,59.93,2.23,813.03
Sirimoda,1923,62.47,2.33,844.91
Sirimoda,1925,75.22,3.31,1204.29
Sirimoda,1926,54.55,2.96,1081.29
Sirimoda,1929,55.26,2.23,812.65
Sirimoda,1933,67.54,3.23,1177.62
Sirimoda,1934,57.71,2.97,1082.37
Sirimoda,1943,86.88,3.12,1140.37
Sirimoda,1945,82.26,2.92,1063.42
Sirimoda,1946,54.81,3.11,1135.29
Sirimoda,1948,57.25,3.13,1145.41
Sirimoda,1949,81.55,3.36,1221.8
Sirimoda,1954,91.9,3.04,1107.89
Sirimoda,1967,53.93,2.37,865.9
Sirimoda,1968,41.97,2.43,888.66
Sirimoda,1969,48.54,2.41,878.36
Sirimoda,1970,47.89,2.57,938.35
Sirimoda,1971,39.72,2.36,862.81
Sirimoda,1972,63.5,2.66,975.17
Sirimoda,1973,47.93,2.3,841.2
Sirimoda,1976,39.88,2.16,788.91
Sirimoda,1978,43.94,2.76,1008.16
Sirimoda,1979,64.37,2.53,924.47
Sirimoda,1980,98.37,3.11,1137.51
Sirimoda,1985,55.71,2.83,1032.89
Sirimoda,1986,81.59,3.14,1139.67
Sirimoda,1987,90.17,2.62,952.81
Sirimoda,1989,55.03,2.19,798.1
Sirimoda,1990,55.99,3.16,1144.97
Sirimoda,1992,58.07,2.59,946.35
Sirimoda,1995,69.75,3.26,1188.24
Sirimoda,1999,61.27,2.61,951.43
Sirimoda,2013,63.17,3.02,1103.45
Sirimoda,2024,45.45,2.68,980.8
Sirimoda,2025,49.43,2.23,814.99
Sohagpura,1907,81.8,1.38,502.87
Sohagpura,1908,62.6,1.81,662.02
Sohagpura,1909,59.97,1.44,524.83
Sohagpura,1910,64.36,2.45,894.86
Sohagpura,1911,49.46,1.05,383.24
Sohagpura,1912,61.36,1.67,610.15
Sohagpura,1915,31.11,1.15,420.52
Sohagpura,1917,82.93,4.12,1501.12
Sohagpura,1920,43.43,1.49,544.93
Sohagpura,1921,49.12,1.37,498.8
Sohagpura,1922,73.19,2.23,812.25
Sohagpura,1923,83.01,2.14,780.13
Sohagpura,1925,37.3,1.15,419.68
Sohagpura,1926,63.6,2.32,848.51
Sohagpura,1929,86.5,2.43,883.87
Sohagpura,1933,64.73,2.61,950.92
Sohagpura,1934,39.1,2.17,790.64
Sohagpura,1943,73.59,1.83,662.09
Sohagpura,1945,71.69,2.38,864.22
Sohagpura,1946,77.25,2.78,1008.0
Sohagpura,1948,91.79,2.7,989.31
Sohagpura,1949,67.09,1.97,717.74
Sohagpura,1954,86.65,3.28,1194.2
Sohagpura,1967,64.34,1.77,643.72
Sohagpura,1968,75.59,1.33,484.38
Sohagpura,1969,97.0,2.39,869.32
Sohagpura,1970,53.85,2.08,757.5
Sohagpura,1971,69.24,2.74,998.58
Sohagpura,1972,57.41,1.49,544.66
Sohagpura,1973,96.07,3.85,1398.97
Sohagpura,1976,92.52,3.32,1210.28
Sohagpura,1978,69.23,2.39,871.64
Sohagpura,1979,52.76,1.61,585.97
Sohagpura,1980,74.38,2.15,784.22
Sohagpura,1985,93.1,2.04,745.87
Sohagpura,1986,96.91,1.93,701.12
Sohagpura,1987,79.17,1.47,534.99
Sohagpura,1989,61.42,2.09,764.14
Sohagpura,1990,73.2,3.38,1233.85
Sohagpura,1992,59.91,1.59,581.26
Sohagpura,1995,84.95,2.28,833.55
Sohagpura,1999,96.78,2.54,926.92
Sohagpura,2013,48.66,2.76,1005.94
Sohagpura,2024,98.78,3.07,1119.57
Sohagpura,2025,86.85,3.05,1108.68
Somanpally_seasonal_,1907,64.13,2.31,842.43
Somanpally_seasonal_,1908,55.97,2.89,1059.57
Somanpally_seasonal_,1909,37.23,1.81,662.21
Somanpally_seasonal_,1910,53.19,2.68,977.57
Somanpally_seasonal_,1911,34.33,1.62,591.89
Somanpally_seasonal_,1912,37.14,2.23,816.66
Somanpally_seasonal_,1915,60.73,2.96,1081.98
Somanpally_seasonal_,1917,63.24,3.63,1323.78
Somanpally_seasonal_,1920,45.95,1.26,461.66
Somanpally_seasonal_,1921,69.76,2.81,1024.38
Somanpally_seasonal_,1922,43.8,2.64,961.97
Somanpally_seasonal_,1923,47.99,1.98,722.36
Somanpally_seasonal_,1925,56.34,3.42,1249.85
Somanpally_seasonal_,1926,45.59,2.15,784.06
Somanpally_seasonal_,1929,55.83,2.35,858.14
Somanpally_seasonal_,1933,62.02,3.5,1278.54
Somanpally_seasonal_,1934,43.95,2.54,928.12
Somanpally_seasonal_,1943,39.86,2.48,905.6
Somanpally_seasonal_,1945,37.69,2.75,1004.85
Somanpally_seasonal_,1946,67.48,2.53,923.42
Somanpally_seasonal_,1948,61.62,2.59,947.13
Somanpally_seasonal_,1949,51.7,3.04,1107.85
Somanpally_seasonal_,1954,51.29,2.34,852.75
Somanpally_seasonal_,1967,52.9,2.62,954.97
Somanpally_seasonal_,1968,37.91,1.81,663.96
Somanpally_seasonal_,1969,46.69,2.7,986.68
Somanpally_seasonal_,1970,43.67,2.41,880.9
Somanpally_seasonal_,1971,31.02,1.94,706.95
Somanpally_seasonal_,1972,52.63,1.86,679.49
Somanpally_seasonal_,1973,48.63,2.84,1036.16
Somanpally_seasonal_,1976,58.86,2.49,912.66
Somanpally_seasonal_,1978,62.3,3.42,1249.56
Somanpally_seasonal_,1979,50.34,2.13,776.47
Somanpally_seasonal_,1980,38.47,2.18,796.88
Somanpally_seasonal_,1985,28.65,1.92,700.61
Somanpally_seasonal_,1986,66.41,2.46,898.58
Somanpally_seasonal_,1987,73.96,2.46,896.94
Somanpally_seasonal_,1989,75.1,2.98,1087.52
Somanpally_seasonal_,1990,41.06,3.26,1189.48
Somanpally_seasonal_,1992,52.89,2.14,783.03
Somanpally_seasonal_,1995,63.55,3.19,1165.51
Somanpally_seasonal_,1999,37.07,2.49,907.35
Somanpally_seasonal_,2013,74.19,3.52,1283.69
Somanpally_seasonal_,2024,70.17,3.38,1237.94
Somanpally_seasonal_,2025,70.96,3.63,1325.01
Songe_bange,1907,65.98,4.34,1574.5
Songe_bange,1908,88.05,4.38,1598.46
Songe_bange,1909,60.56,3.27,1194.68
Songe_bange,1910,69.51,3.51,1282.07
Songe_bange,1911,47.11,3.1,1132.33
Songe_bange,1912,83.58,4.38,1583.78
Songe_bange,1915,93.99,3.8,1382.07
Songe_bange,1917,58.23,3.38,1228.92
Songe_bange,1920,62.74,3.56,1303.84
Songe_bange,1921,97.78,3.72,1355.02
Songe_bange,1922,86.83,4.19,1526.3
Songe_bange,1923,98.15,5.28,1927.61
Songe_bange,1925,78.28,3.93,1433.08
Songe_bange,1926,87.54,4.1,1494.01
Songe_bange,1929,53.78,3.71,1354.71
Songe_bange,1933,97.97,4.98,1811.35
Songe_bange,1934,92.38,5.03,1834.59
Songe_bange,1943,76.08,4.31,1565.51
Songe_bange,1945,90.12,4.45,1624.3
Songe_bange,1946,81.41,6.13,2231.13
Songe_bange,1948,83.44,5.21,1907.27
Songe_bange,1949,81.95,4.28,1560.72
Songe_bange,1954,80.42,5.18,1885.76
Songe_bange,1967,86.99,4.68,1702.65
Songe_bange,1968,48.74,3.1,1136.36
Songe_bange,1969,60.34,4.08,1489.27
Songe_bange,1970,81.39,4.58,1672.83
Songe_bange,1971,65.07,3.69,1347.64
Songe_bange,1972,90.97,3.97,1454.57
Songe_bange,1973,51.77,4.16,1514.2
Songe_bange,1976,84.05,4.61,1686.0
Songe_bange,1978,72.51,4.46,1626.68
Songe_bange,1979,66.27,3.89,1418.16
Songe_bange,1980,58.14,3.57,1306.89
Songe_bange,1985,80.27,4.11,1499.51
Songe_bange,1986,82.52,4.2,1531.64
Songe_bange,1987,50.39,2.41,878.41
Songe_bange,1989,78.55,3.4,1235.18
Songe_bange,1990,30.1,1.3,475.27
Songe_bange,1992,84.37,3.75,1371.4
Songe_bange,1995,40.88,1.81,659.6
Songe_bange,1999,43.61,2.51,917.44
Songe_bange,2013,55.76,3.79,1384.33
Songe_bange,2024,73.83,5.9,2158.19
Songe_bange,2025,96.99,6.32,2302.0
Suddakal,1907,35.82,1.64,600.35
Suddakal,1908,51.25,2.03,742.16
Suddakal,1909,76.08,2.13,777.51
Suddakal,1910,79.59,2.06,753.48
Suddakal,1911,30.34,1.6,584.87
Suddakal,1912,54.19,1.9,693.87
Suddakal,1915,65.49,3.04,1109.32
Suddakal,1917,42.07,2.91,1060.94
Suddakal,1920,34.54,1.29,473.82
Suddakal,1921,33.95,1.77,646.78
Suddakal,1922,64.86,1.59,580.03
Suddakal,1923,70.88,1.76,643.82
Suddakal,1925,60.8,2.36,859.67
Suddakal,1926,52.44,1.85,675.62
Suddakal,1929,28.43,1.47,535.71
Suddakal,1933,62.92,2.81,1026.24
Suddakal,1934,44.46,1.69,618.46
Suddakal,1943,51.11,2.16,788.64
Suddakal,1945,81.08,2.1,767.16
Suddakal,1946,31.16,2.06,751.0
Suddakal,1948,39.26,2.06,752.34
Suddakal,1949,55.57,1.88,686.35
Suddakal,1954,90.78,2.19,798.38
Suddakal,1967,37.84,1.68,614.62
Suddakal,1968,53.1,1.73,633.13
Suddakal,1969,34.41,1.59,580.22
Suddakal,1970,57.13,2.13,777.65
Suddakal,1971,88.6,1.43,522.38
Suddakal,1972,25.71,1.24,455.08
Suddakal,1973,36.28,1.79,653.48
Suddakal,1976,61.32,2.16,790.54
Suddakal,1978,49.03,2.46,897.24
Suddakal,1979,79.14,1.95,713.28
Suddakal,1980,31.51,1.42,518.86
Suddakal,1985,54.24,1.49,543.04
Suddakal,1986,24.72,1.59,579.49
Suddakal,1987,52.84,1.96,714.89
Suddakal,1989,45.97,1.92,700.9
Suddakal,1990,45.48,2.66,969.53
Suddakal,1992,32.94,1.51,552.32
Suddakal,1995,62.88,2.85,1038.55
Suddakal,1999,49.48,1.75,638.4
Suddakal,2013,75.0,2.54,927.93
Suddakal,2024,41.48,2.24,816.21
Suddakal,2025,64.15,3.18,1160.1
Sukwad,1907,26.32,1.73,631.97
Sukwad,1908,39.01,1.94,711.61
Sukwad,1909,29.16,2.03,741.95
Sukwad,1910,30.51,2.55,931.79
Sukwad,1911,29.9,1.52,555.27
Sukwad,1912,33.86,1.62,593.51
Sukwad,1915,49.28,2.38,869.98
Sukwad,1917,27.29,2.56,933.23
Sukwad,1920,42.15,1.23,451.4
Sukwad,1921,39.28,1.99,728.15
Sukwad,1922,34.95,1.98,723.87
Sukwad,1923,24.86,1.8,657.72
Sukwad,1925,26.4,1.6,583.18
Sukwad,1926,24.13,1.87,681.19
Sukwad,1929,36.06,1.63,593.28
Sukwad,1933,42.3,2.74,1000.82
Sukwad,1934,42.49,2.43,887.7
Sukwad,1943,36.0,2.33,849.25
Sukwad,1945,59.14,2.03,740.26
Sukwad,1946,50.25,2.59,946.12
Sukwad,1948,31.14,2.77,1012.64
Sukwad,1949,44.91,3.03,1107.63
Sukwad,1954,40.07,2.35,856.34
Sukwad,1967,34.03,1.99,724.97
Sukwad,1968,58.69,1.74,638.07
Sukwad,1969,44.34,2.28,830.66
Sukwad,1970,35.35,2.77,1012.5
Sukwad,1971,30.86,1.56,570.79
Sukwad,1972,48.46,1.63,594.95
Sukwad,1973,40.94,2.51,916.44
Sukwad,1976,30.87,2.22,814.13
Sukwad,1978,38.95,2.14,781.47
Sukwad,1979,55.38,2.54,926.05
Sukwad,1980,26.87,1.95,715.02
Sukwad,1985,33.0,1.63,594.31
Sukwad,1986,37.7,1.82,663.95
Sukwad,1987,26.36,1.89,690.95
Sukwad,1989,49.71,2.11,768.97
Sukwad,1990,52.46,2.68,977.5
Sukwad,1992,55.0,2.01,734.66
Sukwad,1995,45.52,1.94,709.89
Sukwad,1999,42.39,2.25,822.03
Sukwad,2013,49.9,2.79,1017.11
Sukwad,2024,35.68,2.74,1002.82
Sukwad,2025,37.39,2.46,898.27
Sundergarh,1907,74.13,4.66,1702.4
Sundergarh,1908,56.3,4.45,1630.21
Sundergarh,1909,60.11,4.54,1655.61
Sundergarh,1910,95.26,4.1,1496.54
Sundergarh,1911,58.61,3.83,1391.78
Sundergarh,1912,61.91,3.83,1401.82
Sundergarh,1915,57.51,3.83,1396.33
Sundergarh,1917,56.13,5.52,2015.72
Sundergarh,1920,86.44,4.22,1540.52
Sundergarh,1921,85.33,3.6,1309.5
Sundergarh,1922,58.05,3.92,1431.09
Sundergarh,1923,93.48,4.7,1711.36
Sundergarh,1925,87.28,5.07,1845.53
Sundergarh,1926,86.31,5.54,2023.17
Sundergarh,1929,77.27,4.34,1581.04
Sundergarh,1933,74.97,4.54,1648.59
Sundergarh,1934,89.81,4.27,1558.02
Sundergarh,1943,80.74,5.38,1964.79
Sundergarh,1945,71.5,4.89,1780.67
Sundergarh,1946,83.39,5.82,2123.53
Sundergarh,1948,81.25,4.64,1696.53
Sundergarh,1949,68.9,5.08,1853.83
Sundergarh,1954,50.8,2.75,1005.27
Sundergarh,1967,75.21,3.75,1367.75
Sundergarh,1968,69.31,3.08,1125.66
Sundergarh,1969,97.07,3.44,1257.25
Sundergarh,1970,46.18,2.72,993.11
Sundergarh,1971,75.3,4.97,1813.71
Sundergarh,1972,80.08,3.11,1139.69
Sundergarh,1973,78.37,4.52,1646.36
Sundergarh,1976,91.46,2.88,1055.89
Sundergarh,1978,62.6,3.86,1410.54
Sundergarh,1979,43.4,1.9,692.78
Sundergarh,1980,66.49,3.27,1198.33
Sundergarh,1985,77.82,3.01,1098.59
Sundergarh,1986,56.33,3.83,1396.44
Sundergarh,1987,45.62,2.36,858.47
Sundergarh,1989,67.24,2.77,1011.74
Sundergarh,1990,60.41,3.48,1271.61
Sundergarh,1992,66.64,2.39,873.38
Sundergarh,1995,67.41,3.24,1181.86
Sundergarh,1999,94.17,4.95,1806.87
Sundergarh,2013,50.41,3.46,1258.48
Sundergarh,2024,51.72,3.03,1108.22
Sundergarh,2025,74.16,3.43,1252.94
Surubali,1907,86.46,3.04,1108.46
Surubali,1908,85.59,3.28,1201.45
Surubali,1909,81.87,3.75,1367.19
Surubali,1910,81.54,4.11,1501.97
Surubali,1911,70.56,2.43,883.34
Surubali,1912,72.43,4.23,1549.12
Surubali,1915,87.51,4.26,1553.23
Surubali,1917,94.3,4.94,1803.14
Surubali,1920,92.59,3.98,1456.66
Surubali,1921,85.59,4.54,1646.9
Surubali,1922,58.43,3.81,1390.05
Surubali,1923,98.23,3.98,1443.76
Surubali,1925,94.04,6.19,2235.64
Surubali,1926,64.61,3.92,1430.62
Surubali,1929,74.31,3.34,1220.92
Surubali,1933,96.77,4.62,1675.88
Surubali,1934,69.58,2.98,1087.26
Surubali,1943,39.74,2.97,1082.39
Surubali,1945,55.25,3.74,1362.48
Surubali,1946,75.27,4.1,1491.58
Surubali,1948,87.76,3.44,1255.23
Surubali,1949,80.99,3.82,1390.77
Surubali,1954,78.88,3.44,1253.26
Surubali,1967,76.12,3.28,1198.54
Surubali,1968,67.99,3.2,1164.74
Surubali,1969,73.05,2.99,1088.56
Surubali,1970,61.83,3.04,1109.14
Surubali,1971,82.72,3.69,1346.46
Surubali,1972,87.48,3.1,1129.56
Surubali,1973,77.31,3.91,1421.98
Surubali,1976,48.52,3.18,1165.24
Surubali,1978,55.87,3.01,1096.93
Surubali,1979,79.1,2.75,1002.6
Surubali,1980,65.54,3.64,1328.55
Surubali,1985,83.28,4.07,1479.91
Surubali,1986,65.83,4.11,1499.28
Surubali,1987,76.37,3.17,1156.46
Surubali,1989,64.7,3.84,1402.44
Surubali,1990,89.76,5.82,2117.15
Surubali,1992,91.17,4.46,1626.72
Surubali,1995,56.65,4.63,1680.83
Surubali,1999,73.47,3.0,1096.37
Surubali,2013,72.61,4.21,1528.95
Surubali,2024,42.99,2.73,1000.25
Surubali,2025,95.46,4.3,1569.78
T__bekkupe,1907,62.72,1.86,680.24
T__bekkupe,1908,42.79,1.73,634.03
T__bekkupe,1909,66.98,2.74,999.27
T__bekkupe,1910,42.53,3.02,1100.76
T__bekkupe,1911,72.63,1.94,709.72
T__bekkupe,1912,64.71,2.88,1052.35
T__bekkupe,1915,45.09,2.27,828.47
T__bekkupe,1917,56.57,2.44,891.63
T__bekkupe,1920,28.18,1.6,586.37
T__bekkupe,1921,51.34,2.13,777.42
T__bekkupe,1922,46.42,2.08,758.35
T__bekkupe,1923,28.64,1.48,541.36
T__bekkupe,1925,29.28,1.76,641.92
T__bekkupe,1926,32.19,1.82,664.73
T__bekkupe,1929,53.01,2.1,766.01
T__bekkupe,1933,56.67,2.4,874.93
T__bekkupe,1934,59.19,1.61,586.5
T__bekkupe,1943,85.75,2.86,1042.85
T__bekkupe,1945,38.89,1.6,583.76
T__bekkupe,1946,37.1,2.78,1014.21
T__bekkupe,1948,33.79,1.96,719.08
T__bekkupe,1949,45.6,2.34,855.88
T__bekkupe,1954,48.59,2.02,737.5
T__bekkupe,1967,37.39,1.79,654.09
T__bekkupe,1968,43.63,2.24,820.86
T__bekkupe,1969,47.53,2.62,957.63
T__bekkupe,1970,43.99,2.5,912.88
T__bekkupe,1971,53.95,2.6,950.01
T__bekkupe,1972,40.37,2.39,873.81
T__bekkupe,1973,33.35,2.6,947.83
T__bekkupe,1976,38.28,1.77,649.43
T__bekkupe,1978,50.66,2.54,927.73
T__bekkupe,1979,45.46,2.6,948.24
T__bekkupe,1980,43.37,1.88,688.15
T__bekkupe,1985,19.74,1.41,515.41
T__bekkupe,1986,69.53,2.54,926.25
T__bekkupe,1987,41.5,2.08,757.38
T__bekkupe,1989,40.32,1.83,666.76
T__bekkupe,1990,35.92,1.41,513.04
T__bekkupe,1992,37.46,2.01,735.36
T__bekkupe,1995,22.74,1.47,534.92
T__bekkupe,1999,40.67,2.46,898.49
T__bekkupe,2013,52.93,2.49,907.2
T__bekkupe,2024,37.47,2.1,767.49
T__bekkupe,2025,56.12,2.45,893.43
T__narasipur,1907,22.66,3.1,1132.2
T__narasipur,1908,33.21,2.62,959.86
T__narasipur,1909,59.61,3.32,1212.74
T__narasipur,1910,34.85,3.4,1242.33
T__narasipur,1911,44.22,3.11,1135.92
T__narasipur,1912,57.03,3.0,1097.01
T__narasipur,1915,43.29,3.42,1248.41
T__narasipur,1917,38.69,2.97,1082.4
T__narasipur,1920,40.35,2.94,1076.3
T__narasipur,1921,42.23,3.3,1202.8
T__narasipur,1922,27.78,3.0,1093.2
T__narasipur,1923,30.44,2.78,1014.98
T__narasipur,1925,42.58,2.63,961.63
T__narasipur,1926,39.93,2.54,928.23
T__narasipur,1929,30.36,3.0,1094.4
T__narasipur,1933,54.99,4.24,1548.41
T__narasipur,1934,45.03,2.77,1012.69
T__narasipur,1943,29.25,3.05,1113.23
T__narasipur,1945,42.41,2.79,1017.02
T__narasipur,1946,50.92,3.92,1431.44
T__narasipur,1948,41.6,3.16,1156.91
T__narasipur,1949,31.27,2.97,1083.14
T__narasipur,1954,34.43,2.56,933.55
T__narasipur,1967,21.05,1.72,626.66
T__narasipur,1968,41.2,2.38,870.88
T__narasipur,1969,36.07,2.11,771.11
T__narasipur,1970,34.88,2.33,850.35
T__narasipur,1971,46.05,3.38,1233.63
T__narasipur,1972,54.32,2.66,974.71
T__narasipur,1973,26.94,2.33,850.19
T__narasipur,1976,25.99,1.95,713.31
T__narasipur,1978,36.21,2.74,1001.68
T__narasipur,1979,22.61,2.7,986.64
T__narasipur,1980,44.66,2.64,964.73
T__narasipur,1985,49.82,2.02,738.6
T__narasipur,1986,29.69,2.17,793.01
T__narasipur,1987,62.79,1.97,719.26
T__narasipur,1989,37.47,2.12,772.57
T__narasipur,1990,22.51,1.66,605.74
T__narasipur,1992,31.85,2.49,910.46
T__narasipur,1995,30.89,1.94,708.15
T__narasipur,1999,29.42,2.71,988.16
T__narasipur,2013,33.87,2.33,849.72
T__narasipur,2024,38.25,2.77,1014.02
T__narasipur,2025,45.73,2.85,1041.62
T_k_halli,1907,49.14,1.76,641.81
T_k_halli,1908,42.38,1.41,514.98
T_k_halli,1909,50.73,2.6,947.68
T_k_halli,1910,37.27,2.61,951.91
T_k_halli,1911,59.39,1.66,605.87
T_k_halli,1912,32.91,2.33,853.14
T_k_halli,1915,54.17,2.4,875.98
T_k_halli,1917,64.56,2.7,986.71
T_k_halli,1920,26.59,1.5,550.47
T_k_halli,1921,43.45,1.9,692.4
T_k_halli,1922,41.9,2.11,771.08
T_k_halli,1923,25.03,1.27,463.96
T_k_halli,1925,51.49,1.78,648.07
T_k_halli,1926,45.73,1.75,638.23
T_k_halli,1929,41.25,2.12,773.01
T_k_halli,1933,56.52,2.67,976.21
T_k_halli,1934,30.06,1.5,547.76
T_k_halli,1943,65.74,2.48,905.19
T_k_halli,1945,49.74,1.65,603.02
T_k_halli,1946,39.65,2.53,921.73
T_k_halli,1948,37.91,2.56,937.59
T_k_halli,1949,36.92,1.98,722.58
T_k_halli,1954,35.34,1.75,639.57
T_k_halli,1967,28.84,1.35,492.27
T_k_halli,1968,51.63,1.46,534.65
T_k_halli,1969,32.87,1.86,677.35
T_k_halli,1970,40.46,2.07,754.72
T_k_halli,1971,39.61,2.17,792.32
T_k_halli,1972,70.15,2.01,735.28
T_k_halli,1973,44.66,2.4,877.4
T_k_halli,1976,23.99,1.18,432.26
T_k_halli,1978,48.99,2.06,752.21
T_k_halli,1979,32.46,2.49,909.43
T_k_halli,1980,47.83,2.48,908.89
T_k_halli,1985,55.51,1.55,564.85
T_k_halli,1986,46.25,2.13,778.59
T_k_halli,1987,25.69,2.24,818.41
T_k_halli,1989,27.01,2.01,734.04
T_k_halli,1990,29.74,1.48,541.64
T_k_halli,1992,39.42,2.3,841.69
T_k_halli,1995,23.16,2.11,771.8
T_k_halli,1999,38.85,2.6,948.92
T_k_halli,2013,37.71,2.35,859.53
T_k_halli,2024,36.83,2.84,1040.91
T_k_halli,2025,40.93,2.62,956.02
Takali,1907,72.53,3.13,1140.68
Takali,1908,93.34,3.73,1361.32
Takali,1909,72.91,2.44,888.99
Takali,1910,74.92,3.53,1288.66
Takali,1911,66.77,2.44,891.48
Takali,1912,80.08,2.93,1073.45
Takali,1915,73.41,3.08,1123.84
Takali,1917,90.46,3.83,1385.01
Takali,1920,57.32,1.55,568.25
Takali,1921,85.73,2.73,992.56
Takali,1922,96.25,3.36,1224.91
Takali,1923,61.34,1.97,717.12
Takali,1925,75.14,2.89,1054.28
Takali,1926,57.33,2.96,1080.65
Takali,1929,80.5,2.16,787.53
Takali,1933,85.67,4.86,1773.59
Takali,1934,86.05,3.65,1331.68
Takali,1943,70.81,2.7,985.92
Takali,1945,93.11,3.23,1176.81
Takali,1946,64.39,2.79,1019.04
Takali,1948,74.73,3.49,1277.92
Takali,1949,54.89,3.56,1298.72
Takali,1954,91.96,2.82,1026.8
Takali,1967,66.98,2.47,898.74
Takali,1968,62.67,2.57,942.43
Takali,1969,73.68,2.68,976.99
Takali,1970,96.23,3.32,1211.55
Takali,1971,54.55,2.02,735.94
Takali,1972,33.18,1.61,590.82
Takali,1973,95.66,3.48,1271.49
Takali,1976,78.11,2.63,958.87
Takali,1978,94.31,3.26,1182.26
Takali,1979,72.88,2.83,1027.06
Takali,1980,75.94,2.77,1014.0
Takali,1985,60.16,2.3,838.16
Takali,1986,83.81,2.95,1072.37
Takali,1987,48.87,1.77,645.82
Takali,1989,75.26,2.46,899.68
Takali,1990,94.57,2.82,1023.99
Takali,1992,84.53,3.04,1111.74
Takali,1995,75.25,3.25,1185.38
Takali,1999,55.61,2.95,1076.06
Takali,2013,88.84,4.01,1459.09
Takali,2024,81.36,3.2,1170.88
Takali,2025,70.34,3.68,1344.17
Talaji___talaja,1907,53.24,1.44,525.53
Talaji___talaja,1908,60.9,1.68,613.46
Talaji___talaja,1909,40.07,1.62,591.4
Talaji___talaja,1910,72.9,1.93,705.32
Talaji___talaja,1911,35.48,0.68,249.37
Talaji___talaja,1912,58.46,2.49,911.84
Talaji___talaja,1915,58.75,0.95,345.33
Talaji___talaja,1917,54.27,3.04,1107.91
Talaji___talaja,1920,77.03,1.69,617.89
Talaji___talaja,1921,72.03,1.92,699.14
Talaji___talaja,1922,47.14,1.37,500.92
Talaji___talaja,1923,46.31,1.02,370.73
Talaji___talaja,1925,56.64,1.5,548.55
Talaji___talaja,1926,70.86,2.63,959.87
Talaji___talaja,1929,92.09,1.34,489.36
Talaji___talaja,1933,64.53,2.0,728.56
Talaji___talaja,1934,24.93,1.22,444.65
Talaji___talaja,1943,58.54,1.49,545.11
Talaji___talaja,1945,82.44,2.76,1005.81
Talaji___talaja,1946,84.54,2.21,807.12
Talaji___talaja,1948,33.3,0.75,275.84
Talaji___talaja,1949,36.73,1.39,508.34
Talaji___talaja,1954,59.73,2.17,792.44
Talaji___talaja,1967,41.89,1.54,562.04
Talaji___talaja,1968,59.95,1.06,388.28
Talaji___talaja,1969,51.3,1.1,399.7
Talaji___talaja,1970,61.38,2.18,797.1
Talaji___talaja,1971,48.47,1.88,684.57
Talaji___talaja,1972,25.08,0.5,182.38
Talaji___talaja,1973,49.3,1.7,618.92
Talaji___talaja,1976,67.59,1.76,645.65
Talaji___talaja,1978,33.38,1.16,424.17
Talaji___talaja,1979,56.54,2.22,812.04
Talaji___talaja,1980,44.65,1.67,610.9
Talaji___talaja,1985,35.85,0.94,342.0
Talaji___talaja,1986,44.89,1.0,365.68
Talaji___talaja,1987,17.19,0.5,182.27
Talaji___talaja,1989,54.14,1.62,590.54
Talaji___talaja,1990,69.21,1.47,535.03
Talaji___talaja,1992,42.99,1.72,629.59
Talaji___talaja,1995,32.94,1.18,432.37
Talaji___talaja,1999,54.97,1.13,413.73
Talaji___talaja,2013,68.52,2.17,793.83
Talaji___talaja,2024,53.25,2.17,792.44
Talaji___talaja,2025,75.39,2.21,806.02
Talikot,1907,25.79,1.16,425.11
Talikot,1908,47.45,1.13,412.61
Talikot,1909,38.15,1.39,507.74
Talikot,1910,47.51,1.7,618.97
Talikot,1911,66.25,1.05,383.18
Talikot,1912,32.73,1.2,438.96
Talikot,1915,54.13,1.98,722.46
Talikot,1917,54.23,2.01,733.0
Talikot,1920,34.59,0.96,352.85
Talikot,1921,55.26,1.43,521.63
Talikot,1922,51.81,1.24,454.15
Talikot,1923,38.49,0.93,341.21
Talikot,1925,51.41,1.38,502.97
Talikot,1926,40.91,1.18,429.66
Talikot,1929,57.8,1.49,544.38
Talikot,1933,54.14,2.26,823.18
Talikot,1934,44.55,1.54,562.75
Talikot,1943,42.97,2.11,771.13
Talikot,1945,33.77,1.08,393.54
Talikot,1946,48.81,1.5,547.71
Talikot,1948,48.92,1.47,537.66
Talikot,1949,75.09,1.39,505.76
Talikot,1954,60.75,1.41,515.51
Talikot,1967,50.82,1.51,552.48
Talikot,1968,37.76,1.8,659.09
Talikot,1969,55.16,1.8,656.4
Talikot,1970,58.18,1.59,581.64
Talikot,1971,54.97,1.8,657.71
Talikot,1972,29.14,0.78,286.48
Talikot,1973,42.39,2.06,750.31
Talikot,1976,48.64,1.17,428.9
Talikot,1978,53.21,2.44,889.18
Talikot,1979,91.87,2.1,765.39
Talikot,1980,44.63,1.21,443.0
Talikot,1985,54.46,1.29,469.58
Talikot,1986,37.55,1.32,480.36
Talikot,1987,48.19,1.87,682.79
Talikot,1989,51.29,1.85,676.95
Talikot,1990,45.85,1.48,541.62
Talikot,1992,61.43,1.04,380.54
Talikot,1995,33.45,1.52,553.48
Talikot,1999,54.47,1.39,508.55
Talikot,2013,35.79,1.74,635.77
Talikot,2024,69.38,1.77,647.62
Talikot,2025,73.66,2.75,1005.31
Tamar,1907,89.02,3.19,1163.66
Tamar,1908,82.76,3.43,1254.04
Tamar,1909,67.9,4.08,1490.9
Tamar,1910,57.25,3.42,1244.5
Tamar,1911,64.3,3.58,1305.68
Tamar,1912,85.97,3.82,1398.47
Tamar,1915,46.23,2.97,1085.8
Tamar,1917,72.02,4.19,1530.99
Tamar,1920,68.24,3.57,1302.5
Tamar,1921,62.04,2.49,907.53
Tamar,1922,54.18,3.75,1367.68
Tamar,1923,90.28,4.89,1784.75
Tamar,1925,43.86,2.97,1085.61
Tamar,1926,54.68,4.57,1668.25
Tamar,1929,60.58,4.36,1589.6
Tamar,1933,63.78,4.08,1489.55
Tamar,1934,32.59,2.46,899.15
Tamar,1943,84.52,3.61,1318.61
Tamar,1945,53.68,3.19,1163.45
Tamar,1946,73.23,4.21,1536.28
Tamar,1948,55.87,3.63,1328.28
Tamar,1949,63.84,3.72,1356.75
Tamar,1954,65.73,2.47,901.5
Tamar,1967,52.24,2.59,945.26
Tamar,1968,72.39,2.81,1027.43
Tamar,1969,31.63,2.25,822.09
Tamar,1970,77.18,3.43,1250.51
Tamar,1971,71.27,4.4,1603.0
Tamar,1972,68.38,2.94,1075.34
Tamar,1973,87.84,4.1,1493.14
Tamar,1976,61.55,2.75,1003.04
Tamar,1978,55.17,3.7,1348.15
Tamar,1979,60.1,2.06,753.27
Tamar,1980,55.32,3.1,1134.35
Tamar,1985,56.25,3.84,1401.84
Tamar,1986,53.92,3.67,1338.48
Tamar,1987,48.0,2.62,957.93
Tamar,1989,66.38,2.82,1030.16
Tamar,1990,63.64,2.49,909.22
Tamar,1992,52.16,2.53,926.61
Tamar,1995,91.2,3.97,1447.78
Tamar,1999,64.89,3.21,1170.8
Tamar,2013,79.83,3.78,1380.36
Tamar,2024,79.21,3.41,1247.43
Tamar,2025,83.2,4.81,1746.4
Tapi_at_burhanpur,1907,37.51,2.29,835.07
Tapi_at_burhanpur,1908,57.39,2.54,930.38
Tapi_at_burhanpur,1909,44.07,2.45,894.9
Tapi_at_burhanpur,1910,60.86,3.48,1271.91
Tapi_at_burhanpur,1911,44.75,2.08,759.8
Tapi_at_burhanpur,1912,46.27,2.19,801.91
Tapi_at_burhanpur,1915,46.33,2.71,990.95
Tapi_at_burhanpur,1917,46.46,3.64,1328.52
Tapi_at_burhanpur,1920,60.07,1.82,665.17
Tapi_at_burhanpur,1921,49.06,2.47,902.4
Tapi_at_burhanpur,1922,48.71,2.55,929.47
Tapi_at_burhanpur,1923,39.28,2.35,855.95
Tapi_at_burhanpur,1925,49.97,2.08,759.65
Tapi_at_burhanpur,1926,37.97,2.38,870.35
Tapi_at_burhanpur,1929,59.76,2.18,795.35
Tapi_at_burhanpur,1933,66.27,3.53,1288.87
Tapi_at_burhanpur,1934,55.64,3.35,1223.93
Tapi_at_burhanpur,1943,76.02,3.06,1115.16
Tapi_at_burhanpur,1945,56.82,2.8,1023.07
Tapi_at_burhanpur,1946,66.36,3.39,1238.32
Tapi_at_burhanpur,1948,56.62,4.17,1527.04
Tapi_at_burhanpur,1949,70.79,3.65,1330.72
Tapi_at_burhanpur,1954,58.17,3.2,1167.93
Tapi_at_burhanpur,1967,41.49,2.34,853.78
Tapi_at_burhanpur,1968,69.16,2.18,798.79
Tapi_at_burhanpur,1969,44.12,2.74,1001.78
Tapi_at_burhanpur,1970,62.1,3.72,1358.85
Tapi_at_burhanpur,1971,47.19,2.35,856.29
Tapi_at_burhanpur,1972,83.8,2.58,943.72
Tapi_at_burhanpur,1973,62.44,3.68,1343.97
Tapi_at_burhanpur,1976,52.12,2.66,974.15
Tapi_at_burhanpur,1978,62.19,2.9,1058.47
Tapi_at_burhanpur,1979,63.86,3.07,1121.09
Tapi_at_burhanpur,1980,39.6,2.26,828.57
Tapi_at_burhanpur,1985,55.98,2.1,765.06
Tapi_at_burhanpur,1986,64.27,2.81,1025.91
Tapi_at_burhanpur,1987,39.43,2.01,735.37
Tapi_at_burhanpur,1989,43.74,2.53,923.76
Tapi_at_burhanpur,1990,66.52,3.98,1453.13
Tapi_at_burhanpur,1992,64.89,2.37,867.61
Tapi_at_burhanpur,1995,76.45,2.6,950.61
Tapi_at_burhanpur,1999,51.3,3.06,1116.95
Tapi_at_burhanpur,2013,69.22,3.54,1290.95
Tapi_at_burhanpur,2024,49.1,3.15,1152.92
Tapi_at_burhanpur,2025,49.96,2.85,1041.9
Tapi_at_dedtalai,1907,43.58,2.63,958.19
Tapi_at_dedtalai,1908,70.6,2.76,1010.07
Tapi_at_dedtalai,1909,47.4,2.72,991.54
Tapi_at_dedtalai,1910,65.14,3.77,1375.77
Tapi_at_dedtalai,1911,59.31,2.32,846.02
Tapi_at_dedtalai,1912,57.95,2.4,877.48
Tapi_at_dedtalai,1915,46.24,2.91,1063.87
Tapi_at_dedtalai,1917,43.36,3.85,1406.6
Tapi_at_dedtalai,1920,58.15,1.89,693.03
Tapi_at_dedtalai,1921,41.65,2.41,881.31
Tapi_at_dedtalai,1922,51.96,2.65,968.9
Tapi_at_dedtalai,1923,44.19,2.52,920.77
Tapi_at_dedtalai,1925,59.88,2.28,833.43
Tapi_at_dedtalai,1926,37.77,2.5,911.11
Tapi_at_dedtalai,1929,60.71,2.33,850.16
Tapi_at_dedtalai,1933,78.81,3.85,1404.42
Tapi_at_dedtalai,1934,49.06,3.29,1201.15
Tapi_at_dedtalai,1943,88.1,3.22,1176.25
Tapi_at_dedtalai,1945,68.94,3.02,1101.26
Tapi_at_dedtalai,1946,64.31,3.54,1292.14
Tapi_at_dedtalai,1948,62.04,4.45,1628.45
Tapi_at_dedtalai,1949,65.71,3.97,1448.89
Tapi_at_dedtalai,1954,67.75,3.53,1289.62
Tapi_at_dedtalai,1967,48.43,2.31,841.93
Tapi_at_dedtalai,1968,71.81,2.26,826.49
Tapi_at_dedtalai,1969,59.64,3.05,1111.73
Tapi_at_dedtalai,1970,79.63,4.06,1480.2
Tapi_at_dedtalai,1971,77.1,2.59,946.59
Tapi_at_dedtalai,1972,87.31,2.82,1032.63
Tapi_at_dedtalai,1973,80.88,4.13,1507.74
Tapi_at_dedtalai,1976,54.57,2.9,1062.32
Tapi_at_dedtalai,1978,53.66,2.92,1066.56
Tapi_at_dedtalai,1979,71.84,3.08,1124.13
Tapi_at_dedtalai,1980,47.92,2.25,823.49
Tapi_at_dedtalai,1985,56.5,2.01,732.55
Tapi_at_dedtalai,1986,85.26,3.22,1173.48
Tapi_at_dedtalai,1987,50.26,2.08,759.52
Tapi_at_dedtalai,1989,45.79,2.52,918.54
Tapi_at_dedtalai,1990,60.99,4.07,1487.37
Tapi_at_dedtalai,1992,64.13,2.39,874.23
Tapi_at_dedtalai,1995,78.54,2.6,948.7
Tapi_at_dedtalai,1999,59.83,3.26,1190.38
Tapi_at_dedtalai,2013,78.4,3.72,1357.22
Tapi_at_dedtalai,2024,55.66,3.35,1226.71
Tapi_at_dedtalai,2025,52.76,2.97,1083.4
Tenduni_at_maheshwar,1907,71.17,2.45,895.37
Tenduni_at_maheshwar,1908,55.06,3.07,1118.8
Tenduni_at_maheshwar,1909,62.5,2.74,999.06
Tenduni_at_maheshwar,1910,69.39,3.2,1163.2
Tenduni_at_maheshwar,1911,75.89,3.43,1247.25
Tenduni_at_maheshwar,1912,68.41,2.57,933.9
Tenduni_at_maheshwar,1915,77.02,4.0,1460.71
Tenduni_at_maheshwar,1917,66.47,4.25,1552.4
Tenduni_at_maheshwar,1920,76.89,2.46,900.57
Tenduni_at_maheshwar,1921,62.45,3.17,1155.71
Tenduni_at_maheshwar,1922,49.74,3.27,1192.89
Tenduni_at_maheshwar,1923,84.86,3.79,1383.11
Tenduni_at_maheshwar,1925,56.78,2.9,1057.74
Tenduni_at_maheshwar,1926,60.86,4.01,1465.24
Tenduni_at_maheshwar,1929,79.56,3.29,1199.74
Tenduni_at_maheshwar,1933,88.83,4.22,1541.47
Tenduni_at_maheshwar,1934,58.28,4.04,1473.29
Tenduni_at_maheshwar,1943,73.28,3.27,1195.19
Tenduni_at_maheshwar,1945,73.09,3.53,1286.58
Tenduni_at_maheshwar,1946,93.82,4.61,1682.9
Tenduni_at_maheshwar,1948,72.81,3.83,1400.63
Tenduni_at_maheshwar,1949,51.22,3.44,1256.36
Tenduni_at_maheshwar,1954,79.66,2.94,1073.3
Tenduni_at_maheshwar,1967,70.03,3.55,1295.41
Tenduni_at_maheshwar,1968,56.66,2.47,902.43
Tenduni_at_maheshwar,1969,96.88,3.89,1419.04
Tenduni_at_maheshwar,1970,70.03,3.79,1382.55
Tenduni_at_maheshwar,1971,54.13,2.75,1004.89
Tenduni_at_maheshwar,1972,66.99,2.32,845.3
Tenduni_at_maheshwar,1973,92.27,3.95,1432.89
Tenduni_at_maheshwar,1976,45.18,1.67,611.62
Tenduni_at_maheshwar,1978,68.26,2.0,731.81
Tenduni_at_maheshwar,1979,67.96,2.11,768.72
Tenduni_at_maheshwar,1980,89.63,2.8,1022.88
Tenduni_at_maheshwar,1985,87.03,3.15,1150.68
Tenduni_at_maheshwar,1986,63.61,2.55,924.28
Tenduni_at_maheshwar,1987,82.01,2.1,766.85
Tenduni_at_maheshwar,1989,68.82,2.48,904.05
Tenduni_at_maheshwar,1990,94.7,3.66,1335.78
Tenduni_at_maheshwar,1992,88.97,2.29,839.3
Tenduni_at_maheshwar,1995,80.16,2.28,833.68
Tenduni_at_maheshwar,1999,94.95,4.7,1709.42
Tenduni_at_maheshwar,2013,69.63,3.99,1448.62
Tenduni_at_maheshwar,2024,79.86,3.5,1279.39
Tenduni_at_maheshwar,2025,78.76,4.11,1497.03
Terwad__seasonal_,1907,52.71,3.14,1144.3
Terwad__seasonal_,1908,72.54,3.15,1154.68
Terwad__seasonal_,1909,54.52,2.41,878.85
Terwad__seasonal_,1910,70.65,2.46,897.69
Terwad__seasonal_,1911,34.8,1.79,652.59
Terwad__seasonal_,1912,89.92,3.62,1323.34
Terwad__seasonal_,1915,67.09,3.07,1120.19
Terwad__seasonal_,1917,78.02,2.9,1059.84
Terwad__seasonal_,1920,33.97,2.23,817.06
Terwad__seasonal_,1921,71.97,2.6,950.78
Terwad__seasonal_,1922,70.14,3.17,1158.62
Terwad__seasonal_,1923,63.94,2.84,1036.54
Terwad__seasonal_,1925,67.85,2.43,885.82
Terwad__seasonal_,1926,98.66,2.97,1082.8
Terwad__seasonal_,1929,40.25,2.6,948.53
Terwad__seasonal_,1933,93.87,3.66,1337.63
Terwad__seasonal_,1934,59.48,3.87,1410.94
Terwad__seasonal_,1943,81.17,3.52,1285.11
Terwad__seasonal_,1945,64.89,3.35,1224.35
Terwad__seasonal_,1946,63.11,4.56,1658.1
Terwad__seasonal_,1948,58.47,3.91,1431.65
Terwad__seasonal_,1949,48.82,3.12,1137.73
Terwad__seasonal_,1954,77.93,3.54,1291.57
Terwad__seasonal_,1967,58.75,3.6,1312.67
Terwad__seasonal_,1968,32.52,2.48,908.56
Terwad__seasonal_,1969,63.33,3.32,1213.43
Terwad__seasonal_,1970,64.75,3.97,1449.71
Terwad__seasonal_,1971,51.15,2.98,1086.92
Terwad__seasonal_,1972,52.66,2.33,854.07
Terwad__seasonal_,1973,61.8,3.82,1392.81
Terwad__seasonal_,1976,61.21,4.1,1502.34
Terwad__seasonal_,1978,57.96,4.15,1513.91
Terwad__seasonal_,1979,54.93,3.57,1304.7
Terwad__seasonal_,1980,67.42,4.17,1527.85
Terwad__seasonal_,1985,58.33,3.21,1171.93
Terwad__seasonal_,1986,47.62,3.15,1148.79
Terwad__seasonal_,1987,65.08,2.9,1057.47
Terwad__seasonal_,1989,61.03,3.05,1112.54
Terwad__seasonal_,1990,61.45,3.7,1351.01
Terwad__seasonal_,1992,63.79,3.32,1215.98
Terwad__seasonal_,1995,63.76,3.0,1095.38
Terwad__seasonal_,1999,62.63,4.11,1499.44
Terwad__seasonal_,2013,51.68,3.39,1237.83
Terwad__seasonal_,2024,79.2,4.79,1751.45
Terwad__seasonal_,2025,61.83,5.08,1855.01
Teska,1907,63.29,2.33,851.26
Teska,1908,65.39,2.21,806.18
Teska,1909,45.73,2.32,846.91
Teska,1910,63.03,3.23,1178.31
Teska,1911,78.99,1.81,658.11
Teska,1912,63.9,2.05,750.0
Teska,1915,51.65,2.81,1026.18
Teska,1917,41.02,2.97,1082.72
Teska,1920,74.93,1.58,576.92
Teska,1921,39.4,1.75,638.42
Teska,1922,67.83,2.33,851.15
Teska,1923,60.06,2.24,817.39
Teska,1925,48.63,1.77,646.21
Teska,1926,70.34,2.07,754.51
Teska,1929,70.44,2.19,797.89
Teska,1933,75.83,3.71,1352.12
Teska,1934,91.05,2.56,934.56
Teska,1943,97.52,2.92,1063.03
Teska,1945,65.93,2.5,912.01
Teska,1946,71.94,2.93,1067.65
Teska,1948,72.0,3.6,1317.29
Teska,1949,82.31,4.1,1497.38
Teska,1954,69.06,3.3,1202.69
Teska,1967,79.63,2.08,760.97
Teska,1968,58.63,1.84,672.53
Teska,1969,56.9,2.43,886.95
Teska,1970,86.0,3.72,1356.71
Teska,1971,75.8,2.33,849.92
Teska,1972,86.31,2.57,937.13
Teska,1973,97.18,3.65,1327.51
Teska,1976,61.8,2.41,882.93
Teska,1978,48.48,2.24,817.47
Teska,1979,94.65,3.6,1315.49
Teska,1980,93.89,2.04,747.15
Teska,1985,68.68,2.09,762.21
Teska,1986,87.91,2.88,1048.15
Teska,1987,39.35,1.82,663.88
Teska,1989,72.92,2.47,902.85
Teska,1990,84.7,2.72,991.53
Teska,1992,63.81,1.52,555.64
Teska,1995,70.6,2.03,740.87
Teska,1999,64.63,2.82,1031.07
Teska,2013,91.31,3.58,1304.09
Teska,2024,38.07,2.74,1004.43
Teska,2025,60.61,2.96,1080.94
Thandalaiputhur,1907,97.17,2.91,1063.09
Thandalaiputhur,1908,62.75,2.1,769.74
Thandalaiputhur,1909,70.95,2.47,902.48
Thandalaiputhur,1910,63.0,2.49,909.65
Thandalaiputhur,1911,65.7,1.99,724.81
Thandalaiputhur,1912,62.64,2.37,866.37
Thandalaiputhur,1915,68.7,2.92,1064.55
Thandalaiputhur,1917,48.18,2.52,918.43
Thandalaiputhur,1920,93.37,3.04,1114.16
Thandalaiputhur,1921,48.23,2.35,856.33
Thandalaiputhur,1922,30.99,2.29,836.65
Thandalaiputhur,1923,63.79,1.86,680.42
Thandalaiputhur,1925,33.65,2.07,757.21
Thandalaiputhur,1926,33.98,1.53,558.11
Thandalaiputhur,1929,59.23,2.45,895.08
Thandalaiputhur,1933,66.45,2.67,974.95
Thandalaiputhur,1934,55.19,2.23,812.92
Thandalaiputhur,1943,90.66,3.33,1215.65
Thandalaiputhur,1945,55.95,1.93,704.76
Thandalaiputhur,1946,91.71,2.9,1060.26
Thandalaiputhur,1948,55.42,2.54,928.16
Thandalaiputhur,1949,80.27,2.46,897.76
Thandalaiputhur,1954,42.45,2.37,866.16
Thandalaiputhur,1967,77.75,2.32,845.41
Thandalaiputhur,1968,43.17,2.04,744.93
Thandalaiputhur,1969,53.21,1.67,609.67
Thandalaiputhur,1970,36.88,1.92,699.55
Thandalaiputhur,1971,29.38,1.24,452.34
Thandalaiputhur,1972,66.64,3.11,1136.86
Thandalaiputhur,1973,39.67,1.44,524.77
Thandalaiputhur,1976,62.28,2.17,794.27
Thandalaiputhur,1978,85.33,1.74,632.92
Thandalaiputhur,1979,65.54,2.68,978.09
Thandalaiputhur,1980,42.15,1.32,484.82
Thandalaiputhur,1985,52.3,1.72,626.05
Thandalaiputhur,1986,58.01,2.23,815.19
Thandalaiputhur,1987,45.64,1.39,506.19
Thandalaiputhur,1989,50.28,1.4,511.24
Thandalaiputhur,1990,51.13,1.91,696.7
Thandalaiputhur,1992,72.58,2.37,865.85
Thandalaiputhur,1995,43.89,2.12,774.83
Thandalaiputhur,1999,90.89,2.28,831.84
Thandalaiputhur,2013,63.39,1.89,689.85
Thandalaiputhur,2024,58.12,3.12,1140.8
Thandalaiputhur,2025,38.17,2.63,958.73
Theni,1907,85.94,2.64,962.25
Theni,1908,75.79,1.66,608.41
Theni,1909,35.47,2.41,878.16
Theni,1910,56.12,2.17,791.51
Theni,1911,41.33,1.65,603.66
Theni,1912,59.69,2.63,962.03
Theni,1915,69.85,3.03,1104.18
Theni,1917,61.52,2.4,874.25
Theni,1920,50.89,2.19,800.79
Theni,1921,63.25,1.8,655.48
Theni,1922,64.57,2.41,880.91
Theni,1923,54.09,1.82,662.91
Theni,1925,89.01,2.04,744.92
Theni,1926,48.97,1.97,717.93
Theni,1929,48.32,2.54,925.99
Theni,1933,89.47,3.05,1111.83
Theni,1934,74.28,2.12,773.54
Theni,1943,78.93,2.5,912.98
Theni,1945,55.12,2.6,949.51
Theni,1946,64.54,2.86,1045.52
Theni,1948,56.25,2.01,737.12
Theni,1949,49.49,1.84,672.26
Theni,1954,31.98,1.76,641.85
Theni,1967,64.15,2.01,733.0
Theni,1968,34.93,1.6,583.77
Theni,1969,42.56,1.64,597.84
Theni,1970,51.38,2.01,734.0
Theni,1971,86.18,2.56,933.01
Theni,1972,41.46,1.83,669.69
Theni,1973,58.98,2.45,895.83
Theni,1976,46.81,1.34,490.71
Theni,1978,67.27,1.82,662.53
Theni,1979,49.52,2.19,798.55
Theni,1980,55.82,1.79,655.25
Theni,1985,77.17,2.12,775.54
Theni,1986,33.41,1.14,416.94
Theni,1987,44.81,2.5,912.68
Theni,1989,49.66,2.33,850.63
Theni,1990,76.94,2.12,775.12
Theni,1992,67.05,2.55,930.27
Theni,1995,42.04,1.95,710.67
Theni,1999,64.67,1.61,588.17
Theni,2013,42.55,1.81,661.38
Theni,2024,42.21,2.23,814.62
Theni,2025,42.96,2.22,810.22
Thevur,1907,57.75,3.3,1204.9
Thevur,1908,71.74,3.07,1123.26
Thevur,1909,98.05,4.55,1655.53
Thevur,1910,75.66,4.7,1714.84
Thevur,1911,53.42,3.04,1107.84
Thevur,1912,74.68,3.44,1260.76
Thevur,1915,70.78,4.3,1569.54
Thevur,1917,77.83,4.53,1654.85
Thevur,1920,66.71,4.78,1749.1
Thevur,1921,74.69,3.65,1330.56
Thevur,1922,68.28,4.45,1624.18
Thevur,1923,50.54,2.69,981.2
Thevur,1925,59.5,3.53,1286.98
Thevur,1926,88.62,3.27,1194.48
Thevur,1929,80.46,3.85,1405.92
Thevur,1933,82.96,3.42,1243.46
Thevur,1934,48.44,3.67,1340.96
Thevur,1943,65.45,3.96,1436.01
Thevur,1945,56.48,3.64,1330.23
Thevur,1946,84.98,4.85,1761.05
Thevur,1948,98.1,4.12,1502.67
Thevur,1949,62.69,3.96,1445.34
Thevur,1954,64.31,4.13,1507.81
Thevur,1967,46.42,2.36,858.05
Thevur,1968,51.8,2.28,835.71
Thevur,1969,85.48,2.76,1009.22
Thevur,1970,52.3,4.22,1541.51
Thevur,1971,65.55,4.28,1557.24
Thevur,1972,87.27,3.41,1244.37
Thevur,1973,37.67,2.19,800.23
Thevur,1976,56.0,1.96,716.75
Thevur,1978,85.56,3.32,1211.79
Thevur,1979,58.63,3.45,1258.28
Thevur,1980,37.24,2.11,771.73
Thevur,1985,59.73,4.6,1678.2
Thevur,1986,85.67,4.07,1486.14
Thevur,1987,73.73,3.87,1410.73
Thevur,1989,85.11,4.02,1468.15
Thevur,1990,80.93,3.87,1410.11
Thevur,1992,79.35,3.23,1183.36
Thevur,1995,87.38,3.91,1427.03
Thevur,1999,72.84,4.34,1584.72
Thevur,2013,54.59,3.61,1318.95
Thevur,2024,89.86,4.39,1595.37
Thevur,2025,50.73,3.51,1281.94
Thiruvalam,1907,64.57,2.19,799.77
Thiruvalam,1908,48.53,1.64,600.05
Thiruvalam,1909,89.32,3.18,1160.28
Thiruvalam,1910,80.41,3.11,1136.74
Thiruvalam,1911,47.0,1.98,723.98
Thiruvalam,1912,72.31,2.75,1008.18
Thiruvalam,1915,95.94,3.01,1097.43
Thiruvalam,1917,58.18,2.33,851.04
Thiruvalam,1920,49.31,2.29,837.34
Thiruvalam,1921,72.23,2.48,904.02
Thiruvalam,1922,85.82,2.71,989.18
Thiruvalam,1923,68.66,1.45,527.67
Thiruvalam,1925,40.31,2.65,965.81
Thiruvalam,1926,70.29,2.17,792.29
Thiruvalam,1929,81.95,2.01,734.36
Thiruvalam,1933,76.16,1.75,636.61
Thiruvalam,1934,61.51,2.27,830.0
Thiruvalam,1943,80.92,3.1,1128.87
Thiruvalam,1945,53.9,1.95,712.07
Thiruvalam,1946,87.93,3.45,1257.96
Thiruvalam,1948,43.63,1.89,692.95
Thiruvalam,1949,46.52,2.81,1026.46
Thiruvalam,1954,72.12,2.26,823.63
Thiruvalam,1967,94.73,2.19,798.94
Thiruvalam,1968,49.05,1.78,651.37
Thiruvalam,1969,65.39,2.33,851.49
Thiruvalam,1970,70.9,2.44,889.32
Thiruvalam,1971,41.09,2.25,821.76
Thiruvalam,1972,48.93,2.9,1060.18
Thiruvalam,1973,43.74,2.13,775.85
Thiruvalam,1976,85.47,2.54,926.21
Thiruvalam,1978,62.03,2.62,957.26
Thiruvalam,1979,65.69,2.74,1000.22
Thiruvalam,1980,71.11,1.63,595.67
Thiruvalam,1985,77.45,2.56,935.65
Thiruvalam,1986,34.67,1.97,718.04
Thiruvalam,1987,38.28,2.34,854.14
Thiruvalam,1989,51.71,2.33,849.36
Thiruvalam,1990,71.21,2.54,926.12
Thiruvalam,1992,63.47,2.27,829.84
Thiruvalam,1995,94.61,3.13,1142.97
Thiruvalam,1999,49.43,1.97,720.25
Thiruvalam,2013,61.77,2.98,1087.16
Thiruvalam,2024,55.47,3.31,1210.01
Thiruvalam,2025,76.16,3.47,1265.49
Thiruvattar,1907,60.06,2.52,918.9
Thiruvattar,1908,56.72,1.97,719.55
Thiruvattar,1909,48.96,1.93,702.99
Thiruvattar,1910,46.21,1.75,637.84
Thiruvattar,1911,39.69,2.13,779.13
Thiruvattar,1912,71.5,2.59,945.61
Thiruvattar,1915,67.15,2.62,957.79
Thiruvattar,1917,80.87,4.24,1545.85
Thiruvattar,1920,94.91,6.25,2280.21
Thiruvattar,1921,65.0,4.26,1553.67
Thiruvattar,1922,66.63,5.09,1852.12
Thiruvattar,1923,98.03,6.68,2439.42
Thiruvattar,1925,96.89,5.39,1956.48
Thiruvattar,1926,83.66,5.67,2069.13
Thiruvattar,1929,79.39,6.48,2365.96
Thiruvattar,1933,88.18,7.13,2575.51
Thiruvattar,1934,73.19,3.77,1376.62
Thiruvattar,1943,80.29,5.32,1936.3
Thiruvattar,1945,67.28,4.09,1488.68
Thiruvattar,1946,76.02,4.67,1701.41
Thiruvattar,1948,60.96,4.72,1724.2
Thiruvattar,1949,85.47,2.8,1021.41
Thiruvattar,1954,57.85,3.2,1169.19
Thiruvattar,1967,61.38,5.1,1855.47
Thiruvattar,1968,76.93,6.16,2252.76
Thiruvattar,1969,93.77,5.49,2002.81
Thiruvattar,1970,61.59,4.76,1729.21
Thiruvattar,1971,82.05,6.73,2442.93
Thiruvattar,1972,94.46,5.47,1990.22
Thiruvattar,1973,97.52,4.85,1770.95
Thiruvattar,1976,61.72,4.64,1696.61
Thiruvattar,1978,98.64,5.08,1853.85
Thiruvattar,1979,58.41,4.82,1760.72
Thiruvattar,1980,48.65,4.36,1595.28
Thiruvattar,1985,74.49,3.61,1317.35
Thiruvattar,1986,37.34,2.66,972.34
Thiruvattar,1987,83.56,4.36,1591.87
Thiruvattar,1989,69.42,3.92,1432.07
Thiruvattar,1990,82.09,4.41,1604.32
Thiruvattar,1992,73.35,4.1,1491.38
Thiruvattar,1995,49.28,3.74,1365.11
Thiruvattar,1999,42.77,4.67,1703.74
Thiruvattar,2013,75.13,3.22,1171.01
Thiruvattar,2024,60.32,3.54,1291.66
Thiruvattar,2025,63.48,4.02,1468.03
Thoppur,1907,55.94,2.05,747.27
Thoppur,1908,62.41,1.85,676.71
Thoppur,1909,76.97,3.22,1174.59
Thoppur,1910,56.48,2.67,976.28
Thoppur,1911,94.91,2.18,797.49
Thoppur,1912,75.06,2.34,854.96
Thoppur,1915,76.12,2.94,1072.4
Thoppur,1917,50.23,2.6,950.33
Thoppur,1920,74.55,3.07,1123.03
Thoppur,1921,59.65,2.16,787.16
Thoppur,1922,69.07,2.74,999.09
Thoppur,1923,51.97,1.45,530.05
Thoppur,1925,44.81,2.44,890.26
Thoppur,1926,70.51,2.19,800.6
Thoppur,1929,75.59,2.04,744.1
Thoppur,1933,82.33,1.56,567.62
Thoppur,1934,50.19,2.11,771.55
Thoppur,1943,80.14,3.07,1121.4
Thoppur,1945,70.02,1.72,628.72
Thoppur,1946,93.51,3.9,1421.8
Thoppur,1948,55.29,2.23,816.85
Thoppur,1949,33.13,1.84,669.92
Thoppur,1954,70.51,2.89,1053.23
Thoppur,1967,93.42,3.08,1124.52
Thoppur,1968,58.36,1.85,678.85
Thoppur,1969,46.31,2.2,804.26
Thoppur,1970,59.88,2.4,875.14
Thoppur,1971,93.39,2.58,940.85
Thoppur,1972,95.93,2.89,1050.96
Thoppur,1973,51.18,2.06,750.97
Thoppur,1976,34.59,1.61,590.69
Thoppur,1978,98.68,2.17,791.63
Thoppur,1979,77.43,3.01,1097.56
Thoppur,1980,79.15,1.38,506.83
Thoppur,1985,34.99,2.2,802.57
Thoppur,1986,41.86,2.78,1013.74
Thoppur,1987,34.57,2.18,794.8
Thoppur,1989,54.14,2.11,771.37
Thoppur,1990,45.01,2.32,846.69
Thoppur,1992,57.66,2.63,961.02
Thoppur,1995,71.91,2.87,1049.04
Thoppur,1999,51.59,2.26,824.45
Thoppur,2013,95.67,2.26,821.26
Thoppur,2024,85.39,2.62,956.43
Thoppur,2025,95.27,2.44,891.95
Thottathinkadavu,1907,87.7,9.5,3345.55
Thottathinkadavu,1908,93.53,7.96,2895.9
Thottathinkadavu,1909,88.76,8.51,3039.85
Thottathinkadavu,1910,85.15,8.75,3140.82
Thottathinkadavu,1911,98.77,6.77,2397.77
Thottathinkadavu,1912,97.73,8.85,3152.12
Thottathinkadavu,1915,89.56,8.6,3079.27
Thottathinkadavu,1917,81.56,8.87,3220.75
Thottathinkadavu,1920,97.74,8.62,3076.3
Thottathinkadavu,1921,98.51,8.68,3100.4
Thottathinkadavu,1922,93.06,9.03,3261.09
Thottathinkadavu,1923,98.21,8.89,3103.63
Thottathinkadavu,1925,92.47,8.42,3032.88
Thottathinkadavu,1926,98.77,8.01,2868.15
Thottathinkadavu,1929,92.36,9.85,3536.9
Thottathinkadavu,1933,95.31,12.67,4562.83
Thottathinkadavu,1934,95.01,7.36,2655.68
Thottathinkadavu,1943,90.96,9.28,3332.28
Thottathinkadavu,1945,82.97,7.94,2850.17
Thottathinkadavu,1946,90.78,11.51,4154.46
Thottathinkadavu,1948,96.43,10.81,3914.36
Thottathinkadavu,1949,92.96,11.33,4102.83
Thottathinkadavu,1954,93.61,7.49,2668.21
Thottathinkadavu,1967,91.54,7.97,2869.72
Thottathinkadavu,1968,94.46,9.31,3378.69
Thottathinkadavu,1969,83.96,8.81,3189.68
Thottathinkadavu,1970,96.54,9.43,3422.17
Thottathinkadavu,1971,98.43,7.52,2714.54
Thottathinkadavu,1972,97.42,7.36,2687.22
Thottathinkadavu,1973,76.9,6.09,2223.68
Thottathinkadavu,1976,95.73,6.51,2369.92
Thottathinkadavu,1978,88.06,8.29,3010.47
Thottathinkadavu,1979,90.25,7.18,2612.97
Thottathinkadavu,1980,92.57,7.94,2880.84
Thottathinkadavu,1985,96.58,5.63,2056.19
Thottathinkadavu,1986,69.73,6.27,2287.2
Thottathinkadavu,1987,62.2,5.09,1857.89
Thottathinkadavu,1989,65.55,4.32,1568.73
Thottathinkadavu,1990,66.97,5.28,1928.17
Thottathinkadavu,1992,97.19,6.16,2229.95
Thottathinkadavu,1995,95.94,6.0,2188.49
Thottathinkadavu,1999,82.05,6.14,2234.62
Thottathinkadavu,2013,90.12,8.54,3067.6
Thottathinkadavu,2024,97.85,7.65,2770.87
Thottathinkadavu,2025,98.16,8.13,2927.56
Thumpamon,1907,78.82,10.21,3725.51
Thumpamon,1908,79.35,7.82,2862.66
Thumpamon,1909,89.89,8.8,3204.5
Thumpamon,1910,79.92,8.09,2945.18
Thumpamon,1911,93.51,8.01,2916.78
Thumpamon,1912,92.07,9.0,3293.04
Thumpamon,1915,93.32,8.9,3239.82
Thumpamon,1917,71.83,9.21,3351.53
Thumpamon,1920,98.12,10.99,4024.07
Thumpamon,1921,90.8,7.6,2765.89
Thumpamon,1922,84.32,9.8,3566.24
Thumpamon,1923,84.85,9.91,3616.54
Thumpamon,1925,80.61,9.77,3565.12
Thumpamon,1926,81.92,8.7,3174.9
Thumpamon,1929,97.56,10.69,3879.67
Thumpamon,1933,96.34,11.63,4209.57
Thumpamon,1934,78.9,7.11,2595.64
Thumpamon,1943,84.59,10.27,3736.53
Thumpamon,1945,96.61,7.22,2620.41
Thumpamon,1946,97.38,10.07,3663.71
Thumpamon,1948,82.42,9.62,3521.22
Thumpamon,1949,92.51,7.89,2878.66
Thumpamon,1954,64.06,8.07,2946.79
Thumpamon,1967,44.99,6.48,2363.82
Thumpamon,1968,97.54,12.1,4380.43
Thumpamon,1969,93.13,8.04,2934.33
Thumpamon,1970,64.55,6.9,2519.11
Thumpamon,1971,90.21,7.58,2765.83
Thumpamon,1972,83.52,8.47,3092.0
Thumpamon,1973,58.61,5.58,2021.39
Thumpamon,1976,53.53,5.44,1990.16
Thumpamon,1978,93.77,7.74,2770.33
Thumpamon,1979,87.38,6.96,2532.73
Thumpamon,1980,85.48,8.14,2980.16
Thumpamon,1985,86.72,6.52,2373.1
Thumpamon,1986,82.96,4.43,1616.69
Thumpamon,1987,79.15,3.6,1315.16
Thumpamon,1989,68.63,6.26,2284.64
Thumpamon,1990,63.2,5.35,1952.92
Thumpamon,1992,82.3,7.74,2809.31
Thumpamon,1995,84.9,8.43,3077.71
Thumpamon,1999,98.51,8.83,3177.41
Thumpamon,2013,81.84,6.74,2461.8
Thumpamon,2024,92.91,8.05,2936.98
Thumpamon,2025,77.56,9.83,3587.2
Tuichang,1907,85.39,7.04,2548.6
Tuichang,1908,89.07,8.69,3172.63
Tuichang,1909,91.79,7.55,2748.71
Tuichang,1910,92.83,6.9,2510.45
Tuichang,1911,83.48,7.31,2666.62
Tuichang,1912,60.23,6.79,2477.28
Tuichang,1915,96.81,8.46,3060.83
Tuichang,1917,98.44,8.06,2924.07
Tuichang,1920,73.37,6.72,2452.71
Tuichang,1921,97.95,8.01,2924.82
Tuichang,1922,90.68,7.28,2656.65
Tuichang,1923,83.65,9.0,3283.88
Tuichang,1925,77.66,8.92,3239.32
Tuichang,1926,89.38,9.42,3427.76
Tuichang,1929,93.01,7.65,2769.25
Tuichang,1933,78.31,6.86,2482.18
Tuichang,1934,94.43,8.25,2986.01
Tuichang,1943,96.86,7.68,2803.95
Tuichang,1945,91.87,8.55,3122.29
Tuichang,1946,75.29,7.51,2733.81
Tuichang,1948,66.51,9.36,3427.31
Tuichang,1949,79.08,7.62,2772.62
Tuichang,1954,98.68,8.01,2914.1
Tuichang,1967,50.0,0.63,229.4
Tuichang,1968,55.0,2.75,1005.1
Tuichang,1969,71.0,3.13,1141.4
Tuichang,1970,68.0,3.32,1211.1
Tuichang,1971,70.67,6.06,2213.26
Tuichang,1972,58.11,4.46,1631.09
Tuichang,1973,91.3,6.22,2271.47
Tuichang,1976,93.37,6.19,2246.14
Tuichang,1978,93.66,6.19,2247.48
Tuichang,1979,96.82,5.93,2158.99
Tuichang,1980,93.06,7.57,2749.4
Tuichang,1985,89.82,8.19,2981.18
Tuichang,1986,94.4,6.02,2179.52
Tuichang,1987,83.78,7.26,2626.79
Tuichang,1989,88.91,7.2,2614.17
Tuichang,1990,89.01,8.69,3162.99
Tuichang,1992,96.11,6.19,2245.74
Tuichang,1995,97.45,6.09,2222.61
Tuichang,1999,83.81,7.73,2821.18
Tuichang,2013,69.09,4.6,1680.65
Tuichang,2024,64.92,4.65,1702.09
Tuichang,2025,76.15,6.17,2244.63
Tuichawng,1907,0.0,0.0,0.0
Tuichawng,1908,0.0,0.0,0.0
Tuichawng,1909,0.0,0.0,0.0
Tuichawng,1910,0.0,0.0,0.0
Tuichawng,1911,0.0,0.0,0.0
Tuichawng,1912,0.0,0.0,0.0
Tuichawng,1915,0.0,0.0,0.0
Tuichawng,1917,0.0,0.0,0.0
Tuichawng,1920,0.0,0.0,0.0
Tuichawng,1921,0.0,0.0,0.0
Tuichawng,1922,0.0,0.0,0.0
Tuichawng,1923,0.0,0.0,0.0
Tuichawng,1925,0.0,0.0,0.0
Tuichawng,1926,0.0,0.0,0.0
Tuichawng,1929,0.0,0.0,0.0
Tuichawng,1933,0.0,0.0,0.0
Tuichawng,1934,0.0,0.0,0.0
Tuichawng,1943,0.0,0.0,0.0
Tuichawng,1945,0.0,0.0,0.0
Tuichawng,1946,0.0,0.0,0.0
Tuichawng,1948,0.0,0.0,0.0
Tuichawng,1949,0.0,0.0,0.0
Tuichawng,1954,0.0,0.0,0.0
Tuichawng,1967,0.0,0.0,0.0
Tuichawng,1968,0.0,0.0,0.0
Tuichawng,1969,0.0,0.0,0.0
Tuichawng,1970,0.0,0.0,0.0
Tuichawng,1971,0.0,0.0,0.0
Tuichawng,1972,0.0,0.0,0.0
Tuichawng,1973,0.0,0.0,0.0
Tuichawng,1976,0.0,0.0,0.0
Tuichawng,1978,0.0,0.0,0.0
Tuichawng,1979,0.0,0.0,0.0
Tuichawng,1980,0.0,0.0,0.0
Tuichawng,1985,0.0,0.0,0.0
Tuichawng,1986,0.0,0.0,0.0
Tuichawng,1987,0.0,0.0,0.0
Tuichawng,1989,0.0,0.0,0.0
Tuichawng,1990,0.0,0.0,0.0
Tuichawng,1992,0.0,0.0,0.0
Tuichawng,1995,0.0,0.0,0.0
Tuichawng,1999,0.0,0.0,0.0
Tuichawng,2013,83.49,7.39,2691.23
Tuichawng,2024,67.09,5.15,1880.93
Tuichawng,2025,71.93,6.32,2294.76
Tulaghat,1907,73.71,3.24,1182.36
Tulaghat,1908,81.21,3.54,1296.03
Tulaghat,1909,67.96,4.11,1500.79
Tulaghat,1910,80.88,4.29,1567.53
Tulaghat,1911,63.09,2.74,993.49
Tulaghat,1912,62.59,4.19,1531.85
Tulaghat,1915,73.44,4.05,1478.14
Tulaghat,1917,85.26,4.9,1789.24
Tulaghat,1920,82.57,3.77,1379.24
Tulaghat,1921,93.88,4.24,1540.52
Tulaghat,1922,52.03,3.77,1377.49
Tulaghat,1923,81.19,3.88,1410.51
Tulaghat,1925,87.9,6.28,2279.34
Tulaghat,1926,81.13,4.0,1458.85
Tulaghat,1929,68.11,3.46,1263.13
Tulaghat,1933,89.17,4.87,1771.54
Tulaghat,1934,83.25,3.26,1189.53
Tulaghat,1943,89.0,3.47,1266.27
Tulaghat,1945,45.67,3.87,1408.5
Tulaghat,1946,96.48,4.31,1574.86
Tulaghat,1948,92.09,3.42,1248.35
Tulaghat,1949,82.48,3.76,1368.37
Tulaghat,1954,97.6,3.69,1347.3
Tulaghat,1967,69.6,3.44,1257.06
Tulaghat,1968,61.18,2.87,1043.36
Tulaghat,1969,78.32,3.02,1098.23
Tulaghat,1970,50.84,3.19,1165.45
Tulaghat,1971,93.0,3.66,1331.51
Tulaghat,1972,89.37,3.12,1135.84
Tulaghat,1973,83.71,3.24,1181.15
Tulaghat,1976,71.83,3.28,1198.15
Tulaghat,1978,84.48,4.04,1471.61
Tulaghat,1979,68.11,2.9,1054.95
Tulaghat,1980,86.71,3.92,1434.17
Tulaghat,1985,88.93,4.02,1463.25
Tulaghat,1986,80.68,4.38,1597.52
Tulaghat,1987,67.92,3.12,1138.4
Tulaghat,1989,93.31,3.32,1211.08
Tulaghat,1990,88.93,5.51,2000.27
Tulaghat,1992,94.2,4.24,1542.52
Tulaghat,1995,60.25,4.64,1683.82
Tulaghat,1999,72.83,3.05,1114.65
Tulaghat,2013,64.06,4.38,1594.48
Tulaghat,2024,58.12,3.56,1302.05
Tulaghat,2025,51.32,3.97,1443.88
V_kallathur,1907,89.71,2.24,818.02
V_kallathur,1908,66.9,2.49,911.39
V_kallathur,1909,77.69,2.26,818.71
V_kallathur,1910,58.58,2.64,963.35
V_kallathur,1911,71.22,2.08,760.62
V_kallathur,1912,61.72,2.55,933.98
V_kallathur,1915,45.67,2.26,824.44
V_kallathur,1917,70.9,2.49,907.96
V_kallathur,1920,85.8,3.04,1111.47
V_kallathur,1921,75.98,3.02,1100.78
V_kallathur,1922,81.24,3.12,1138.11
V_kallathur,1923,48.13,1.44,524.42
V_kallathur,1925,66.39,2.05,748.43
V_kallathur,1926,52.57,1.63,594.84
V_kallathur,1929,57.37,2.48,906.64
V_kallathur,1933,65.37,2.82,1030.19
V_kallathur,1934,67.68,2.29,836.82
V_kallathur,1943,80.67,2.98,1086.33
V_kallathur,1945,58.68,2.06,753.15
V_kallathur,1946,84.36,3.5,1274.74
V_kallathur,1948,84.29,3.14,1148.57
V_kallathur,1949,56.45,2.55,929.81
V_kallathur,1954,58.56,2.75,1002.74
V_kallathur,1967,84.09,2.79,1016.86
V_kallathur,1968,62.54,2.66,972.51
V_kallathur,1969,73.34,2.48,905.97
V_kallathur,1970,66.56,2.46,897.37
V_kallathur,1971,65.43,2.41,878.84
V_kallathur,1972,65.28,2.73,992.35
V_kallathur,1973,79.17,2.35,856.4
V_kallathur,1976,45.18,1.6,586.59
V_kallathur,1978,52.49,2.03,742.48
V_kallathur,1979,63.77,2.66,972.19
V_kallathur,1980,43.4,1.23,450.42
V_kallathur,1985,36.22,1.64,598.24
V_kallathur,1986,44.26,1.98,721.63
V_kallathur,1987,41.6,2.06,751.72
V_kallathur,1989,30.57,1.29,471.86
V_kallathur,1990,43.31,1.2,438.77
V_kallathur,1992,67.0,1.44,528.35
V_kallathur,1995,45.68,2.21,808.19
V_kallathur,1999,62.7,2.21,807.75
V_kallathur,2013,62.22,2.4,876.75
V_kallathur,2024,90.71,3.0,1096.2
V_kallathur,2025,36.41,1.94,707.04
Valamuru__pamuleru_,1907,73.28,3.07,1119.47
Valamuru__pamuleru_,1908,54.25,3.32,1215.56
Valamuru__pamuleru_,1909,46.38,2.96,1082.04
Valamuru__pamuleru_,1910,54.82,5.02,1832.59
Valamuru__pamuleru_,1911,79.42,3.26,1191.48
Valamuru__pamuleru_,1912,62.01,3.21,1174.98
Valamuru__pamuleru_,1915,66.71,3.87,1414.13
Valamuru__pamuleru_,1917,94.13,5.0,1825.31
Valamuru__pamuleru_,1920,66.36,2.45,896.05
Valamuru__pamuleru_,1921,48.17,3.1,1131.52
Valamuru__pamuleru_,1922,76.57,3.35,1223.58
Valamuru__pamuleru_,1923,77.84,4.16,1519.6
Valamuru__pamuleru_,1925,71.41,3.98,1453.34
Valamuru__pamuleru_,1926,50.74,3.0,1093.34
Valamuru__pamuleru_,1929,49.51,2.97,1085.04
Valamuru__pamuleru_,1933,83.51,3.58,1303.49
Valamuru__pamuleru_,1934,49.02,2.85,1041.19
Valamuru__pamuleru_,1943,45.9,2.83,1031.41
Valamuru__pamuleru_,1945,58.03,3.39,1236.34
Valamuru__pamuleru_,1946,43.95,3.14,1144.5
Valamuru__pamuleru_,1948,51.37,2.94,1077.73
Valamuru__pamuleru_,1949,70.4,3.62,1317.03
Valamuru__pamuleru_,1954,93.37,3.32,1211.06
Valamuru__pamuleru_,1967,47.94,2.76,1007.41
Valamuru__pamuleru_,1968,80.55,2.65,968.08
Valamuru__pamuleru_,1969,97.72,3.69,1345.96
Valamuru__pamuleru_,1970,64.48,3.07,1119.14
Valamuru__pamuleru_,1971,56.51,3.24,1184.24
Valamuru__pamuleru_,1972,81.84,3.73,1361.75
Valamuru__pamuleru_,1973,48.47,3.9,1422.17
Valamuru__pamuleru_,1976,90.67,2.76,1010.89
Valamuru__pamuleru_,1978,93.12,4.36,1589.79
Valamuru__pamuleru_,1979,31.91,2.11,769.66
Valamuru__pamuleru_,1980,25.05,1.5,550.14
Valamuru__pamuleru_,1985,59.55,3.16,1151.71
Valamuru__pamuleru_,1986,87.07,3.5,1274.87
Valamuru__pamuleru_,1987,57.26,4.03,1470.59
Valamuru__pamuleru_,1989,89.5,1.84,673.25
Valamuru__pamuleru_,1990,91.71,4.93,1790.19
Valamuru__pamuleru_,1992,79.25,3.52,1287.92
Valamuru__pamuleru_,1995,38.95,1.59,581.53
Valamuru__pamuleru_,1999,60.76,1.46,532.4
Valamuru__pamuleru_,2013,93.32,3.03,1105.74
Valamuru__pamuleru_,2024,60.06,2.97,1085.27
Valamuru__pamuleru_,2025,40.25,3.25,1187.28
Valayinkil,1907,48.77,2.19,796.37
Valayinkil,1908,56.97,1.69,620.32
Valayinkil,1909,66.0,1.49,543.28
Valayinkil,1910,51.49,1.4,509.87
Valayinkil,1911,44.83,2.24,816.47
Valayinkil,1912,93.16,2.55,930.19
Valayinkil,1915,97.19,2.77,1012.52
Valayinkil,1917,78.71,2.28,832.05
Valayinkil,1920,81.68,2.63,959.36
Valayinkil,1921,98.08,2.85,1040.81
Valayinkil,1922,72.07,2.13,772.77
Valayinkil,1923,78.55,2.58,936.99
Valayinkil,1925,95.36,3.33,1207.85
Valayinkil,1926,84.67,2.18,793.4
Valayinkil,1929,70.37,3.4,1239.47
Valayinkil,1933,96.96,2.22,810.38
Valayinkil,1934,57.03,2.2,802.39
Valayinkil,1943,64.61,2.94,1071.44
Valayinkil,1945,92.65,2.99,1091.0
Valayinkil,1946,92.5,3.36,1222.02
Valayinkil,1948,79.85,2.57,937.31
Valayinkil,1949,65.6,1.69,615.62
Valayinkil,1954,76.24,2.87,1048.02
Valayinkil,1967,82.7,1.73,633.17
Valayinkil,1968,69.39,2.23,817.29
Valayinkil,1969,30.48,1.87,680.97
Valayinkil,1970,52.63,1.82,665.43
Valayinkil,1971,74.22,3.22,1175.76
Valayinkil,1972,76.01,2.57,939.81
Valayinkil,1973,97.43,2.58,940.28
Valayinkil,1976,62.92,1.75,640.3
Valayinkil,1978,68.39,2.64,964.19
Valayinkil,1979,76.22,3.82,1386.84
Valayinkil,1980,70.3,2.0,730.74
Valayinkil,1985,66.03,2.91,1063.23
Valayinkil,1986,45.17,1.45,529.57
Valayinkil,1987,64.57,2.84,1029.21
Valayinkil,1989,64.86,2.48,903.87
Valayinkil,1990,97.72,3.09,1123.49
Valayinkil,1992,57.15,2.95,1075.88
Valayinkil,1995,58.49,1.86,676.52
Valayinkil,1999,48.73,1.38,505.43
Valayinkil,2013,88.16,2.82,1031.03
Valayinkil,2024,47.44,1.97,720.07
Valayinkil,2025,93.77,3.1,1130.0
Valigonda,1907,36.25,1.91,697.8
Valigonda,1908,86.6,2.0,730.59
Valigonda,1909,51.85,1.96,715.84
Valigonda,1910,80.25,1.97,718.66
Valigonda,1911,39.18,1.43,520.74
Valigonda,1912,49.33,1.72,628.19
Valigonda,1915,85.65,3.47,1268.29
Valigonda,1917,42.88,2.61,950.99
Valigonda,1920,68.54,1.56,570.05
Valigonda,1921,39.29,1.91,696.22
Valigonda,1922,67.76,1.67,610.96
Valigonda,1923,62.73,1.64,598.83
Valigonda,1925,73.21,2.36,862.03
Valigonda,1926,35.9,1.59,582.03
Valigonda,1929,34.24,1.62,592.65
Valigonda,1933,51.26,2.86,1042.82
Valigonda,1934,24.8,1.48,540.21
Valigonda,1943,49.7,2.25,820.86
Valigonda,1945,61.88,2.19,798.9
Valigonda,1946,30.59,1.69,617.45
Valigonda,1948,40.14,1.95,714.27
Valigonda,1949,35.23,1.56,570.93
Valigonda,1954,89.67,1.85,674.46
Valigonda,1967,44.71,1.95,711.21
Valigonda,1968,61.23,1.7,622.71
Valigonda,1969,37.7,1.68,614.25
Valigonda,1970,40.93,2.36,861.1
Valigonda,1971,58.68,1.44,524.81
Valigonda,1972,28.41,1.07,392.26
Valigonda,1973,40.73,2.06,752.48
Valigonda,1976,63.01,2.31,844.82
Valigonda,1978,62.44,2.8,1020.61
Valigonda,1979,41.48,1.74,635.38
Valigonda,1980,42.96,1.47,539.22
Valigonda,1985,27.68,1.56,568.43
Valigonda,1986,46.25,1.91,696.99
Valigonda,1987,69.34,2.19,795.87
Valigonda,1989,52.28,2.06,750.56
Valigonda,1990,61.97,2.69,981.64
Valigonda,1992,42.28,1.62,591.8
Valigonda,1995,55.05,2.9,1059.75
Valigonda,1999,29.56,1.52,554.21
Valigonda,2013,61.07,2.75,1005.0
Valigonda,2024,74.54,2.0,731.55
Valigonda,2025,52.54,3.1,1130.13
Varanavasi,1907,81.52,2.58,942.46
Varanavasi,1908,79.82,3.18,1159.85
Varanavasi,1909,58.42,2.63,958.13
Varanavasi,1910,76.14,2.59,942.17
Varanavasi,1911,59.96,2.55,930.71
Varanavasi,1912,78.59,2.36,863.7
Varanavasi,1915,34.74,2.32,845.35
Varanavasi,1917,54.09,2.57,937.02
Varanavasi,1920,86.07,3.73,1361.3
Varanavasi,1921,53.63,2.98,1086.79
Varanavasi,1922,97.18,3.47,1264.82
Varanavasi,1923,80.21,2.28,831.48
Varanavasi,1925,95.12,3.03,1106.88
Varanavasi,1926,77.56,2.79,1017.02
Varanavasi,1929,88.89,2.7,986.87
Varanavasi,1933,90.93,2.68,973.48
Varanavasi,1934,83.79,3.36,1224.62
Varanavasi,1943,77.05,3.8,1383.21
Varanavasi,1945,95.3,2.57,936.82
Varanavasi,1946,82.98,3.4,1238.57
Varanavasi,1948,74.13,2.23,815.03
Varanavasi,1949,58.3,2.1,767.8
Varanavasi,1954,69.29,3.06,1115.56
Varanavasi,1967,77.31,2.84,1035.57
Varanavasi,1968,53.41,2.47,903.93
Varanavasi,1969,88.64,3.04,1110.88
Varanavasi,1970,93.67,2.86,1042.29
Varanavasi,1971,89.25,3.87,1411.18
Varanavasi,1972,93.87,3.3,1208.96
Varanavasi,1973,64.14,2.72,991.99
Varanavasi,1976,93.43,2.94,1075.24
Varanavasi,1978,80.45,2.82,1028.29
Varanavasi,1979,64.34,2.75,1000.27
Varanavasi,1980,64.37,1.49,545.2
Varanavasi,1985,78.71,2.63,961.16
Varanavasi,1986,79.26,2.88,1051.88
Varanavasi,1987,42.77,2.35,854.05
Varanavasi,1989,49.0,2.42,882.34
Varanavasi,1990,43.95,2.18,796.43
Varanavasi,1992,59.45,3.24,1184.32
Varanavasi,1995,30.0,0.54,198.0
Varanavasi,1999,78.67,3.59,1305.41
Varanavasi,2013,83.0,1.65,602.0
Varanavasi,2024,66.0,2.67,972.9
Varanavasi,2025,83.0,2.94,1074.2
Veerlapalem,1907,36.31,1.35,491.32
Veerlapalem,1908,80.25,1.85,675.96
Veerlapalem,1909,51.29,1.57,572.69
Veerlapalem,1910,45.71,2.41,878.52
Veerlapalem,1911,52.29,1.67,608.2
Veerlapalem,1912,43.5,1.75,640.05
Veerlapalem,1915,72.29,3.13,1138.09
Veerlapalem,1917,59.54,2.2,801.55
Veerlapalem,1920,46.92,1.44,527.09
Veerlapalem,1921,45.77,1.62,591.51
Veerlapalem,1922,44.83,1.81,661.63
Veerlapalem,1923,65.66,1.55,566.59
Veerlapalem,1925,54.54,1.84,671.34
Veerlapalem,1926,83.69,1.48,541.12
Veerlapalem,1929,45.2,1.29,471.79
Veerlapalem,1933,62.14,2.01,733.83
Veerlapalem,1934,33.02,1.47,538.1
Veerlapalem,1943,57.07,1.87,683.07
Veerlapalem,1945,53.24,1.58,573.88
Veerlapalem,1946,64.46,1.77,647.5
Veerlapalem,1948,54.56,1.81,663.49
Veerlapalem,1949,60.33,2.27,829.29
Veerlapalem,1954,91.1,2.11,770.77
Veerlapalem,1967,41.13,1.8,657.68
Veerlapalem,1968,66.38,1.84,674.85
Veerlapalem,1969,88.86,2.79,1019.47
Veerlapalem,1970,48.69,2.24,819.26
Veerlapalem,1971,91.88,1.76,641.48
Veerlapalem,1972,49.92,1.38,506.76
Veerlapalem,1973,54.43,2.04,744.66
Veerlapalem,1976,67.66,1.96,718.31
Veerlapalem,1978,70.72,3.07,1121.92
Veerlapalem,1979,85.45,1.7,622.14
Veerlapalem,1980,51.54,1.45,530.48
Veerlapalem,1985,72.8,2.18,794.6
Veerlapalem,1986,62.45,1.65,600.8
Veerlapalem,1987,78.57,1.69,615.94
Veerlapalem,1989,61.37,2.59,945.75
Veerlapalem,1990,90.86,2.63,960.51
Veerlapalem,1992,41.05,1.63,596.45
Veerlapalem,1995,56.57,1.86,680.02
Veerlapalem,1999,54.68,1.46,531.76
Veerlapalem,2013,78.04,2.89,1050.46
Veerlapalem,2024,51.69,1.81,659.73
Veerlapalem,2025,69.2,2.27,827.64
Vellaikadavu,1907,62.98,5.6,2044.65
Vellaikadavu,1908,51.9,3.69,1347.99
Vellaikadavu,1909,92.13,3.45,1258.99
Vellaikadavu,1910,70.17,3.97,1444.5
Vellaikadavu,1911,63.74,3.79,1385.07
Vellaikadavu,1912,67.22,5.51,2009.65
Vellaikadavu,1915,69.92,5.26,1919.69
Vellaikadavu,1917,53.25,3.86,1410.23
Vellaikadavu,1920,87.69,6.5,2374.32
Vellaikadavu,1921,65.66,4.37,1596.45
Vellaikadavu,1922,69.36,5.14,1872.6
Vellaikadavu,1923,67.84,5.82,2124.13
Vellaikadavu,1925,84.69,5.01,1818.02
Vellaikadavu,1926,94.72,5.08,1852.51
Vellaikadavu,1929,67.35,4.98,1818.94
Vellaikadavu,1933,77.9,7.26,2620.99
Vellaikadavu,1934,61.1,3.69,1347.67
Vellaikadavu,1943,57.93,5.64,2052.35
Vellaikadavu,1945,58.27,4.34,1581.52
Vellaikadavu,1946,76.97,5.54,2015.67
Vellaikadavu,1948,65.4,4.2,1535.94
Vellaikadavu,1949,40.19,3.47,1266.78
Vellaikadavu,1954,40.08,4.48,1634.82
Vellaikadavu,1967,48.32,3.52,1285.16
Vellaikadavu,1968,58.87,4.29,1571.5
Vellaikadavu,1969,61.37,3.95,1441.69
Vellaikadavu,1970,74.11,3.77,1369.37
Vellaikadavu,1971,85.31,5.38,1965.41
Vellaikadavu,1972,90.62,5.29,1931.41
Vellaikadavu,1973,51.98,3.99,1456.19
Vellaikadavu,1976,60.96,4.42,1616.73
Vellaikadavu,1978,98.7,4.02,1454.34
Vellaikadavu,1979,95.74,5.68,2072.79
Vellaikadavu,1980,38.33,4.56,1669.43
Vellaikadavu,1985,43.67,4.02,1466.93
Vellaikadavu,1986,66.63,3.02,1101.12
Vellaikadavu,1987,49.5,4.06,1481.22
Vellaikadavu,1989,86.19,4.86,1773.13
Vellaikadavu,1990,87.92,4.05,1474.33
Vellaikadavu,1992,73.2,4.98,1813.91
Vellaikadavu,1995,65.63,4.41,1610.48
Vellaikadavu,1999,73.11,3.89,1421.55
Vellaikadavu,2013,62.25,4.38,1597.0
Vellaikadavu,2024,82.39,5.64,2064.57
Vellaikadavu,2025,59.17,4.72,1717.03
Venganur,1907,55.89,2.47,899.84
Venganur,1908,59.7,2.58,943.62
Venganur,1909,77.84,2.86,1045.48
Venganur,1910,55.19,2.76,1006.24
Venganur,1911,65.17,2.3,838.61
Venganur,1912,67.15,2.58,945.09
Venganur,1915,44.44,2.36,860.73
Venganur,1917,65.22,2.6,948.63
Venganur,1920,87.18,3.37,1233.5
Venganur,1921,49.46,3.0,1093.41
Venganur,1922,63.92,3.09,1129.59
Venganur,1923,56.71,1.78,648.63
Venganur,1925,70.39,2.35,858.34
Venganur,1926,61.79,2.0,729.64
Venganur,1929,70.05,2.47,900.29
Venganur,1933,80.61,2.78,1015.73
Venganur,1934,53.94,2.79,1018.34
Venganur,1943,78.62,3.44,1255.12
Venganur,1945,61.27,2.27,830.19
Venganur,1946,90.26,3.43,1250.29
Venganur,1948,84.29,2.89,1056.55
Venganur,1949,54.56,2.3,839.49
Venganur,1954,71.32,2.84,1035.5
Venganur,1967,74.34,2.84,1038.35
Venganur,1968,49.86,2.65,968.36
Venganur,1969,68.14,2.67,972.87
Venganur,1970,44.79,2.54,928.54
Venganur,1971,79.5,3.0,1093.68
Venganur,1972,83.27,3.35,1227.08
Venganur,1973,44.89,2.35,855.96
Venganur,1976,32.06,1.85,676.07
Venganur,1978,59.67,2.41,880.56
Venganur,1979,61.88,2.91,1063.54
Venganur,1980,64.84,1.36,498.9
Venganur,1985,34.32,2.24,819.1
Venganur,1986,45.5,2.48,905.97
Venganur,1987,41.43,2.28,831.91
Venganur,1989,35.89,1.97,717.8
Venganur,1990,32.36,1.64,597.66
Venganur,1992,60.52,2.14,782.01
Venganur,1995,40.25,2.14,782.65
Venganur,1999,46.69,2.35,858.07
Venganur,2013,61.3,2.6,948.58
Venganur,2024,70.47,3.0,1099.8
Venganur,2025,32.91,1.94,707.85
Vikkiralapeta,1907,39.45,1.28,468.49
Vikkiralapeta,1908,66.74,1.82,665.25
Vikkiralapeta,1909,40.29,1.38,505.33
Vikkiralapeta,1910,55.14,2.39,872.93
Vikkiralapeta,1911,77.65,1.68,612.04
Vikkiralapeta,1912,54.57,2.09,766.22
Vikkiralapeta,1915,93.78,2.78,1014.06
Vikkiralapeta,1917,47.33,2.56,931.35
Vikkiralapeta,1920,53.91,1.51,550.85
Vikkiralapeta,1921,56.97,2.04,743.04
Vikkiralapeta,1922,78.7,1.98,722.81
Vikkiralapeta,1923,84.34,1.4,511.07
Vikkiralapeta,1925,79.24,2.34,854.4
Vikkiralapeta,1926,44.68,1.3,474.68
Vikkiralapeta,1929,43.21,1.59,580.11
Vikkiralapeta,1933,67.61,2.03,739.45
Vikkiralapeta,1934,87.88,1.95,710.75
Vikkiralapeta,1943,73.18,2.22,809.53
Vikkiralapeta,1945,52.28,1.61,589.28
Vikkiralapeta,1946,96.59,2.69,981.08
Vikkiralapeta,1948,55.39,1.68,616.05
Vikkiralapeta,1949,88.39,2.46,896.98
Vikkiralapeta,1954,45.13,1.72,626.6
Vikkiralapeta,1967,44.15,1.6,583.49
Vikkiralapeta,1968,27.74,1.15,421.11
Vikkiralapeta,1969,66.17,2.88,1048.62
Vikkiralapeta,1970,64.94,1.73,631.23
Vikkiralapeta,1971,43.6,1.51,552.17
Vikkiralapeta,1972,64.4,2.42,887.3
Vikkiralapeta,1973,61.65,2.19,799.52
Vikkiralapeta,1976,57.56,2.4,877.32
Vikkiralapeta,1978,62.45,2.48,906.5
Vikkiralapeta,1979,59.02,2.3,835.76
Vikkiralapeta,1980,89.71,1.87,685.24
Vikkiralapeta,1985,54.41,2.05,748.45
Vikkiralapeta,1986,73.57,2.08,759.93
Vikkiralapeta,1987,89.94,2.4,876.68
Vikkiralapeta,1989,77.37,1.69,617.93
Vikkiralapeta,1990,54.76,3.05,1112.08
Vikkiralapeta,1992,76.83,2.12,777.73
Vikkiralapeta,1995,61.13,1.99,724.85
Vikkiralapeta,1999,37.39,1.65,600.48
Vikkiralapeta,2013,70.56,2.45,892.61
Vikkiralapeta,2024,67.3,2.76,1011.71
Vikkiralapeta,2025,50.7,2.28,828.96
Vinchur,1907,46.52,1.25,456.2
Vinchur,1908,37.0,1.13,415.32
Vinchur,1909,47.3,1.53,559.4
Vinchur,1910,66.24,2.04,744.4
Vinchur,1911,37.07,0.89,324.57
Vinchur,1912,88.77,1.16,424.14
Vinchur,1915,52.15,1.74,634.76
Vinchur,1917,44.48,1.73,632.57
Vinchur,1920,51.8,0.99,362.08
Vinchur,1921,63.71,1.64,597.92
Vinchur,1922,41.83,1.49,544.78
Vinchur,1923,76.41,1.51,551.2
Vinchur,1925,51.35,1.41,514.71
Vinchur,1926,37.41,1.43,520.24
Vinchur,1929,44.58,1.24,451.41
Vinchur,1933,66.15,2.01,733.82
Vinchur,1934,44.66,1.6,584.49
Vinchur,1943,44.5,2.04,746.18
Vinchur,1945,40.79,1.32,481.2
Vinchur,1946,72.98,2.07,755.07
Vinchur,1948,85.84,2.01,734.55
Vinchur,1949,78.91,3.12,1137.02
Vinchur,1954,97.28,1.96,717.21
Vinchur,1967,61.73,2.54,926.67
Vinchur,1968,92.14,1.68,613.38
Vinchur,1969,73.48,2.28,832.35
Vinchur,1970,54.45,1.92,700.1
Vinchur,1971,66.27,1.43,521.57
Vinchur,1972,35.93,0.92,338.21
Vinchur,1973,50.8,1.85,676.89
Vinchur,1976,74.07,2.08,761.52
Vinchur,1978,30.62,1.14,414.79
Vinchur,1979,47.2,1.92,699.04
Vinchur,1980,44.63,1.61,590.91
Vinchur,1985,48.42,1.27,462.88
Vinchur,1986,64.05,1.13,413.54
Vinchur,1987,59.79,1.86,677.49
Vinchur,1989,63.72,1.73,632.69
Vinchur,1990,75.48,1.52,553.81
Vinchur,1992,87.98,1.92,702.01
Vinchur,1995,48.1,1.75,640.39
Vinchur,1999,49.66,1.68,614.22
Vinchur,2013,56.08,1.98,723.6
Vinchur,2024,56.5,2.57,939.03
Vinchur,2025,66.64,2.37,864.37
Wankadi,1907,60.51,1.71,624.05
Wankadi,1908,73.99,2.5,914.13
Wankadi,1909,79.96,2.26,823.52
Wankadi,1910,79.02,3.22,1172.79
Wankadi,1911,29.49,1.04,378.8
Wankadi,1912,83.25,3.27,1196.65
Wankadi,1915,57.75,1.98,721.41
Wankadi,1917,47.69,3.47,1263.18
Wankadi,1920,53.39,2.02,737.59
Wankadi,1921,76.38,3.31,1204.77
Wankadi,1922,62.08,2.32,845.99
Wankadi,1923,49.76,1.69,616.72
Wankadi,1925,49.63,1.52,555.09
Wankadi,1926,36.69,2.49,907.77
Wankadi,1929,39.8,1.55,566.37
Wankadi,1933,82.55,2.68,977.11
Wankadi,1934,46.72,2.16,789.03
Wankadi,1943,46.49,2.32,848.45
Wankadi,1945,97.41,3.32,1209.49
Wankadi,1946,65.95,3.19,1165.87
Wankadi,1948,34.34,1.58,579.6
Wankadi,1949,88.93,2.75,1000.71
Wankadi,1954,84.09,2.86,1041.29
Wankadi,1967,46.08,2.22,805.06
Wankadi,1968,71.77,1.67,611.56
Wankadi,1969,61.22,2.14,782.16
Wankadi,1970,67.09,3.04,1107.95
Wankadi,1971,85.61,2.2,801.71
Wankadi,1972,86.18,1.67,610.34
Wankadi,1973,98.72,4.4,1596.25
Wankadi,1976,97.35,4.02,1457.92
Wankadi,1978,78.09,1.73,626.91
Wankadi,1979,88.57,2.29,835.91
Wankadi,1980,87.07,2.18,798.68
Wankadi,1985,28.26,0.76,275.24
Wankadi,1986,60.86,1.29,470.73
Wankadi,1987,48.59,1.27,463.46
Wankadi,1989,60.36,2.04,743.48
Wankadi,1990,51.98,2.48,898.97
Wankadi,1992,65.47,1.78,652.67
Wankadi,1995,67.88,1.38,505.42
Wankadi,1999,50.08,1.26,459.08
Wankadi,2013,78.48,2.12,773.62
Wankadi,2024,72.87,2.02,734.49
Wankadi,2025,55.48,1.85,674.39
Warunji,1907,65.2,4.11,1501.09
Warunji,1908,70.49,3.74,1368.84
Warunji,1909,60.1,3.06,1117.05
Warunji,1910,82.61,3.43,1252.45
Warunji,1911,41.9,2.18,797.52
Warunji,1912,75.68,3.68,1345.63
Warunji,1915,69.51,3.61,1317.33
Warunji,1917,70.79,3.32,1210.71
Warunji,1920,40.23,2.95,1080.62
Warunji,1921,79.23,3.01,1098.76
Warunji,1922,81.34,3.74,1364.32
Warunji,1923,52.29,3.01,1097.62
Warunji,1925,64.53,2.8,1022.06
Warunji,1926,84.16,3.86,1410.35
Warunji,1929,62.95,3.14,1146.41
Warunji,1933,67.05,4.63,1690.38
Warunji,1934,60.22,3.46,1264.06
Warunji,1943,80.53,3.13,1138.47
Warunji,1945,65.82,3.21,1173.07
Warunji,1946,69.52,5.21,1902.09
Warunji,1948,57.27,3.0,1099.32
Warunji,1949,76.34,2.86,1042.92
Warunji,1954,67.13,3.1,1127.66
Warunji,1967,88.73,3.87,1412.31
Warunji,1968,46.64,3.55,1300.48
Warunji,1969,77.99,3.91,1427.48
Warunji,1970,46.35,3.33,1215.23
Warunji,1971,67.18,2.91,1063.0
Warunji,1972,46.37,2.03,744.0
Warunji,1973,71.3,3.94,1436.91
Warunji,1976,63.14,2.94,1072.02
Warunji,1978,52.3,3.25,1187.89
Warunji,1979,57.47,3.91,1428.19
Warunji,1980,76.03,3.74,1370.57
Warunji,1985,54.7,2.52,920.79
Warunji,1986,64.5,2.22,809.65
Warunji,1987,76.9,2.58,940.69
Warunji,1989,64.24,2.39,872.63
Warunji,1990,64.43,3.38,1232.72
Warunji,1992,42.12,2.72,994.97
Warunji,1995,81.86,3.1,1132.05
Warunji,1999,82.07,3.17,1158.15
Warunji,2013,59.1,3.44,1256.26
Warunji,2024,72.88,4.73,1732.28
Warunji,2025,47.87,3.09,1128.82
Zari,1907,48.25,1.65,600.91
Zari,1908,80.23,2.23,814.72
Zari,1909,62.34,2.66,971.48
Zari,1910,46.07,2.61,954.36
Zari,1911,60.23,1.65,600.55
Zari,1912,30.8,1.42,519.25
Zari,1915,76.07,2.99,1090.77
Zari,1917,58.47,3.0,1096.08
Zari,1920,55.09,0.93,341.3
Zari,1921,56.58,1.74,634.43
Zari,1922,63.16,2.36,862.05
Zari,1923,55.75,1.83,667.93
Zari,1925,53.72,1.78,649.18
Zari,1926,58.33,1.99,726.45
Zari,1929,42.55,1.66,607.59
Zari,1933,71.65,2.85,1041.82
Zari,1934,47.63,2.63,959.73
Zari,1943,60.1,2.33,849.6
Zari,1945,78.53,2.08,757.98
Zari,1946,42.36,2.19,798.66
Zari,1948,47.97,2.45,896.98
Zari,1949,60.26,2.75,1005.13
Zari,1954,65.6,2.11,770.14
Zari,1967,36.78,1.77,644.35
Zari,1968,58.06,1.89,692.3
Zari,1969,66.91,2.51,917.28
Zari,1970,37.09,2.31,842.3
Zari,1971,56.58,1.95,711.0
Zari,1972,24.52,0.95,346.69
Zari,1973,54.36,2.36,861.59
Zari,1976,52.95,1.8,659.45
Zari,1978,51.8,1.82,665.88
Zari,1979,59.23,2.2,804.05
Zari,1980,39.98,2.17,795.77
Zari,1985,37.61,1.71,623.45
Zari,1986,43.12,1.53,559.02
Zari,1987,52.95,2.19,800.28
Zari,1989,88.13,2.61,951.58
Zari,1990,68.11,3.14,1144.29
Zari,1992,83.15,1.71,622.85
Zari,1995,36.66,1.77,646.48
Zari,1999,54.67,2.2,803.8
Zari,2013,70.82,2.47,900.97
Zari,2024,94.79,2.29,839.2
Zari,2025,50.93,2.51,917.72
bhamgarh,1907,29.74,1.38,503.31
bhamgarh,1908,34.97,1.71,626.5
bhamgarh,1909,41.47,1.57,572.27
bhamgarh,1910,65.55,2.46,898.76
bhamgarh,1911,38.55,1.23,447.93
bhamgarh,1912,65.17,1.53,559.66
bhamgarh,1915,61.15,2.16,789.88
bhamgarh,1917,57.35,2.91,1062.73
bhamgarh,1920,85.21,1.8,660.34
bhamgarh,1921,75.96,2.57,939.32
bhamgarh,1922,59.08,1.97,717.8
bhamgarh,1923,41.62,1.7,619.43
bhamgarh,1925,67.3,1.49,543.25
bhamgarh,1926,64.16,2.07,754.96
bhamgarh,1929,71.83,1.63,595.06
bhamgarh,1933,71.56,2.56,931.41
bhamgarh,1934,84.06,3.21,1170.56
bhamgarh,1943,76.8,2.8,1021.49
bhamgarh,1945,60.77,1.93,704.42
bhamgarh,1946,72.44,3.2,1168.99
bhamgarh,1948,89.4,3.36,1231.08
bhamgarh,1949,63.57,2.71,985.53
bhamgarh,1954,76.25,3.08,1122.52
bhamgarh,1967,84.79,2.19,799.79
bhamgarh,1968,95.6,2.1,768.23
bhamgarh,1969,57.13,2.56,933.23
bhamgarh,1970,83.85,2.75,1002.22
bhamgarh,1971,63.7,1.75,637.61
bhamgarh,1972,73.77,1.88,685.06
bhamgarh,1973,86.61,3.01,1098.93
bhamgarh,1976,60.15,2.42,884.88
bhamgarh,1978,72.46,2.48,906.56
bhamgarh,1979,70.92,2.66,967.65
bhamgarh,1980,53.9,2.33,852.01
bhamgarh,1985,56.67,1.91,696.97
bhamgarh,1986,50.98,2.08,757.51
bhamgarh,1987,50.79,1.67,610.96
bhamgarh,1989,47.26,2.2,801.47
bhamgarh,1990,55.23,2.75,1001.31
bhamgarh,1992,40.14,1.6,585.91
bhamgarh,1995,70.14,2.13,775.86
bhamgarh,1999,53.55,2.6,949.78
bhamgarh,2013,68.84,3.41,1244.83
bhamgarh,2024,52.4,2.91,1066.63
bhamgarh,2025,45.15,2.62,955.04
sandia,1907,44.28,2.7,984.78
sandia,1908,62.62,4.09,1498.74
sandia,1909,50.56,3.04,1109.16
sandia,1910,52.95,3.48,1268.85
sandia,1911,52.82,3.13,1143.56
sandia,1912,61.89,3.01,1103.21
sandia,1915,73.46,3.79,1383.34
sandia,1917,49.98,4.35,1586.42
sandia,1920,58.35,2.44,894.26
sandia,1921,49.48,3.02,1104.01
sandia,1922,48.48,3.2,1166.98
sandia,1923,75.77,3.9,1422.89
sandia,1925,57.46,3.51,1280.75
sandia,1926,70.89,4.41,1611.15
sandia,1929,86.59,3.72,1359.05
sandia,1933,71.62,3.98,1453.41
sandia,1934,57.56,4.21,1535.48
sandia,1943,52.52,3.86,1409.08
sandia,1945,70.31,3.85,1404.19
sandia,1946,69.14,3.8,1386.74
sandia,1948,50.46,3.85,1409.83
sandia,1949,37.75,3.74,1366.1
sandia,1954,60.26,3.14,1145.23
sandia,1967,45.87,3.68,1342.44
sandia,1968,54.17,2.7,989.18
sandia,1969,71.07,3.2,1168.81
sandia,1970,61.74,4.21,1535.04
sandia,1971,67.43,4.36,1590.82
sandia,1972,76.53,2.8,1024.81
sandia,1973,82.76,3.9,1422.67
sandia,1976,41.4,2.86,1048.47
sandia,1978,55.71,3.56,1300.15
sandia,1979,59.17,2.08,758.98
sandia,1980,74.61,3.34,1221.92
sandia,1985,75.04,3.12,1139.6
sandia,1986,48.9,2.87,1046.59
sandia,1987,61.49,2.8,1021.95
sandia,1989,73.1,2.42,885.08
sandia,1990,42.73,3.98,1451.97
sandia,1992,57.67,2.77,1014.04
sandia,1995,53.16,2.65,965.74
sandia,1999,74.0,4.17,1521.07
sandia,2013,74.62,4.61,1681.1
sandia,2024,67.9,3.54,1295.45
sandia,2025,54.45,3.7,1349.63
