,sandia,Adityapur,Akkihebbal,Alladupalli,Altuma,Ambarampalayam,Ambasamudram,Arangali,Bamnia,Bamnidhi,Baronda,Belkhedi,Betmogra,Chanwada,Chhidgaon,Chinamusi  tumadu,Dabri,Dameracherla,Dhariawad,Dindori,Elunuthimangalam,Errakalva    ananthapalli,Fekoghat,Degloor,Gandlapet,Halia,Hogenakkal,Jaraikela,Jotasan,K.m. vadi,Kalampur,Kallooppara,Kamalapuram,Kattaleru   tiruvuru,Keesara,Kelo at raigarh,Khanditar,Kheda,Kogaon,Kovvada kalva near dommeru,Koyna,Kudlur,Kundanpur,Kurubhata,M.h. halli,Pachegaon,Paleru bridge,Parmanpur,Patan,Pati,Pedageddada,Potteru (potteruvagu),Pudur,Pulamanthole,Rambhapur,Rampur,Rangeli,Ratanpur,Sakleshpur,Salebhata,Samdoli (seasonal),Sevanur,Madhira,Magaral,Manendragarh,Manot,Morane,Muthankera,Nandipalli,Narmadapuram,Navalgund,Ozerkheda,Singavaram,Somanpally(seasonal),Sundergarh,T. bekkupe,T. narasipur,T.k.halli,Talikot,Tapi at burhanpur,Terwad (seasonal),Teska,Theni,Thevur,Thoppur,Thumpamon,Tuichang,Tulaghat,Warunji,Zari
sandia,0.0,2.569514269163659,5.139849426040331,3.447441275802819,3.8740972140113348,6.232552325591818,6.7141659185612035,6.815623420276994,4.120175312424132,2.2374765877609555,2.465760996071889,2.758248422679751,3.6155341141062984,2.4595031610189855,2.7034422419898525,4.350402482163928,4.33325747862765,2.3921486123872895,3.2230824529627755,3.13790642669507,5.0011114424487255,3.78460954477777,4.491759816751343,3.493159498287831,3.283580846148195,3.031295790894339,4.556074542942388,2.3367841017910145,3.4307083500029223,5.084742319524057,6.524357992226632,6.66151825851312,3.366029734565952,5.155494315847934,3.418699751888537,3.3762558433215637,2.769496532900333,3.1741686338734643,2.0739849023793457,5.410871108876018,6.558826474174941,5.946794236816242,2.226263215697689,1.9196103044302162,5.172709347802903,2.4945387800186354,3.743597830890007,2.9256720816406427,2.281888381205544,2.853409433577383,6.580164247140193,3.99727387165826,5.666223316260825,6.5663226872931695,3.954728238585809,2.5386414540896163,1.9070481450599073,3.193834905959209,5.961614623198573,2.3595306911721314,4.234691246805036,6.277931837557795,3.7085641837959984,4.124173639240685,3.5355286178187764,2.2891680809753923,3.172219914691754,5.61891914537485,4.296093773686145,1.2850870726823813,4.266470114572418,4.515780293146381,3.128670934704884,2.416702021935901,3.954496563078538,4.376556833998545,5.05542274266298,4.288719706903105,3.7590230459079375,1.3282705291704906,4.331688237437474,2.986229674065148,6.853662051228611,4.893797560553507,5.952918445501932,7.072041185292269,8.232643106719797,4.261695754944091,5.260628240313241,2.0921140363180006
Adityapur,2.569514269163659,0.0,5.99307905441301,4.0011349133274505,2.105620204739011,6.266377076705428,6.539418745144492,6.880620110203866,4.2769059120368995,1.1913417161277067,1.8203253612436097,2.64623944554552,3.631328166032884,3.6279163109697556,2.973703275688821,3.745961619115322,4.416020223645057,2.9575714409894616,3.7689170527538693,2.987927101794907,5.480797097375757,2.9533089670249453,2.561068193923117,3.5339128539394,3.3068318876189364,2.9356685668443627,4.68475647342686,1.8962061160286907,4.387407814918674,5.529743698216563,6.176059397982742,6.327902944225129,4.045422473867298,4.306137921998367,2.9746297761766605,1.993716647559133,1.3672825675468165,4.001078685763364,3.01439021295904,4.433157689627764,6.650134213864289,5.852089363945477,3.418358676652799,1.201955082322748,5.8274194212793065,4.08118764011912,3.2325030568986324,1.3002066865078954,2.440029335421988,3.5944278238421736,5.583690821049034,3.740437593002037,6.003290803942165,6.446933464560723,4.136195066831596,1.429775891792393,3.727896805119564,3.974490008752475,6.113517168797444,1.0254060238490497,4.740936002715234,7.360448678282618,3.087025543190931,3.954703717900375,2.833431083176646,2.61621206506389,4.12619311776614,5.825526623001499,4.1750971122979275,3.335527373785503,5.008581617759628,4.757702659826124,3.8113476296286515,3.1349939954789074,2.645527051943279,4.877041359791353,5.9446912237432885,5.229166694441217,4.194640307332344,3.076039180845825,4.8042779744708906,3.2476987986926256,7.031546212980881,4.7717477032211315,5.543525563482391,6.804974429730987,7.0487559374796485,3.2039873499748746,5.662472264311608,3.0044665199821825
Akkihebbal,5.139849426040331,5.99307905441301,0.0,4.99590358155347,6.155405027379222,4.577822209319257,5.154034137484476,4.972178440624337,6.135030499723375,5.470508907200294,5.599841887000305,5.273069240046477,4.804537864940171,5.867688391122987,5.523498559837754,5.441609358513229,6.161752024725886,4.186298364396309,5.685345391039678,5.267441066733496,3.4901365753471625,5.607159262850553,7.026042108248368,4.659543426640904,5.22916624055285,4.953559037164105,3.5194591301801013,4.962280400466025,5.334135787185157,2.2213426163479526,5.364576859988905,5.578009847263635,3.0720620637232057,6.720186669582433,5.499599839438176,5.987561138707491,5.964747436198685,6.105301299072643,5.538514063130134,6.99489943351013,4.932881525473098,4.221326475128064,5.293304505538942,5.278710608679385,1.3425225920305142,3.5520993659846654,5.356390947287833,5.864699167487163,6.175037424892766,5.617753061211221,6.570035747957464,4.253768529068553,4.2488228112812045,5.342942270253092,6.048208791306192,5.682214551566432,4.896993593834802,6.101028642389014,3.8698050377594013,5.666735705537092,3.7343600385447897,3.683922717066249,5.446852358941087,5.15434989603454,5.588953491257987,4.6292558692371415,5.4979192317015135,3.887405868853382,6.120267300506784,4.902159410137651,2.569748825150291,5.241363006141886,3.164159424449969,4.530717489089227,6.263535400448716,2.0908858587065935,1.3269430119447598,1.5862327378218748,3.784531714332655,4.642399211483199,3.817884963775153,5.089431640489838,6.048046122014637,4.80050592572482,5.013546096297037,5.791032538195649,7.89347875057742,5.337639640197845,3.4993098630263586,4.640146742667478
Alladupalli,3.447441275802819,4.0011349133274505,4.99590358155347,0.0,4.054360565292697,5.57920971463883,5.667148967285717,6.508681277028196,5.096113221187301,3.7508733757693693,3.4278230752886123,4.367634067167274,4.532003893215354,3.368932417836664,4.298837692800382,3.8598153946830838,5.250108578947485,2.334914645681727,4.744000517938538,4.811634784459193,3.3983652172086307,2.91582217258494,5.04527483494289,4.2515398284550985,2.7143137965313286,2.3351768336903826,4.077199574588142,4.35771520314814,5.097965549792957,4.9434057565790575,5.447166166146312,5.445624197331942,2.179681842236001,4.0276870369963715,2.4745101064399897,4.5373875750339865,3.5637685520325175,4.45412384761201,3.3473408866621956,4.144413089840949,7.181357887802915,5.816097368281233,4.085712716063438,3.6864936827179817,5.135405821684224,3.077508713534644,3.78368169362312,4.195839616893641,3.8620705649923304,3.7273730114182806,6.375070052967318,4.692702234332097,4.568290938422194,6.075097304681071,5.094903236491826,3.7337033637757604,3.7414353602763954,4.5191943125409395,5.856474385251511,3.2581894266724505,4.370090715338593,5.794908877315413,2.842980368934304,2.2409927509124565,5.258836241373391,4.3603650953513595,3.167895604467247,5.248416056793936,2.5140932328682912,3.5864156742251603,3.9378665656743834,4.962239810550794,2.075648288322317,2.0702192496365774,4.860271994944305,4.2276793836060556,4.507023363600049,3.686166477895797,3.885337768835563,2.8781827899258245,4.437551533217215,4.19620404803092,5.202176544515268,3.567333406072589,5.150214842440077,6.085808248953215,9.382136205700508,5.072645660846573,5.826886079541925,3.3496103250319202
Altuma,3.8740972140113348,2.105620204739011,6.155405027379222,4.054360565292697,0.0,5.478580024901983,5.589579260351977,6.234278338990279,3.8528572343873133,1.9878875934253415,2.2019139183194594,2.7965823223486406,3.7498242083810123,3.7468864795693206,3.0517703535918517,3.3210754516376553,3.917702122747996,3.65737115229661,3.7816707178603086,3.452374664358338,5.126420108178308,2.3172708822141965,2.121687910317772,3.5782539329892433,2.9083996700520713,2.8413945192783414,4.218709033018099,3.3572071826616705,4.33441702214344,5.327380568778411,5.131010280208129,5.262480313062146,4.124347194574117,3.0533285192101807,2.715172193598884,1.747609012972461,2.6213937769971993,4.1924075937055365,3.286365751446239,3.2079368136146256,6.163320007320527,5.182630339234984,3.954510262924993,2.266637332578284,5.838552667085067,4.366349215586377,3.200178232805081,1.8636899017064263,3.112498232226292,3.382784539736512,4.150152970451076,3.778723954745699,5.4539383860622666,5.5805533804570615,3.782017214704505,2.0060857006469854,4.332139603999996,4.166716843482337,5.640909820908692,1.79587033892354,4.5594884150520025,7.807691580751138,2.4019951459198197,3.4963803869844576,2.987085429736094,3.4587023888204973,3.8887098897844985,5.288419547405473,3.585256415094172,4.559245886661138,5.078946715226124,3.939856631951942,3.8857753733789235,3.84885133612205,1.8011820221438393,4.9287067551019526,6.055140435648934,5.5273012535792585,4.260486573475905,3.6925368920593717,4.674339087284209,3.3460295453060533,6.212131795476712,3.937833747618249,4.365106775163242,5.7840888434013245,6.953776938605865,2.676690330228342,5.430667467197606,3.6062155679230616
Ambarampalayam,6.232552325591818,6.266377076705428,4.577822209319257,5.57920971463883,5.478580024901983,0.0,1.849127263279851,1.3341185070604298,6.341527682045198,5.582429724341996,5.5350696129762875,5.678530301091245,5.417001714833076,6.025158473616951,5.653951837686752,5.354772866705485,6.336688620478526,5.4812533876391685,6.207379302279053,5.719016110512607,4.0575130531858115,5.063973919351924,6.902707948849373,5.355744046973354,5.497940325946298,5.102804313703097,2.6045182402753415,6.352602207286369,5.576121656131984,3.7177609031339043,3.194061514766542,2.9583941962324363,4.238628142807959,6.098472590090187,5.3459001934889505,5.95761252377378,5.965740356773815,6.471611463548633,5.579531749058709,6.3066788686611455,4.7456938754261735,2.4713942954378223,6.283389708423495,5.746055886223424,3.8665387055489853,4.961932857631012,5.717919468854417,5.856321396428177,6.477558727329814,5.32439664864981,4.921931740344563,3.533663941288138,2.2734572530540107,1.9395893785983822,6.223246150240799,5.748985183417409,6.3154169027447775,6.492077092982541,3.8273395886717267,5.773335465119086,3.9178514274435843,6.633774298624576,5.200054703829256,4.124901253716847,5.933759599262233,5.601233794599154,5.406773857330229,2.0631643851517887,5.017553651637249,6.578697271425404,5.205013988059228,3.8438541900431553,4.145176868773607,6.173560626860575,5.953396903272619,3.8574694262986076,4.518758148271305,4.920352292899656,5.055205362845697,5.457198143447989,4.036044546520695,5.525972902230294,3.29854612968452,2.939731064269896,2.563340574466071,2.3743487234884735,7.005600067577589,4.333907615307049,4.277920379789085,5.495046292477429
Ambasamudram,6.7141659185612035,6.539418745144492,5.154034137484476,5.667148967285717,5.589579260351977,1.849127263279851,0.0,2.202101526108505,6.4202481865393555,5.866079724613833,5.656085259515487,5.900743480786327,5.560272031931913,6.3487653695402395,5.8090841993458895,5.429326177413194,6.408341097692873,5.761635617271321,6.426283732987458,5.80049951403359,4.869360341110966,5.041043646331124,6.959915059574789,5.4638433459591935,5.447348654467708,5.149714224154476,2.699276308319822,6.80303224409424,5.796989434221049,4.029231648576997,2.772181804411891,2.4977473032414195,4.671861733888834,5.811482937191121,5.450589316421423,6.105908037414693,6.296229737397887,6.70681955189366,5.884953432317061,6.002551977017813,4.552259310358583,2.1665773700407738,6.543829961990761,6.1175085940657405,4.293641783321311,5.449931287639503,5.81500093828672,5.978065850198809,6.625397875568908,5.525678972735717,4.155136102423723,3.8581487353266715,3.497659142466809,2.845891449515621,6.326401343507331,5.914613011145634,6.788521206387296,6.724683235101166,3.507650042427554,6.042284754346196,3.850250098736716,7.399111521523363,5.280120681799489,4.053994619291706,6.1949630933986555,5.878070626402738,5.665907848235865,2.0048236222590625,4.67470900352638,7.163166626444176,5.357967640652311,3.930189853987591,4.427254546702459,6.419497984225867,5.993877395183096,4.196676558190822,5.199089464531464,5.302970733882911,5.127477262978246,5.834974407094647,3.899174420938441,5.661709727549045,3.4333598031769212,3.245381029947799,2.097738030599573,1.9932355991965494,6.959752456846726,4.319936370722543,4.281784659525836,5.796218713453641
Arangali,6.815623420276994,6.880620110203866,4.972178440624337,6.508681277028196,6.234278338990279,1.3341185070604298,2.202101526108505,0.0,7.019764976296837,6.2305276091221495,6.277010865154236,6.314744689542739,5.944546700694363,6.741808821973946,6.250982366936981,6.0338090231722505,7.0236461819022775,6.20703013583802,6.810736562072013,6.257409295674148,4.9478959713373145,5.9194462110282915,7.607110772186075,5.94063706679001,6.428468485819688,5.958773243233074,3.3524546404982947,6.846162802575037,5.929771510406606,4.205568198490826,3.5082497306378086,3.270842283579463,5.053932700455176,7.067254979869264,6.1885435404590226,6.599350775897443,6.565406328450044,7.0395958927652815,6.302045841942731,7.273552622220398,4.5175792436079725,2.5473369563287047,6.880344880059887,6.393159235960263,4.209044826097289,5.670702635629257,6.379662113653559,6.4376430894628465,7.186850613351133,6.068912749024989,5.204323586093847,3.8190722300790427,3.066311678868403,1.9420944321962172,6.812734208119235,6.408194448281659,6.870696085142597,7.0531277356927395,4.134453401560129,6.490045829673006,4.386514468464199,6.980594176617072,6.064234459528692,5.045052352280947,6.48862664352098,6.099618919592376,6.319771112838076,2.4378699845505793,5.941751803233954,7.131293099268368,5.807765723729969,4.244412187587229,4.966041313147815,6.93210454283807,6.623188042827368,4.412579460603956,5.014812963840928,5.535235029420246,5.697763714455236,6.110353228138732,4.441419756850321,6.227108093099827,4.175033041767389,3.9895736189065563,3.2474166818005714,2.2974864942626065,6.537637168235644,4.6592451027456345,4.275626540975725,6.164831842224613
Bamnia,4.120175312424132,4.2769059120368995,6.135030499723375,5.096113221187301,3.8528572343873133,6.341527682045198,6.4202481865393555,7.019764976296837,0.0,3.276360865703254,3.115757799125931,1.976336126794866,2.691809063421356,2.914137934770801,1.879203018815954,4.030011277860475,0.32775919269930043,4.285659078070453,1.1940936596920264,3.095961934000054,6.263360817247813,3.7227167847620004,3.7314147402808966,2.5326933019927775,2.658301201987424,3.3603878574958053,4.466195329230135,4.745350597545253,3.317920452562541,4.814711552527586,5.72315005535983,6.100954584717694,5.15196704604676,3.343148653367696,3.94450808996078,2.6974418664186364,5.13921551843309,2.2735827370792774,2.6300774755752214,3.7812798275910064,5.194825486998058,5.346890215167189,2.1831410596484275,3.698125794971495,5.584693441558829,4.1417013564992935,3.499435602803082,3.3542845656559996,2.798146828341064,2.351567440653595,5.070483966463511,5.13591301013937,6.625146197000385,6.511817749438374,0.7244561457330537,3.139880564012836,3.94145898616367,2.205536872592054,4.787808781307458,3.74837892707074,3.5964292250977103,8.71392783846569,3.6000322658780926,4.877362572339964,2.7090827790265677,3.483207126902537,3.3842759207824473,5.353892617666003,4.632249252839963,4.96202410802131,4.357931773897116,3.281315777393834,4.52076089651067,4.609843203624158,2.6134784697344116,4.767703022618876,6.510438686937699,5.602279585627257,3.18498624666902,3.7730028492336776,3.784782837412773,1.9522556997926697,7.469198743181842,4.7128136349874215,4.9470756836281895,6.873129712483624,8.711414866468573,4.327333051538697,4.651595331497228,2.8024540865413345
Bamnidhi,2.2374765877609555,1.1913417161277067,5.470508907200294,3.7508733757693693,1.9878875934253415,5.582429724341996,5.866079724613833,6.2305276091221495,3.276360865703254,0.0,0.962826463753384,1.605739205681821,2.716429671713102,2.8696134520638052,1.91312437517506,3.2528748071750035,3.4114166084627997,2.580553089436379,2.7593367739539696,2.163660507092741,5.149179694773864,2.4677834270567436,2.57194151505874,2.6026199873185134,2.5161966169312047,2.2577906722529075,3.8513704614684414,2.1840012493448184,3.533495799195665,4.751822316758558,5.537157324155006,5.72050509845106,3.6559048308280375,3.73710536817017,2.566812990023048,1.3917047907945632,2.0450699068106104,3.1596644263503446,2.075029217617458,3.9828443087859284,5.800095543347106,5.05033611906551,2.5256680285199966,0.9085850660992028,5.146460441542755,3.412140771666822,2.692139967430814,0.8617791796976366,1.771810099741623,2.5893058011144303,5.010316791132579,3.2396341040647982,5.513181510857461,5.835826460814325,3.1409215406232995,0.6499446653841693,3.244568121882656,3.13248747801378,5.219980000391318,0.9216949614625255,3.787477744389262,7.275701124134189,2.5825743061099593,3.4807055230555424,2.0512302102244124,1.907492085120765,3.3390802466513207,5.009120765801104,3.6707424353700295,3.2161992218261917,4.354056068727186,3.7801339131640086,3.2524406009002425,3.0008432600406665,2.048974122063607,4.159293137427156,5.5478437809891785,4.770916018943356,3.3293989580569967,2.4428056145578663,3.891819557443231,2.1649188665789443,6.534870332797102,4.061114867591048,4.74484889068145,6.226975091845235,7.0940290086636555,2.7040431059001158,4.8460610640767605,2.076786196980662
Baronda,2.465760996071889,1.8203253612436097,5.599841887000305,3.4278230752886123,2.2019139183194594,5.5350696129762875,5.656085259515487,6.277010865154236,3.115757799125931,0.962826463753384,0.0,1.664497019575763,2.821309021015841,2.7548016334904672,1.7916866950619132,3.37816186331457,3.2463993960457582,2.6050472212914784,2.770598240768796,1.9982781060474566,5.227878751400602,2.276433250905623,2.8465075508737097,2.645011128928089,1.935046923973418,1.9173466184445176,3.635460918949682,2.843293580812188,3.593693186562862,4.7431493980545865,5.5358291469883145,5.690816129908454,3.6322677888677743,3.2976739319845474,2.4631440106972295,1.7510173277566747,2.486140746742766,3.206010963478307,1.8314424113568468,3.5863953359561735,5.936503869207715,4.978245206224582,2.5307563174622083,1.4537051423717717,5.199477014962141,3.334670883826293,2.8365446559653065,1.3994089417272997,1.3995720006968293,2.196351248614016,4.955431447647692,3.4120908729241832,5.5693639092904474,5.987822818842077,3.1238880105177156,0.9901259612067157,3.492099100920032,3.198733744961873,5.044110737101015,1.3498848733072397,3.6366005083667985,7.5064975569281565,2.5154510572935904,3.103025773123892,2.302463011291091,2.0876881205219715,2.8465623781210994,4.84449716107024,2.994089789499449,3.5285036576571542,4.378781782173411,3.765778003592464,3.113095972712858,3.050912954778401,2.13471189465921,4.150442128034854,5.683614108929188,4.778887187589177,3.228310393659289,2.3949162074067782,3.764920934087204,1.8278985684239049,6.176539244658742,3.8331250462257316,4.557385477090031,6.228022933612565,7.516089571227184,2.9448691361233235,5.004734147847183,1.9871815029399096
Belkhedi,2.758248422679751,2.64623944554552,5.273069240046477,4.367634067167274,2.7965823223486406,5.678530301091245,5.900743480786327,6.314744689542739,1.976336126794866,1.605739205681821,1.664497019575763,0.0,2.179987555365616,2.7926536146427954,0.9187051325072959,3.624211780200007,2.074107926991551,3.153697411075857,1.5542363153815755,1.482907877025949,5.546485269571689,3.1190632503829696,3.078972598131386,2.0154661584745748,2.3157361097094835,2.662955115884326,3.718932285242929,2.9513560355642934,2.7589495642727413,4.277252301552518,5.606273602440435,5.896960817979321,4.086367862520262,3.674072151206616,3.3040463471142965,1.53806763298356,3.6130895988843057,2.68865649288996,2.0011982901547674,4.074951256843811,5.035939283800065,4.7404415916618845,1.7793983272113252,1.9404518082968645,4.805859670673767,3.227454214394855,2.984668650875162,1.8783480634957679,1.8269605605957235,2.0700112496436436,4.74172309403375,3.631157032935133,5.912318668424057,6.040390746747694,1.960152136892343,1.7009144213003122,3.1623396005085653,2.628601129478285,4.523679977850811,2.342093248807533,3.251916611598539,7.611865094940833,3.100342212911022,4.156607977501966,1.2281823237954048,1.6620262007126483,3.0835665403991905,4.778465082540215,4.15039450211557,3.691066391171625,3.946738880988132,3.259078511902172,3.545164508206704,3.5743373587505425,1.797223818176311,3.9309842175967695,5.594685050445592,4.738206431423629,2.805766813497473,2.6266836860865994,3.433948595257297,0.9768658923592337,6.845442968063101,4.321766858110448,4.59156725834404,6.449647126509155,7.362791830696581,2.9723864484460227,4.211089690393807,1.8891285030600062
Betmogra,3.6155341141062984,3.631328166032884,4.804537864940171,4.532003893215354,3.7498242083810123,5.417001714833076,5.560272031931913,5.944546700694363,2.691809063421356,2.716429671713102,2.821309021015841,2.179987555365616,0.0,3.5226666787621754,2.5340250687737074,2.389603678719284,2.7087713941101588,2.7876653307287227,2.2107672793886626,2.802056009234404,5.410714383246785,2.8926744984147232,3.5301925955275846,0.4039640528213049,2.8406571847432676,2.4628380553552667,3.3904310246280467,3.7531408484112507,3.850974478276266,3.650316937610262,4.710571623420636,5.080441025878866,4.0509079614392425,3.8028196890233392,2.9739394345056342,2.6925066100555703,4.181200072659767,2.741545021377084,2.8997331102196933,4.168530231392952,4.192429203695159,4.291667671150578,2.4323080091451676,3.3068046276951724,4.163992510554139,3.931314968443791,1.7840702449540895,2.65519187560701,3.2929962797709016,3.3099572735182936,4.852820848119211,3.6900237754918206,5.675901357710005,5.536572586673661,2.397197735562822,2.4371488650846356,3.9010933832472547,2.682072554788063,3.8817758620399596,3.1234042857392037,2.5055380063558212,7.513543114898169,2.792551185817585,3.946257733529356,2.5464623953684336,2.6917675353467536,4.291716967461802,4.450918583111217,4.535787729435092,4.371166169946753,3.0623288939308293,3.43891041925608,3.419871505011836,3.6051096046701367,3.2060272519989756,3.108260277835984,5.381014932335995,4.380146442290573,1.531531494336434,3.480911796986769,2.5138316058453327,2.110034659405104,7.187169548026563,3.9220102795390104,4.092076997119274,5.858391308715292,7.763300622504661,3.427154645255004,3.3654239889514272,1.8431934339020999
Chanwada,2.4595031610189855,3.6279163109697556,5.867688391122987,3.368932417836664,3.7468864795693206,6.025158473616951,6.3487653695402395,6.741808821973946,2.914137934770801,2.8696134520638052,2.7548016334904672,2.7926536146427954,3.5226666787621754,0.0,2.295962243284452,3.92433587631067,3.1758234285128415,3.2070062260638883,2.3735203133078344,3.8315029890743855,5.034896801317917,3.2453375913616576,4.35632182550186,3.3499755681499046,2.550179140442119,2.6762468063425557,4.492927493913466,4.168555702370122,3.1762549217815375,5.229773749811602,5.733401526081583,5.892740047522873,3.914301230579466,3.93937735589266,2.9700548423754145,3.350056993294591,3.8486207995655004,1.7188668280249195,1.1389465723466732,4.213004809850024,6.368325168239833,5.860023719305688,1.8731107413496122,3.0265209935411863,5.68804629710784,2.9260629426360243,3.507346086139833,3.3648804715690335,2.277264386504561,1.6175086459033463,6.079557121727671,4.834034206529489,5.510905140173041,6.096023744580571,2.754542968208874,2.891757972471388,2.313794201104668,1.804042247007941,5.806683293216856,2.887739191533223,3.932970474423745,7.404490108367782,3.0714845862850435,3.7540675095957647,3.9465512438489725,3.529863829086041,2.1652223218027173,5.467093292286509,3.527082160049247,3.147666364104125,4.4118524697442885,3.4516679629325826,3.472603748940506,3.2453688293084206,3.6554526633837376,4.832482602669162,5.749044213373303,4.9948276152696,3.672998227115565,2.0607358096230217,4.068285075863067,2.86789515200483,6.49593252230524,4.187878155273731,5.39533734486849,6.526809438899407,9.198811670932129,4.629732207058779,5.302373275447504,2.2687486355262347
Chhidgaon,2.7034422419898525,2.973703275688821,5.523498559837754,4.298837692800382,3.0517703535918517,5.653951837686752,5.8090841993458895,6.250982366936981,1.879203018815954,1.91312437517506,1.7916866950619132,0.9187051325072959,2.5340250687737074,2.295962243284452,0.0,3.888987271243433,2.0715200881167553,3.383674364713179,1.467939817526452,1.8445240388143405,5.645139866720966,3.257446057027835,3.5394796370861776,2.3753684374489157,2.354960745182863,2.7551269066431034,3.74885422154348,3.3992521586989377,2.321794081697547,4.480056357463542,5.55184333897293,5.810100248404045,4.201557052237883,3.7570942500049287,3.4110288064233347,1.9668276612017939,3.7889722878152234,2.3250185538621833,1.5882102316250812,4.15814359353573,5.1229391910170134,4.762411724879223,1.5767847825360042,2.205525017386747,5.038854543345668,3.1181428059707965,3.2959498827022036,2.2277503147145263,1.6205449095860152,1.4405109309737956,4.791067688741527,3.822020411352249,5.888946566617108,5.971497100306961,1.8018487631895148,2.014648749626707,2.998795921645977,2.2896379320278846,4.630078254943774,2.578920050710005,3.220675704143015,7.776820007831631,3.269456178270101,4.083560829848515,1.9634413559609243,2.0433541844891225,2.679924667358415,4.712715172332022,3.8617413274751615,3.693040575557353,4.20618410294663,2.898424825885623,3.615261136958014,3.7662552836647993,2.091038375983009,4.196740929767906,5.766923093153619,4.930596684022823,3.0760729570435936,2.407015836989066,3.4058694096938003,1.2435669205017887,6.65420208173203,4.295083683371467,4.63749939559404,6.3292860496231125,7.61649218707442,3.1815949288770584,4.318121505098244,1.955532183112094
Chinamusi  tumadu,4.350402482163928,3.745961619115322,5.441609358513229,3.8598153946830838,3.3210754516376553,5.354772866705485,5.429326177413194,6.0338090231722505,4.030011277860475,3.2528748071750035,3.37816186331457,3.624211780200007,2.389603678719284,3.92433587631067,3.888987271243433,0.0,4.062568040133506,2.73744163544377,3.7361791999489635,4.421603578490341,4.758676629429569,1.7942363223007385,3.2356372852906508,2.3437923170069443,3.086979648897,2.147585851089236,3.887824370781838,4.348442045304424,5.124016081102712,4.578147671433582,4.016773420661141,4.2544576116577435,3.826565782087937,3.1357222123227553,1.704657783824851,3.273881486191461,3.7626170429314425,3.6077532530398138,3.6331367696195986,3.3146953901089664,5.3848983940646304,4.926199700744761,3.8516915356572126,3.8598483493321507,5.033763623193865,4.692585958264508,0.959641393911512,3.0645826000579897,4.1855027199661645,4.172977172604072,4.89947455126427,4.175171001483879,5.1359390059196395,5.1278966442722345,3.7318323419853248,2.831800723963612,4.575760075052704,3.596180636204267,5.021295448336675,2.9938773854431133,3.6668577877501813,7.473114160504168,1.4735591411666642,3.044323366990261,4.0396412721968655,4.153197133701722,4.828801725199409,5.0380394677622355,4.0295593968753876,4.888627087506457,3.7230295105114277,4.100057941012938,3.430629884597756,3.383840486533883,3.8065519513744546,3.896948415406476,5.623926263315032,4.816637046914348,2.7848922628349078,4.13657733543698,3.603795967546469,3.7160682114450014,6.832062014461411,3.303984056769188,3.9458577337025145,5.241771674653671,8.339967481774131,3.8862841379074164,4.549742390147274,3.0382017791493063
Dabri,4.33325747862765,4.416020223645057,6.161752024725886,5.250108578947485,3.917702122747996,6.336688620478526,6.408341097692873,7.0236461819022775,0.32775919269930043,3.4114166084627997,3.2463993960457582,2.074107926991551,2.7087713941101588,3.1758234285128415,2.0715200881167553,4.062568040133506,0.0,4.4113224353550295,1.3662718029774648,3.138404909095444,6.342902580120919,3.803420771090033,3.764492893598562,2.5537917678252486,2.7547732039294446,3.4751672625789483,4.481672398551515,4.86611984405432,3.4447561337876444,4.80445500074109,5.731707054007232,6.116210999773118,5.250551277169553,3.339219605453106,4.055832646413849,2.779440588922802,5.297931714994932,2.534696599514983,2.853343357236866,3.7968724663565756,5.112837953200261,5.308486473520555,2.4155525063228005,3.846740473537114,5.58150839444193,4.284762993088293,3.5607619358192264,3.46722626514164,3.016185322073093,2.5512706830547534,4.9855833270924155,5.166021692071265,6.685239989794866,6.532558272929971,0.8973944822596568,3.263581472488823,4.145996619046713,2.464062355770963,4.719734116106387,3.8937770160754455,3.6344207684358136,8.808477215505985,3.674619820670046,4.977666367387028,2.696503206539717,3.570344078141538,3.5517739200870633,5.358377403641794,4.759895610144563,5.163043771594851,4.392288970728732,3.3413371087052046,4.625852512678848,4.7569263903112144,2.652073118061065,4.777867767118979,6.573699850977738,5.678072510307677,3.209790249854774,3.9663628785795253,3.828801090381995,2.0123721372755936,7.5179059232398835,4.752716899237099,4.878375804551602,6.886782088690548,8.699242176668303,4.339113597192234,4.630751137698047,2.962898810175346
Dameracherla,2.3921486123872895,2.9575714409894616,4.186298364396309,2.334914645681727,3.65737115229661,5.4812533876391685,5.761635617271321,6.20703013583802,4.285659078070453,2.580553089436379,2.6050472212914784,3.153697411075857,2.7876653307287227,3.2070062260638883,3.383674364713179,2.73744163544377,4.4113224353550295,0.0,3.6197720865573553,3.545623239533503,3.924701414542973,2.5528065353018605,4.107777708268856,2.598030999767312,2.566655337100709,1.7080680703239652,3.584490422101817,2.8555986217416662,4.407765219970232,4.077803133979325,5.29702280964376,5.449391878709479,2.1559952878679485,4.171793103421823,2.0517831358092233,3.4678048145701204,2.8557553238853393,3.5832010009572373,2.7799574873324855,4.4070187644960175,5.9830033337273,5.160070467033643,2.934830058282966,2.671601227680626,4.174683410214688,2.835956238583399,2.3175550856498335,2.9601403744542445,3.2048772529566003,3.5215245415978784,5.952649104830526,3.6197685900281877,4.861933234359494,5.855674875197568,4.138021267983537,2.502604927264957,3.052979970771793,3.601755890557474,5.058738280810242,2.34568159810954,3.4676126671809873,5.7054786282584065,2.3888935384352625,2.811517999551482,3.8224227995437947,2.837990505650572,3.706188086658703,4.892897327015306,3.621810608165393,2.7177880717334633,2.880696852063957,4.524890965351348,1.815176148065814,1.1810993202317062,4.093143989714496,3.072420779562225,4.202669684188828,3.135801010300415,2.454585363312905,2.3166559752689437,3.4821138002739165,3.0870771039478138,6.3110147498029106,3.7269152224085498,4.837776654143806,6.106301294559467,8.3603700677407,4.076187062469758,4.606387679172947,1.8629441814815422
Dhariawad,3.2230824529627755,3.7689170527538693,5.685345391039678,4.744000517938538,3.7816707178603086,6.207379302279053,6.426283732987458,6.810736562072013,1.1940936596920264,2.7593367739539696,2.770598240768796,1.5542363153815755,2.2107672793886626,2.3735203133078344,1.467939817526452,3.7361791999489635,1.3662718029774648,3.6197720865573553,0.0,2.734172165671107,5.948304732215133,3.5957758540878406,3.7745646787883937,2.091929206168484,2.6691063277155784,3.0756532953137596,4.345857324636419,4.009764619799042,2.7262834657371284,4.668078299849977,5.770735597392135,6.103901124887997,4.643123912866568,3.8571330530191372,3.6205201707594425,2.5792941950490142,4.573997960885721,1.680321627804161,2.034354754138555,4.290613180699489,5.055216330303075,5.289830395365858,1.249937357021545,3.138857328940814,5.229317165851377,3.5510497560211958,3.1206521833760217,2.9612851039275334,2.450580729759617,2.119095498799988,5.274477784775181,4.592332358535023,6.33010550067031,6.35037854267447,0.9396158980085695,2.6608977823227478,3.0289849873570334,1.6025055036891112,4.877142019121485,3.2619239926913943,3.3757985687484955,8.063176899404633,3.3991518691498888,4.682089236956901,2.4524116134735343,2.762004977571299,3.278912630256476,5.288268526108971,4.633740482109506,4.026648882357002,3.982513256231877,3.1768887252845652,4.072362716915424,3.9479680449739716,2.8028638777517854,4.409287163906868,6.05001776177454,5.168611109354916,2.8606650312085025,2.982475286946489,3.531642976929937,1.6719349988201255,7.45662442144742,4.706433537117691,5.032174260331603,6.782159466277504,8.45271232526911,4.025109247673532,4.291980876618244,2.0879071172042933
Dindori,3.13790642669507,2.987927101794907,5.267441066733496,4.811634784459193,3.452374664358338,5.719016110512607,5.80049951403359,6.257409295674148,3.095961934000054,2.163660507092741,1.9982781060474566,1.482907877025949,2.802056009234404,3.8315029890743855,1.8445240388143405,4.421603578490341,3.138404909095444,3.545623239533503,2.734172165671107,0.0,6.048035086531161,3.8216745508639476,3.8676842649538843,2.6832629606369354,3.004954907260986,3.2996188007766163,3.6720543609837866,3.0416955384230024,3.097458167481477,4.328331335434792,6.065497646478166,6.304720683064157,4.336271015739779,4.487701451155907,4.073302606217174,2.434383029060049,3.915931382048666,3.8523233147365605,2.852641172996551,4.887020646310935,5.036482354159561,4.535035319226451,2.710979711857183,2.327600992839423,4.691650853717365,3.519225359631032,3.8011315383563553,2.391623733907034,2.3886448038902435,2.818138953302485,4.811421369426589,3.2405272605900532,6.252760836576091,6.405384341382784,3.163081119916644,2.3295095526898333,3.8886269424526034,3.803508411118026,4.325588529456724,2.9802360168626176,3.4121024646748883,7.679940924994371,3.9744469908564755,4.4808352760784835,1.500566844443662,1.2355643869894577,3.6253899505541476,4.627120427654742,4.418555040065185,4.073153491907331,4.330458783983161,3.8557033669355256,3.7983212363546337,4.062914574808312,2.5526142866292214,3.9142878568593047,5.706808957555784,4.825994492529472,3.229874879168791,3.025573993535334,3.581602321075988,1.4628414279394806,6.81094985282567,4.792273598336715,4.724891735448012,6.668461245386831,6.770566061180563,2.8236674858080812,4.274369588939,2.5339798964549125
Elunuthimangalam,5.0011114424487255,5.480797097375757,3.4901365753471625,3.3983652172086307,5.126420108178308,4.0575130531858115,4.869360341110966,4.9478959713373145,6.263360817247813,5.149179694773864,5.227878751400602,5.546485269571689,5.410714383246785,5.034896801317917,5.645139866720966,4.758676629429569,6.342902580120919,3.924701414542973,5.948304732215133,6.048035086531161,0.0,4.459650889154039,6.393211456009589,5.206404968966242,4.657960351658808,4.204731108802456,3.8096032789926073,5.241402008872536,5.825688253411773,3.963795839364138,4.640282344260639,4.618716144769297,2.210109447991447,5.627683612490039,4.246552626354858,5.740184789449482,4.971109885532901,5.86003404873853,5.030915364029114,5.726469975990667,6.6136008836189495,5.104821322986736,5.563673097128953,4.981810537385755,3.9427126182582373,3.638301430153464,5.009027056850298,5.6177348335107125,5.891993672329892,5.17302344949879,6.615584617719308,4.703434075730776,2.3262159469058243,4.430814307193794,6.187416467704684,5.342712858289561,4.801395390464525,5.900386346654467,5.4193902746684905,4.884494852459283,4.596037960808705,4.0655034929149005,4.263063117949977,3.642204640969102,6.141947330653295,5.442258166150955,4.643181587234038,4.462753779656774,4.706675553494816,4.766166384416419,3.874137244311941,5.078736463553443,2.685586346986937,3.999994229708043,5.993535512250015,3.6892754160398344,2.567315080411036,3.0098585383668586,4.596456656135683,4.396961470972289,4.705729997170081,5.51103111529924,4.412342461264486,3.3515934139408685,4.775244140276413,4.967305098828858,8.840330433179611,5.494318588685902,5.297375401499011,4.79517483628738
Errakalva    ananthapalli,3.78460954477777,2.9533089670249453,5.607159262850553,2.91582217258494,2.3172708822141965,5.063973919351924,5.041043646331124,5.9194462110282915,3.7227167847620004,2.4677834270567436,2.276433250905623,3.1190632503829696,2.8926744984147232,3.2453375913616576,3.257446057027835,1.7942363223007385,3.803420771090033,2.5528065353018605,3.5957758540878406,3.8216745508639476,4.459650889154039,0.0,2.780183874594509,2.7215741844125256,2.032065121068333,1.1823249457488714,3.4842320783546827,4.056549218829813,4.786781256786237,4.636445776571933,4.163783856785891,4.307657094073388,3.40193558767365,2.2053465566155874,0.8855963593999809,2.6818906707161987,2.908608910373167,3.4838113873713006,2.814777511451709,2.2979422646231336,5.916273749440286,4.861717213975387,3.563622960627926,3.0626246703687507,5.198578680682705,4.119222259268703,1.823977720456935,2.426530634308563,3.163999947036351,3.237672286349636,4.742059934637315,3.918521280358778,4.815502809667121,5.145536587549047,3.620534681797418,2.113283646956233,4.326097455612761,3.4963894550308696,5.002661959678202,2.093705830518783,3.557559137698513,7.498902588527691,0.8177433737991391,1.9430921358414202,3.731203372073554,3.7645645769580067,3.654273392282277,4.700579915778005,2.533528867275564,4.527702268594012,4.052073590566183,3.7954101433298497,2.9142068697027113,3.0677145769736467,3.065737141287483,4.043764854620775,5.581685415336855,4.734500901947287,3.0348306516327175,3.486763785122471,3.5814530571635914,3.149905598705999,5.814902810449171,2.6556790848062013,3.8193763160959806,5.20594250081435,8.164238552870215,3.5168433332262814,5.017718802259216,2.7240690186775613
Fekoghat,4.491759816751343,2.561068193923117,7.026042108248368,5.04527483494289,2.121687910317772,6.902707948849373,6.959915059574789,7.607110772186075,3.7314147402808966,2.57194151505874,2.8465075508737097,3.078972598131386,3.5301925955275846,4.35632182550186,3.5394796370861776,3.2356372852906508,3.764492893598562,4.107777708268856,3.7745646787883937,3.8676842649538843,6.393211456009589,2.780183874594509,0.0,3.457975083056211,3.427680652852368,3.3017801684813497,5.290839005589302,3.8729170170430436,5.3692091272088875,6.0169477422748905,5.977612005235069,6.264768799997273,5.346144073780919,3.081026084352013,3.1479081688326165,1.7462237525524889,3.3809288278303127,4.105411718128953,3.8939357088374664,3.117087219520153,6.6692405897286635,6.246556527842807,4.08048564233259,3.1262919369295994,6.647485378041335,5.518619667304088,2.841740296602458,2.0066007116598463,3.339861234110186,4.264408165067224,5.17103015943146,5.039102973446977,6.900954062449764,6.821223220784153,3.662844236334094,2.246790943529563,5.117503038510288,4.044481032583257,6.2576073969683375,2.4502243478884296,5.144455446410786,8.972511481857612,2.8659568265351623,4.577763170483917,3.034367105262329,4.032997141965814,4.998356154960049,6.427522402377916,4.725080507079525,5.302320553467402,5.454185380141688,5.005065369220408,4.951938232773121,4.37629386487243,2.1459905130666583,5.589414568365312,7.166912760231831,6.32775161153515,4.350114669873387,4.711713286236642,5.192946905010672,3.628170388806248,7.943506464334031,4.9646868736930205,5.471906222592016,7.082119606412416,7.821246468894391,3.867305262692051,6.069628058297028,3.8181285384911785
Degloor,3.493159498287831,3.5339128539394,4.659543426640904,4.2515398284550985,3.5782539329892433,5.355744046973354,5.4638433459591935,5.94063706679001,2.5326933019927775,2.6026199873185134,2.645011128928089,2.0154661584745748,0.4039640528213049,3.3499755681499046,2.3753684374489157,2.3437923170069443,2.5537917678252486,2.598030999767312,2.091929206168484,2.6832629606369354,5.206404968966242,2.7215741844125256,3.457975083056211,0.0,2.502230319137187,2.219728559209807,3.2512833320270604,3.6499987036681913,3.7073543903832187,3.529710167016605,4.672401821495378,5.036760756496078,3.811600976818861,3.5566174398110704,2.80063880325978,2.57630890942752,4.102386177194071,2.6960855675484017,2.741947174938658,3.9457533960107507,4.255434305986099,4.246166828124062,2.2875996597398824,3.1504862481535234,4.06017603351427,3.6770371199447065,1.733584033625281,2.5862064658627575,3.129263570079949,3.103826191775781,4.735471586662755,3.655482816539939,5.5731303924130104,5.545628377441204,2.2932222755798217,2.330344169779799,3.716102184901357,2.641801302309619,3.805370946324246,2.981105794273844,2.417906059482718,7.344835766142475,2.589981195976003,3.7629880522910772,2.484320330382809,2.574081811862365,4.020843833188925,4.372496538405292,4.296993947486708,4.226263555957638,2.8476996657471285,3.360573012370152,3.1716983149914646,3.3614685026558275,3.0465823258976745,2.987034146029032,5.198651821132752,4.1681398870235435,1.3299439447743817,3.272497797317483,2.4564315994839614,1.901288159465148,6.997570004965349,3.7942988972784084,3.9913502324411554,5.825683122061949,7.810721275469353,3.379445438657008,3.357291913358871,1.6933949629603313
Gandlapet,3.283580846148195,3.3068318876189364,5.22916624055285,2.7143137965313286,2.9083996700520713,5.497940325946298,5.447348654467708,6.428468485819688,2.658301201987424,2.5161966169312047,1.935046923973418,2.3157361097094835,2.8406571847432676,2.550179140442119,2.354960745182863,3.086979648897,2.7547732039294446,2.566655337100709,2.6691063277155784,3.004954907260986,4.657960351658808,2.032065121068333,3.427680652852368,2.502230319137187,0.0,1.3630439072653473,3.4341794854641354,3.970215345722428,3.8840198548455485,4.2822594737774695,5.0891291877100695,5.3024463155982895,3.286058186439689,2.2124231914445103,2.16761862631359,2.6873001470796605,3.741259184595837,3.0312820381328955,2.083080606436583,2.6071567497003256,5.860627106994533,4.97468506371687,2.558956422596761,2.8285764693804674,4.882665522124965,3.0786345066014773,2.697408521202857,2.801914435421685,2.2913079492415225,2.1371670218632377,4.984436668665691,4.263354722068836,5.365482267719771,6.006155446713283,2.8520907889791864,2.3345927876718506,3.5542001812092843,3.0449339046200183,4.636281670366841,2.5144922045771247,3.241852322833788,7.315365262211829,2.029015790602981,2.768823768279351,3.2429756473099367,3.113950746023153,2.309067768410257,4.697944773193713,2.5228434409646985,4.034954025213657,3.5202718554238674,3.6686572502199275,2.663737717860128,2.8003343380114964,2.8038326319491067,3.827959628892058,5.295842765714837,4.241533118605321,2.5764750534050727,2.7007735652439995,3.402727031233479,1.9890593059670965,5.88413173374016,3.3440529818504294,4.239689455800388,6.100276281210685,8.654064035724673,3.9257278406165885,4.849339942185707,2.108336375691958
Halia,3.031295790894339,2.9356685668443627,4.953559037164105,2.3351768336903826,2.8413945192783414,5.102804313703097,5.149714224154476,5.958773243233074,3.3603878574958053,2.2577906722529075,1.9173466184445176,2.662955115884326,2.4628380553552667,2.6762468063425557,2.7551269066431034,2.147585851089236,3.4751672625789483,1.7080680703239652,3.0756532953137596,3.2996188007766163,4.204731108802456,1.1823249457488714,3.3017801684813497,2.219728559209807,1.3630439072653473,0.0,3.144455021537444,3.6564923405856056,4.260775815492419,4.112049356367131,4.529574497953039,4.704633471097422,2.8008128835697064,2.6254298107893277,1.098976857318765,2.7570211631676553,3.000163891967021,3.012204317172988,2.170741071348429,2.8606061690146842,5.744492609238261,4.752462812591585,2.775204017428178,2.715624025204595,4.61069716028205,3.244094853772469,1.8220366433164747,2.4780355160188723,2.6223097126419654,2.689156328082338,5.116544327936422,3.7696894661874385,4.789008678389796,5.415251050745887,3.3039648989128008,1.9851155858887,3.5969607143900006,3.0366616402677606,4.64313772232088,2.045484495015412,3.0335788914274673,6.911343162756947,1.2857959730242334,1.9613257918950604,3.4765685940501374,3.129630955454779,3.0163772599022822,4.467637199016681,2.4470564917888233,3.7715759451033013,3.3148588611538603,3.7169806717916285,2.1675099127686197,2.311198657515259,3.195824165434253,3.4178226625881627,4.987663172340306,3.9482682068192676,2.293865702194002,2.662835425092275,3.089268489442422,2.492752252372238,5.785929272186479,2.790745056717674,4.021521942459908,5.542271164009594,8.389358109401003,3.685331546439607,4.647563905413628,1.7891549740887245
Hogenakkal,4.556074542942388,4.68475647342686,3.5194591301801013,4.077199574588142,4.218709033018099,2.6045182402753415,2.699276308319822,3.3524546404982947,4.466195329230135,3.8513704614684414,3.635460918949682,3.718932285242929,3.3904310246280467,4.492927493913466,3.74885422154348,3.887824370781838,4.481672398551515,3.584490422101817,4.345857324636419,3.6720543609837866,3.8096032789926073,3.4842320783546827,5.290839005589302,3.2512833320270604,3.4341794854641354,3.144455021537444,0.0,4.735258343829167,4.257773996543563,2.091747789308752,3.2737842386535,3.407560681461737,2.9472505874397843,4.46196990459804,3.791111070758384,4.20750833830639,4.691655924204939,4.759444672866479,3.865434945097886,4.752673257356783,3.9905711100603303,1.96340632499141,4.299368090375411,4.071496376403238,2.6260284646446053,3.414395168162835,3.923364589806274,4.106663347234484,4.5103115344963,3.681083756103449,4.294227689125257,2.6681698900058906,3.3835219777467493,3.5993917363909294,4.424901447852593,3.9408779219339034,4.836875181507157,4.768595868075137,2.275951033283405,4.154614172775988,1.9092112153139322,6.300263946638953,3.667008993672051,2.8675723616282576,4.102917433204976,3.6675879239779876,3.901516937326924,1.4794885456147016,3.6152734695429047,5.100417402185069,3.29201406282339,3.0221449533752356,2.40143067840382,4.383298141079202,4.280835371870761,1.955316873089439,3.809949267516463,3.329456414707198,2.7974795064946765,3.8178843547155314,2.085096514129869,3.385823269937504,4.2197123588482075,2.2095073875802105,2.2108292358295913,3.7301044538680093,7.0177747987791665,3.258029745472355,3.089288905715371,3.3993803842851578
Jaraikela,2.3367841017910145,1.8962061160286907,4.962280400466025,4.35771520314814,3.3572071826616705,6.352602207286369,6.80303224409424,6.846162802575037,4.745350597545253,2.1840012493448184,2.843293580812188,2.9513560355642934,3.7531408484112507,4.168555702370122,3.3992521586989377,4.348442045304424,4.86611984405432,2.8555986217416662,4.009764619799042,3.0416955384230024,5.241402008872536,4.056549218829813,3.8729170170430436,3.6499987036681913,3.970215345722428,3.6564923405856056,4.735258343829167,0.0,4.12354229578883,5.045862440308187,6.621256040461404,6.808400097310087,3.6874089134289827,5.4369270783212125,3.889457711945875,2.960560511939005,2.5037793227247844,4.492615756849869,3.626509015452971,5.67558735240872,6.312194154477717,5.780382201421315,3.4832509824632614,1.6415960340737439,5.0464782231897445,3.546414713626409,3.79534926281885,2.512206224831833,3.3063176604866187,4.158576055783981,6.012796006437792,3.534935873088948,6.023772546717604,6.6751965634446,4.57021937852345,2.5542537108690366,3.1940032678309804,4.455131945470617,5.941700158797591,2.335578299876922,4.752785492096875,6.1423318320158,3.9600275144781687,4.734591373482288,2.9811082940916886,2.109586770586427,4.579128268302389,5.822329346835349,5.194822989652327,2.5437777794470433,4.429284589447033,5.113711133815536,3.6457209903602985,2.91665135245507,3.56172130888451,4.33553203443357,5.003383739746705,4.409262214145989,4.094356359868956,2.9109412793906095,4.82804255514037,3.5143977281588916,7.39975756509238,5.389762690965371,5.898966249949455,7.144446165244903,6.787899401148595,3.5297983845575795,5.129489025699687,3.1474808336523235
Jotasan,3.4307083500029223,4.387407814918674,5.334135787185157,5.097965549792957,4.33441702214344,5.576121656131984,5.796989434221049,5.929771510406606,3.317920452562541,3.533495799195665,3.593693186562862,2.7589495642727413,3.850974478276266,3.1762549217815375,2.321794081697547,5.124016081102712,3.4447561337876444,4.407765219970232,2.7262834657371284,3.097458167481477,5.825688253411773,4.786781256786237,5.3692091272088875,3.7073543903832187,3.8840198548455485,4.260775815492419,4.257773996543563,4.12354229578883,0.0,4.781640109351975,5.947439321471805,6.113277070191047,4.468851605934974,5.373097747869709,4.7833778261808115,3.7733357756344406,4.974857404531882,3.517069146823827,2.9646322739944657,5.840519662994462,4.723370661593804,4.732819717061227,2.780007439200496,3.443212625428467,4.9839692827007775,2.9457967137569807,4.7602040354619755,3.928741215265578,3.559022876824558,2.5019281668531836,4.8234219477922045,3.8833111328095864,5.887217526263829,5.928943669113337,3.10016271525326,3.7662334033905434,2.7134923792446806,3.499715324979144,4.931702517806958,4.080757727575312,3.7677316467838127,7.253148956791309,4.609166505453464,5.108320124732326,3.393309829082846,2.819658585694361,3.3563791012355204,4.807457641139521,4.946074177805324,3.8433466260640663,4.615755890988338,2.7472502804000487,4.157316737523795,4.566601264439505,3.7258346389819605,4.632037906964165,5.514316712507404,5.145656891966644,4.14543617725503,2.686121590060436,3.9667733415930133,2.9572039881644443,6.657723759359607,5.198628778704645,4.948248247385575,6.242570382128775,7.407647187699866,3.6046597281907546,3.9209025971790026,3.4216548863136107
K.m. vadi,5.084742319524057,5.529743698216563,2.2213426163479526,4.9434057565790575,5.327380568778411,3.7177609031339043,4.029231648576997,4.205568198490826,4.814711552527586,4.751822316758558,4.7431493980545865,4.277252301552518,3.650316937610262,5.229773749811602,4.480056357463542,4.578147671433582,4.80445500074109,4.077803133979325,4.668078299849977,4.328331335434792,3.963795839364138,4.636445776571933,6.0169477422748905,3.529710167016605,4.2822594737774695,4.112049356367131,2.091747789308752,5.045862440308187,4.781640109351975,0.0,4.03524618167871,4.39460360718957,3.452658160183172,5.43825556281916,4.813452819789702,4.956513198726954,5.6885017173021275,5.168134533533676,4.752083738824971,5.709919976443453,3.644976663371325,2.758623174144433,4.581068016242971,4.843539543512593,1.2352975184473913,3.6743652249246974,4.481958895903906,4.998808673747125,5.339129484227143,4.651735571326235,5.336505391628949,3.8019148065095307,4.123201018416748,4.445800832528661,4.777853097575958,4.871715246422111,5.049280146817242,5.1527997663143825,1.9103512000682479,5.108238104509495,2.162794526642839,5.72593530918112,4.638480154701538,4.400984911128501,4.572250160742408,4.1466833130850524,4.810015934193624,2.417004482219716,5.225792936370717,5.369924910890517,2.338272438555689,3.94006852767067,3.02552064399187,4.742332912612585,5.10595813723191,1.2831757824121868,3.0115329812098954,2.522789555002498,2.6657402957500542,4.5181964243556365,2.302441606254446,3.977326348408264,5.586781341309692,3.6032200929228946,3.601796721981247,4.851489407693312,7.434974906485777,4.418251510032766,2.5259490653878887,3.884962779257488
Kalampur,6.524357992226632,6.176059397982742,5.364576859988905,5.447166166146312,5.131010280208129,3.194061514766542,2.772181804411891,3.5082497306378086,5.72315005535983,5.537157324155006,5.5358291469883145,5.606273602440435,4.710571623420636,5.733401526081583,5.55184333897293,4.016773420661141,5.731707054007232,5.29702280964376,5.770735597392135,6.065497646478166,4.640282344260639,4.163783856785891,5.977612005235069,4.672401821495378,5.0891291877100695,4.529574497953039,3.2737842386535,6.621256040461404,5.947439321471805,4.03524618167871,0.0,0.702518188231908,4.761026182335649,4.938895129663465,4.531269354913132,5.498044974186706,5.916537726240485,5.644971506399202,5.529359971622573,4.991538914091124,4.329565403432419,3.181277879817474,5.98964684204552,5.973172444610275,4.616652644786678,5.6928754650884565,4.570875845491289,5.454807008914235,6.367256706802809,5.431352244423996,4.306269703700679,4.574336867094783,3.7322855997210946,2.4753969478044646,5.467476290441693,5.42773007231088,6.42650140016642,5.653816366378364,3.8959915121933335,5.554821038476365,3.5733701835219995,7.715953723746322,4.281519370336677,3.8565116713621816,6.005941365916997,6.022014184541712,5.840547173814836,3.170918204363592,4.794505954271968,6.980079011847029,4.733683587384303,3.579340780037948,4.416377670496979,5.945901594265946,5.564059344241881,4.212193853614218,5.441042633755969,5.321425569790012,4.445066918864671,5.850435826615136,3.4962523400304124,5.549336058350562,5.150625596013233,2.799861414494034,2.530883678163018,2.0287449713474097,7.669980083279163,4.534135424833276,4.036104486923137,5.312362080437024
Kallooppara,6.66151825851312,6.327902944225129,5.578009847263635,5.445624197331942,5.262480313062146,2.9583941962324363,2.4977473032414195,3.270842283579463,6.100954584717694,5.72050509845106,5.690816129908454,5.896960817979321,5.080441025878866,5.892740047522873,5.810100248404045,4.2544576116577435,6.116210999773118,5.449391878709479,6.103901124887997,6.304720683064157,4.618716144769297,4.307657094073388,6.264768799997273,5.036760756496078,5.3024463155982895,4.704633471097422,3.407560681461737,6.808400097310087,6.113277070191047,4.39460360718957,0.702518188231908,0.0,4.783162142916363,5.170622732494199,4.6429634453615405,5.782502622582563,5.96528729027929,5.952197494018887,5.690894339830154,5.2248485388424815,4.706035155752103,3.314670962449019,6.2833108064230565,6.135337438849109,4.8677984285802935,5.8142296528329345,4.862380472091932,5.675744441539417,6.57652911744666,5.589447758991605,4.415437753071246,4.562033663863115,3.4921391339710754,2.2450200304691195,5.847647621970333,5.6248993304528465,6.591582398483436,5.971030651171761,4.264223979133747,5.69505186090109,3.9119939868870595,7.705648475515053,4.4393513214975995,3.769446961108207,6.3106015985350075,6.233631404528641,5.935252019458266,3.2592379274399423,4.722959659394393,7.0926918534419015,5.100817908615133,3.767838697470116,4.507662915879126,6.085717891907874,5.842524662203824,4.478817951813188,5.555592962587354,5.529998780417163,4.825310534381922,5.944674280431029,3.8440894353899533,5.829538335186082,4.775186012721339,2.7965558119234544,2.5323885444217824,1.49865304368531,7.740574444374171,4.637526534539012,4.394094287372996,5.564981920304388
Kamalapuram,3.366029734565952,4.045422473867298,3.0720620637232057,2.179681842236001,4.124347194574117,4.238628142807959,4.671861733888834,5.053932700455176,5.15196704604676,3.6559048308280375,3.6322677888677743,4.086367862520262,4.0509079614392425,3.914301230579466,4.201557052237883,3.826565782087937,5.250551277169553,2.1559952878679485,4.643123912866568,4.336271015739779,2.210109447991447,3.40193558767365,5.346144073780919,3.811600976818861,3.286058186439689,2.8008128835697064,2.9472505874397843,3.6874089134289827,4.468851605934974,3.452658160183172,4.761026182335649,4.783162142916363,0.0,4.827725361126633,3.110772725606159,4.490804177164194,3.6965394010624273,4.747862311217332,3.6487961460311156,5.059324215017291,5.847696224255452,4.482583522532483,4.087560815675551,3.4711753694349556,3.317359571835748,2.213213041506788,3.818691185369814,4.167962774960674,4.365706361755047,3.916220883291356,5.753568613608155,3.3235520629627033,3.3175415786372504,4.910013604155623,5.067880652757553,3.81808446821086,3.439148968192858,4.78115438245004,4.686332186108211,3.475287498434783,3.508529770970807,4.249279178908442,3.2446221236866677,2.690421400174087,4.734031650426049,3.6393930163983503,3.5891426400323723,4.003124031591025,3.6234301901885524,3.2626032565224183,2.8731806342743718,4.335908800668789,0.8978501514537707,2.3110132461515476,4.828997028785295,2.6802096057119558,2.5997580957605737,2.171105277900655,3.287908124382365,2.6835527518178086,3.6059153543425824,3.9740512549176397,4.724365986852863,3.2218500700128803,4.273149156870981,5.146177394848739,8.061469060962352,4.210669407660242,4.381905911556426,3.227435417687226
Kattaleru   tiruvuru,5.155494315847934,4.306137921998367,6.720186669582433,4.0276870369963715,3.0533285192101807,6.098472590090187,5.811482937191121,7.067254979869264,3.343148653367696,3.73710536817017,3.2976739319845474,3.674072151206616,3.8028196890233392,3.93937735589266,3.7570942500049287,3.1357222123227553,3.339219605453106,4.171793103421823,3.8571330530191372,4.487701451155907,5.627683612490039,2.2053465566155874,3.081026084352013,3.5566174398110704,2.2124231914445103,2.6254298107893277,4.46196990459804,5.4369270783212125,5.373097747869709,5.43825556281916,4.938895129663465,5.170622732494199,4.827725361126633,0.0,2.711617288769378,3.2432907905946484,4.694446825875144,4.045128813611177,3.7028528848129136,0.6895618257853483,6.500805447024302,5.649121491368377,4.237230095658781,4.261101082114078,6.245339779378155,5.089906497927266,3.126743430111286,3.6032689829668136,3.756901031605529,3.6359916304789213,4.755890771657203,5.447178519087292,6.132402409891801,6.283484198775511,3.537296500800668,3.3753569089026887,5.340214570867804,4.044221124616279,5.440038166790345,3.5493033322731926,4.435350308060835,8.875071128157666,2.2811028329638607,3.422360646962948,4.23983839322464,4.843978615347324,3.9296955537138167,5.5698496520976315,3.1259941911389264,5.920859544139757,4.888507850535373,4.366719411579917,4.295205972165124,4.418854624201814,3.1189777743639424,5.176807905819306,6.7748441933512575,5.851482554152327,3.8650156880416247,4.682769270869201,4.536929318558003,3.569069436813314,6.500529618559341,3.6668471909669154,4.345610012816917,6.194196327282138,9.20819512672808,4.610218100640254,5.8910578307452095,3.871683965685947
Keesara,3.418699751888537,2.9746297761766605,5.499599839438176,2.4745101064399897,2.715172193598884,5.3459001934889505,5.450589316421423,6.1885435404590226,3.94450808996078,2.566812990023048,2.4631440106972295,3.3040463471142965,2.9739394345056342,2.9700548423754145,3.4110288064233347,1.704657783824851,4.055832646413849,2.0517831358092233,3.6205201707594425,4.073302606217174,4.246552626354858,0.8855963593999809,3.1479081688326165,2.80063880325978,2.16761862631359,1.098976857318765,3.791111070758384,3.889457711945875,4.7833778261808115,4.813452819789702,4.531269354913132,4.6429634453615405,3.110772725606159,2.711617288769378,0.0,3.012973105468618,2.785038487757418,3.3252422916109423,2.6988029340901636,2.837136875465845,6.2160080531656,5.260375076574548,3.4045805725583342,3.0484095186121984,5.246908658808633,3.891973052508132,1.6984888725478544,2.662395434672158,3.2130249094702346,3.3190480984603674,5.2795549043001,4.084599949994468,4.8152138448300645,5.390038171626073,3.785992445933282,2.2310778385603287,3.900010478909293,3.353701785523126,5.398764220963321,2.0352622456203355,3.7904642742818426,7.102545115166768,0.7362992279983644,2.017715656092581,4.010589210925412,3.786607810684319,3.658123338798259,5.057162244708354,2.7356195571277953,4.025277488405813,3.9177547691495516,4.082811308651213,2.717071727215922,2.4786243048013654,3.517880840173807,4.081983715772108,5.403314896894267,4.544164953365014,3.0629005057264576,3.1672015637541127,3.800973830344879,3.3465360429283058,6.0410964810612136,2.961561822212579,4.2813200519563575,5.509381789397714,8.586111151991833,3.9164021226824888,5.16896389000928,2.5469556396348105
Kelo at raigarh,3.3762558433215637,1.993716647559133,5.987561138707491,4.5373875750339865,1.747609012972461,5.95761252377378,6.105908037414693,6.599350775897443,2.6974418664186364,1.3917047907945632,1.7510173277566747,1.53806763298356,2.6925066100555703,3.350056993294591,1.9668276612017939,3.273881486191461,2.779440588922802,3.4678048145701204,2.5792941950490142,2.434383029060049,5.740184789449482,2.6818906707161987,1.7462237525524889,2.57630890942752,2.6873001470796605,2.7570211631676553,4.20750833830639,2.960560511939005,3.7733357756344406,4.956513198726954,5.498044974186706,5.782502622582563,4.490804177164194,3.2432907905946484,3.012973105468618,0.0,3.050996944767301,3.237218145478712,2.733299927683438,3.5062153931784286,5.6021368756060115,5.144848188821313,2.861543997506475,1.9111105382376483,5.561040883706221,4.1970346823971765,2.735506048342312,1.0724817294592024,2.251814114368254,2.9268656503125587,4.4999542527090854,3.9262647969256874,6.11846073527503,6.062371298403967,2.5962658758649098,1.334565649246753,3.9335727737262602,3.1745813671229026,5.194214560189768,1.8218739602072744,4.041355821506728,8.103659575571283,2.7336509404387113,4.112226156097877,1.6500709500444406,2.6040808050081927,3.8397102972322417,5.303007220937989,4.166822082453839,4.272474647661307,4.640380158801434,3.761099908713323,4.033680100877285,3.833883098744178,0.9264241619769883,4.596951497207758,6.1772945190869555,5.389845655128608,3.518319251954459,3.4423907586212694,4.156926394449742,2.285248572044524,7.101828001250342,4.3804702075835795,4.715783739398431,6.41380347187412,7.083171754146396,2.790866293814244,4.915009569479999,2.7380740336279166
Khanditar,2.769496532900333,1.3672825675468165,5.964747436198685,3.5637685520325175,2.6213937769971993,5.965740356773815,6.296229737397887,6.565406328450044,5.13921551843309,2.0450699068106104,2.486140746742766,3.6130895988843057,4.181200072659767,3.8486207995655004,3.7889722878152234,3.7626170429314425,5.297931714994932,2.8557553238853393,4.573997960885721,3.915931382048666,4.971109885532901,2.908608910373167,3.3809288278303127,4.102386177194071,3.741259184595837,3.000163891967021,4.691655924204939,2.5037793227247844,4.974857404531882,5.6885017173021275,5.916537726240485,5.96528729027929,3.6965394010624273,4.694446825875144,2.785038487757418,3.050996944767301,0.0,4.434088424408441,3.3637806601038114,4.720339661803261,7.042892142003857,5.953092136785898,4.06194456012453,2.0472156291769643,5.883295181031065,4.213772388991523,3.461965142648223,2.2368454771551254,3.1927409679993515,4.05496261682037,6.015557969298525,3.7264861971049523,5.3963413021677,6.053202544738224,4.9430991206812624,2.210764260367012,4.004606801520598,4.438940106505437,6.413407380388486,1.505120219362629,4.926117546600526,6.917643447943161,3.1158876177370853,3.446005032110752,3.95582054057811,3.3975451539290424,4.374329339121682,5.772659379181323,3.928528995765953,3.3475802634968206,5.185593807514623,5.007985733629969,3.5903120744786237,3.041889431799475,3.6828389880906136,4.944838336319839,5.717252943552769,5.131586207510467,4.5394856356313555,3.2333764409565737,4.944381344652099,4.056618475788252,6.536090538280132,4.461471355382232,5.585905403374766,6.390491308522515,7.28464441111491,3.6165286867749797,5.953363241344036,3.3972253206704197
Kheda,3.1741686338734643,4.001078685763364,6.105301299072643,4.45412384761201,4.1924075937055365,6.471611463548633,6.70681955189366,7.0395958927652815,2.2735827370792774,3.1596644263503446,3.206010963478307,2.68865649288996,2.741545021377084,1.7188668280249195,2.3250185538621833,3.6077532530398138,2.534696599514983,3.5832010009572373,1.680321627804161,3.8523233147365605,5.86003404873853,3.4838113873713006,4.105411718128953,2.6960855675484017,3.0312820381328955,3.012204317172988,4.759444672866479,4.492615756849869,3.517069146823827,5.168134533533676,5.644971506399202,5.952197494018887,4.747862311217332,4.045128813611177,3.3252422916109423,3.237218145478712,4.434088424408441,0.0,1.9265940616225399,4.307825599732792,5.767032513594758,5.870601102914505,1.559155777493606,3.5918808005464276,5.743440188860739,3.88067292875428,3.043096463152596,3.343073905823971,2.681151532833808,2.4403137028016615,6.077824962629408,5.1705535261510205,6.226194351766592,6.304724526626179,1.8701080419439564,2.992916559807121,3.055024389520238,0.13424483162265563,5.554381312025998,3.3691249484511636,3.6788800997122144,8.159068033296636,3.319745877816363,4.460840893379563,3.701380643857592,3.681981564812759,3.462498477644655,5.657442136628999,4.466557244904432,3.959224358301861,4.278637122926836,3.4764495967497804,4.162560603781985,3.8700744781087213,3.657699644693901,4.852531657934038,6.289596668570786,5.3840567788014315,3.243594813349989,3.1086187150826032,3.7374887168570217,2.7988774623731563,7.55819072535813,4.616072614411244,5.531651088825637,6.7622587924804645,9.194618153216036,4.759736067323305,4.895529393826634,2.2146855059487147
Kogaon,2.0739849023793457,3.01439021295904,5.538514063130134,3.3473408866621956,3.286365751446239,5.579531749058709,5.884953432317061,6.302045841942731,2.6300774755752214,2.075029217617458,1.8314424113568468,2.0011982901547674,2.8997331102196933,1.1389465723466732,1.5882102316250812,3.6331367696195986,2.853343357236866,2.7799574873324855,2.034354754138555,2.852641172996551,5.030915364029114,2.814777511451709,3.8939357088374664,2.741947174938658,2.083080606436583,2.170741071348429,3.865434945097886,3.626509015452971,2.9646322739944657,4.752083738824971,5.529359971622573,5.690894339830154,3.6487961460311156,3.7028528848129136,2.6988029340901636,2.733299927683438,3.3637806601038114,1.9265940616225399,0.0,4.016965598644556,5.913887791336425,5.262666410624923,1.5446984920545668,2.364570548097596,5.208945846723818,2.72560751990184,3.125785794154064,2.6389304377122933,1.5571369554494645,1.1410338893521252,5.629404394812137,4.064415853937737,5.33903823678739,5.851741009255525,2.5380690764927807,2.1196701283899704,2.5571677758220033,1.9715186990534088,5.201903631315384,2.321603959398608,3.38718116658062,7.367079770367267,2.8105349639077697,3.3682830172025824,3.1227885250457375,2.671517069050894,2.0155272512952065,4.910695386168418,3.20640615788196,3.081463279607601,4.17159580067446,3.2090489073889663,3.1034725889340335,3.096892582289983,3.079546280031929,4.276590639649037,5.558187653792421,4.7190934444883155,3.1525863816481574,1.7383388520522598,3.5401314484638813,1.974991531656406,6.203807385989268,3.8202399054469303,4.882866029474426,6.269099743693787,8.512854005799369,3.8948957494656042,4.886457508821088,1.5564256418031595
Kovvada kalva near dommeru,5.410871108876018,4.433157689627764,6.99489943351013,4.144413089840949,3.2079368136146256,6.3066788686611455,6.002551977017813,7.273552622220398,3.7812798275910064,3.9828443087859284,3.5863953359561735,4.074951256843811,4.168530231392952,4.213004809850024,4.15814359353573,3.3146953901089664,3.7968724663565756,4.4070187644960175,4.290613180699489,4.887020646310935,5.726469975990667,2.2979422646231336,3.117087219520153,3.9457533960107507,2.6071567497003256,2.8606061690146842,4.752673257356783,5.67558735240872,5.840519662994462,5.709919976443453,4.991538914091124,5.2248485388424815,5.059324215017291,0.6895618257853483,2.837136875465845,3.5062153931784286,4.720339661803261,4.307825599732792,4.016965598644556,0.0,6.86832490856791,5.959573843884342,4.5976150966126115,4.512199112527783,6.5419035258689755,5.43884933105556,3.339463054701979,3.8071416598620784,4.011105084475696,4.019179225322349,5.106611735341918,5.76069063322909,6.239567186405249,6.400751241226287,3.9535692559079427,3.6241894721041823,5.677921967297539,4.309830078658825,5.75321242189513,3.7169351898658993,4.728531069974353,9.073757857559436,2.4853000065321456,3.5085408459201624,4.632421891994107,5.23061797019785,4.241996876228121,5.8153929025358675,3.2396874854056903,6.17855152466845,5.169142770728533,4.708275229497782,4.538456730727716,4.627951159082711,3.428409540176962,5.473225821407292,6.995010917637152,6.0768674162120915,4.195685366431711,5.023151018320741,4.804546771225601,4.013209501169316,6.607736019061056,3.7679952886153325,4.663705064411602,6.311842386439093,9.3693517526649,4.920445273709285,6.2533503983981324,4.195931959027706
Koyna,6.558826474174941,6.650134213864289,4.932881525473098,7.181357887802915,6.163320007320527,4.7456938754261735,4.552259310358583,4.5175792436079725,5.194825486998058,5.800095543347106,5.936503869207715,5.035939283800065,4.192429203695159,6.368325168239833,5.1229391910170134,5.3848983940646304,5.112837953200261,5.9830033337273,5.055216330303075,5.036482354159561,6.6136008836189495,5.916273749440286,6.6692405897286635,4.255434305986099,5.860627106994533,5.744492609238261,3.9905711100603303,6.312194154477717,4.723370661593804,3.644976663371325,4.329565403432419,4.706035155752103,5.847696224255452,6.500805447024302,6.2160080531656,5.6021368756060115,7.042892142003857,5.767032513594758,5.913887791336425,6.86832490856791,0.0,2.802443870350496,5.516137653152678,6.125441174665731,3.8886170374830775,5.686117156657897,5.39803167718289,5.718676420442166,6.527790143843818,5.659856630396731,4.16350049809595,4.346636048759536,6.034946615149366,4.801205278725386,4.903232106355956,5.782625806222878,6.194571163332211,5.711937657350466,2.7862545337304607,6.346048044462173,3.3448588631729606,8.102637442997764,5.872049140359923,6.177186692830564,5.006783741759226,5.063154303350397,6.515356340971367,3.6686820349556264,6.78965807058645,6.984120389841983,4.562387522522202,3.669665659523596,5.435752301503378,6.668134396334959,5.597534212546123,4.041601470889853,5.779747459976877,5.588534394073557,4.2660470548372365,5.972914190546328,3.3277790829788865,4.968658119472349,7.38505616513321,5.404069631855546,3.8179808078519546,4.838422065127573,6.450399818765394,4.265601155300285,1.6599797845708166,5.344132308720996
Kudlur,5.946794236816242,5.852089363945477,4.221326475128064,5.816097368281233,5.182630339234984,2.4713942954378223,2.1665773700407738,2.5473369563287047,5.346890215167189,5.05033611906551,4.978245206224582,4.7404415916618845,4.291667671150578,5.860023719305688,4.762411724879223,4.926199700744761,5.308486473520555,5.160070467033643,5.289830395365858,4.535035319226451,5.104821322986736,4.861717213975387,6.246556527842807,4.246166828124062,4.97468506371687,4.752462812591585,1.96340632499141,5.780382201421315,4.732819717061227,2.758623174144433,3.181277879817474,3.314670962449019,4.482583522532483,5.649121491368377,5.260375076574548,5.144848188821313,5.953092136785898,5.870601102914505,5.262666410624923,5.959573843884342,2.802443870350496,0.0,5.501647374342324,5.298499367238033,3.105653129721565,4.807530843105599,5.074359746309877,5.121335975606289,5.869912436533419,4.9251416869696465,3.6429200893183853,3.0183653676320956,4.170675095043231,3.299415105059791,5.213481445123676,5.132453059138328,6.005214979549053,5.856843585157189,1.9723445329991542,5.475496031385282,2.7798640123978307,7.151021447410066,5.011954847387965,4.44534568321152,4.822116061850671,4.633910166074338,5.402405257994221,1.3665222669004362,5.107573903747294,6.445182228208606,4.394276860138149,3.251509944668215,4.098579177771088,5.93938112606684,5.076169392507341,3.0606151435967406,4.717070541097082,4.624574736095761,4.024921599200946,5.207313370143668,2.863907560830377,4.546387673239096,4.922924210810637,3.5926219996774336,2.0244663251675363,3.1734200748292603,6.069572698099721,3.3822715030220456,2.62695338534945,4.854458271241441
Kundanpur,2.226263215697689,3.418358676652799,5.293304505538942,4.085712716063438,3.954510262924993,6.283389708423495,6.543829961990761,6.880344880059887,2.1831410596484275,2.5256680285199966,2.5307563174622083,1.7793983272113252,2.4323080091451676,1.8731107413496122,1.5767847825360042,3.8516915356572126,2.4155525063228005,2.934830058282966,1.249937357021545,2.710979711857183,5.563673097128953,3.563622960627926,4.08048564233259,2.2875996597398824,2.558956422596761,2.775204017428178,4.299368090375411,3.4832509824632614,2.780007439200496,4.581068016242971,5.98964684204552,6.2833108064230565,4.087560815675551,4.237230095658781,3.4045805725583342,2.861543997506475,4.06194456012453,1.559155777493606,1.5446984920545668,4.5976150966126115,5.516137653152678,5.501647374342324,0.0,2.728248036871039,5.006708198391829,2.8822151274864307,3.136487601388604,2.9130675151606713,1.9844736704819244,2.0303580556874503,5.891674950796079,4.48214064852692,6.126870917462729,6.502181961984372,2.0042178244083266,2.517518231852144,2.2646291397144354,1.5323225481561327,5.079330821813919,2.939236422720896,3.3359845273055275,7.375582511422304,3.410088281353527,4.385708493190876,2.8523702195646607,2.412656144111198,2.9384942132958773,5.306662936681358,4.36550994898829,3.0418366462806867,3.664570641732172,3.58928390563377,3.523528073939049,3.1749731345298113,3.2785865135733263,4.16219499098303,5.554228054426848,4.568650436789471,2.7360359757208483,2.1600205267797805,3.4597595034181947,1.8103591977280256,7.2871180318582,4.707621294470599,5.415078998180731,6.938846956254192,8.601180842145387,4.253892887128844,4.455170976487631,1.4234903253367592
Kurubhata,1.9196103044302162,1.201955082322748,5.278710608679385,3.6864936827179817,2.266637332578284,5.746055886223424,6.1175085940657405,6.393159235960263,3.698125794971495,0.9085850660992028,1.4537051423717717,1.9404518082968645,3.3068046276951724,3.0265209935411863,2.205525017386747,3.8598483493321507,3.846740473537114,2.671601227680626,3.138857328940814,2.327600992839423,4.981810537385755,3.0626246703687507,3.1262919369295994,3.1504862481535234,2.8285764693804674,2.715624025204595,4.071496376403238,1.6415960340737439,3.443212625428467,4.843539543512593,5.973172444610275,6.135337438849109,3.4711753694349556,4.261101082114078,3.0484095186121984,1.9111105382376483,2.0472156291769643,3.5918808005464276,2.364570548097596,4.512199112527783,6.125441174665731,5.298499367238033,2.728248036871039,0.0,5.1312947010694785,3.0660962884313885,3.319780697096759,1.5772641627673036,1.9848858416319355,2.781026428078144,5.341814928135148,3.332856022657992,5.535219248033471,6.102333422035027,3.605973869731478,1.4757302807499297,2.9261318043278823,3.5714148750947734,5.496463233237943,1.2543416202381357,4.153817985394269,6.787911246168408,3.0865116613097356,3.8006116312835623,2.3390654661181793,1.8207656807488817,3.272237023212319,5.212524496198725,3.9363934705629977,2.7131815457951856,4.433812718657812,4.12946632568314,3.2109314476468622,2.8595471347698647,2.4125139475607877,4.261155050672322,5.248777923842116,4.565366077070702,3.7088134932392567,2.188425611024842,4.2875314556551745,2.519481348066004,6.511110826726693,4.4358807313133335,5.140744503469416,6.538651780935283,7.0556365215504595,2.9815050128846985,5.058082459150962,2.4160990900796517
M.h. halli,5.172709347802903,5.8274194212793065,1.3425225920305142,5.135405821684224,5.838552667085067,3.8665387055489853,4.293641783321311,4.209044826097289,5.584693441558829,5.146460441542755,5.199477014962141,4.805859670673767,4.163992510554139,5.68804629710784,5.038854543345668,5.033763623193865,5.58150839444193,4.174683410214688,5.229317165851377,4.691650853717365,3.9427126182582373,5.198578680682705,6.647485378041335,4.06017603351427,4.882665522124965,4.61069716028205,2.6260284646446053,5.0464782231897445,4.9839692827007775,1.2352975184473913,4.616652644786678,4.8677984285802935,3.317359571835748,6.245339779378155,5.246908658808633,5.561040883706221,5.883295181031065,5.743440188860739,5.208945846723818,6.5419035258689755,3.8886170374830775,3.105653129721565,5.006708198391829,5.1312947010694785,0.0,3.6858976036437854,4.96216296774633,5.457324840958149,5.853500612490825,5.200209906354001,5.794386017918209,3.6678773348013403,4.128591193718838,4.717868073598695,5.498994845049163,5.304005277809854,5.087071906248947,5.7319822533744516,2.626660079738823,5.471845469639528,2.789272614081645,4.896257716051429,5.1447067996565945,4.78864555743535,5.057190885222901,4.279153824537349,5.29032619273209,2.8404266841046364,5.729975511610247,5.245034935163504,2.4892967059430564,4.512245726304925,3.1218411589905224,4.7758238579728225,5.781229721768184,1.3393968502459561,2.3766801665924238,2.2043765652514993,3.2015270629327497,4.614142814404466,2.8733147213000185,4.528037505494357,5.7385536222803,4.22411221786383,4.095740654008917,5.091463084819234,7.3615446589662845,4.687026359256617,2.5959577781892156,4.289400657085951
Pachegaon,2.4945387800186354,4.08118764011912,3.5520993659846654,3.077508713534644,4.366349215586377,4.961932857631012,5.449931287639503,5.670702635629257,4.1417013564992935,3.412140771666822,3.334670883826293,3.227454214394855,3.931314968443791,2.9260629426360243,3.1181428059707965,4.692585958264508,4.284762993088293,2.835956238583399,3.5510497560211958,3.519225359631032,3.638301430153464,4.119222259268703,5.518619667304088,3.6770371199447065,3.0786345066014773,3.244094853772469,3.414395168162835,3.546414713626409,2.9457967137569807,3.6743652249246974,5.6928754650884565,5.8142296528329345,2.213213041506788,5.089906497927266,3.891973052508132,4.1970346823971765,4.213772388991523,3.88067292875428,2.72560751990184,5.43884933105556,5.686117156657897,4.807530843105599,2.8822151274864307,3.0660962884313885,3.6858976036437854,0.0,4.360270774713768,4.1081652693247355,3.475468867210947,2.7185803796376886,5.972851368569248,3.750672225032243,4.435843247304423,5.677813722773906,4.129359285302749,3.7200451450219316,2.1314679141115365,3.9111760285814365,4.7077852124685435,3.601094463894311,3.3652011972260714,5.041518531828475,3.945070062362648,3.839094209512834,4.081818241870019,2.8574640014381223,2.38436517886493,4.299533233723215,4.029754921636286,2.4867151318903518,3.162179896445762,3.785944341499439,2.067043712887748,2.821781130775694,4.408488623353916,3.2593579601649307,3.3597918007864354,2.843721750614515,3.3374153992549473,1.5459555445849944,3.582756050130746,3.0802538965036868,5.396173347022513,4.1295964591071,4.937404989163987,6.110463854350608,8.261677417739222,4.343023121119145,4.265409623408131,2.6940820759323354
Paleru bridge,3.743597830890007,3.2325030568986324,5.356390947287833,3.78368169362312,3.200178232805081,5.717919468854417,5.81500093828672,6.379662113653559,3.499435602803082,2.692139967430814,2.8365446559653065,2.984668650875162,1.7840702449540895,3.507346086139833,3.2959498827022036,0.959641393911512,3.5607619358192264,2.3175550856498335,3.1206521833760217,3.8011315383563553,5.009027056850298,1.823977720456935,2.841740296602458,1.733584033625281,2.697408521202857,1.8220366433164747,3.923364589806274,3.79534926281885,4.7602040354619755,4.481958895903906,4.570875845491289,4.862380472091932,3.818691185369814,3.126743430111286,1.6984888725478544,2.735506048342312,3.461965142648223,3.043096463152596,3.125785794154064,3.339463054701979,5.39803167718289,5.074359746309877,3.136487601388604,3.319780697096759,4.96216296774633,4.360270774713768,0.0,2.500788371289192,3.487903877207041,3.7682296393029566,5.130556946038575,4.143020380319214,5.525755464624274,5.615255312949887,3.2126784293470285,2.233423247271543,4.12241023719292,3.0178882821299142,4.959831633252942,2.5370856472724523,3.47937373712731,7.479001515300612,1.585809074816975,3.2525194015261127,3.440839015599847,3.538058237567938,4.508245593243779,5.144215891901546,4.034496556290308,4.385367878134271,3.49622012038225,4.107445928571336,3.323826187100117,2.996058330827675,3.3827318409468297,3.7729633297033414,5.61661110979369,4.636156031342735,2.351117549626601,3.696170472441266,3.430402284257031,3.0959311617101934,7.132722304076361,3.643854114174718,4.354400977585272,5.8159485785902545,8.293501413202428,3.8057696147801163,4.486213630572502,2.3476547719459293
Parmanpur,2.9256720816406427,1.3002066865078954,5.864699167487163,4.195839616893641,1.8636899017064263,5.856321396428177,5.978065850198809,6.4376430894628465,3.3542845656559996,0.8617791796976366,1.3994089417272997,1.8783480634957679,2.65519187560701,3.3648804715690335,2.2277503147145263,3.0645826000579897,3.46722626514164,2.9601403744542445,2.9612851039275334,2.391623733907034,5.6177348335107125,2.426530634308563,2.0066007116598463,2.5862064658627575,2.801914435421685,2.4780355160188723,4.106663347234484,2.512206224831833,3.928741215265578,4.998808673747125,5.454807008914235,5.675744441539417,4.167962774960674,3.6032689829668136,2.662395434672158,1.0724817294592024,2.2368454771551254,3.343073905823971,2.6389304377122933,3.8071416598620784,5.718676420442166,5.121335975606289,2.9130675151606713,1.5772641627673036,5.457324840958149,4.1081652693247355,2.500788371289192,0.0,2.1791861058884967,3.1000629961794863,4.734408293893424,3.4634610066163654,5.927046921659755,5.973620918608687,3.1657592773178997,0.6853489854902531,3.828065226702279,3.2976272354698657,5.294884601726703,1.2431361344994558,3.960352971148093,7.798093162924973,2.603951686598535,3.7161741312697,2.0651687623271746,2.3349306114430037,3.975526800838716,5.2260987108659,3.9201156213988297,3.8718599044345217,4.595486361673606,3.9470184891582925,3.7287930127135915,3.413167899400215,1.8284457766188387,4.439627746274467,6.017873285840167,5.198939665795294,3.466170350282147,3.1498408288961106,4.014408241657874,2.4865378550377573,6.961653645395345,4.2932616837504884,4.762900543761894,6.254144816496353,6.88112659653165,2.58076758351951,4.908992440934092,2.5104498402294073
Patan,2.281888381205544,2.440029335421988,6.175037424892766,3.8620705649923304,3.112498232226292,6.477558727329814,6.625397875568908,7.186850613351133,2.798146828341064,1.771810099741623,1.3995720006968293,1.8269605605957235,3.2929962797709016,2.277264386504561,1.6205449095860152,4.1855027199661645,3.016185322073093,3.2048772529566003,2.450580729759617,2.3886448038902435,5.891993672329892,3.163999947036351,3.339861234110186,3.129263570079949,2.2913079492415225,2.6223097126419654,4.5103115344963,3.3063176604866187,3.559022876824558,5.339129484227143,6.367256706802809,6.57652911744666,4.365706361755047,3.756901031605529,3.2130249094702346,2.251814114368254,3.1927409679993515,2.681151532833808,1.5571369554494645,4.011105084475696,6.527790143843818,5.869912436533419,1.9844736704819244,1.9848858416319355,5.853500612490825,3.475468867210947,3.487903877207041,2.1791861058884967,0.0,1.963523681576753,5.870362610632703,4.509724761056426,6.37835338849124,6.848280056357486,2.8723617118517257,1.8365437722350246,3.260902944947462,2.67916239161512,5.675994391015955,2.130399582639222,4.12031884227518,8.007677611011122,3.3191156199383,4.005370537282496,2.7163272211319573,2.526541494592918,2.6436896659010864,5.615707098547215,3.5715220415119524,3.43334869096812,4.78142297381988,4.168712877882322,3.808175815577403,3.410005527217797,2.574646687390417,4.873801596399732,6.253926664733986,5.25402765155065,3.6714240261542086,2.4590479721880483,4.258855490839708,1.9779830547301345,6.93677332935531,4.675982783306396,5.594729344811152,7.182163047249996,8.353212937624077,4.019575723156492,5.581832084389833,2.100214713427596
Pati,2.853409433577383,3.5944278238421736,5.617753061211221,3.7273730114182806,3.382784539736512,5.32439664864981,5.525678972735717,6.068912749024989,2.351567440653595,2.5893058011144303,2.196351248614016,2.0700112496436436,3.3099572735182936,1.6175086459033463,1.4405109309737956,4.172977172604072,2.5512706830547534,3.5215245415978784,2.119095498799988,2.818138953302485,5.17302344949879,3.237672286349636,4.264408165067224,3.103826191775781,2.1371670218632377,2.689156328082338,3.681083756103449,4.158576055783981,2.5019281668531836,4.651735571326235,5.431352244423996,5.589447758991605,3.916220883291356,3.6359916304789213,3.3190480984603674,2.9268656503125587,4.05496261682037,2.4403137028016615,1.1410338893521252,4.019179225322349,5.659856630396731,4.9251416869696465,2.0303580556874503,2.781026428078144,5.200209906354001,2.7185803796376886,3.7682296393029566,3.1000629961794863,1.963523681576753,0.0,5.156698187662928,4.150214663113079,5.347621490783715,5.736452106620892,2.4117036589792247,2.7030792762395537,2.9452814955645126,2.4734061913204295,4.874869776351939,2.959036663196183,3.325585680597848,7.618168480669041,3.2528201071647462,3.6141998563214965,3.1638485805484264,2.919102993359917,1.4750461489372193,4.584955681393705,3.14100921351037,3.7419805455967365,4.387195604444649,2.7218855969500297,3.3607229681380715,3.7864234233306973,2.928550641198561,4.404288954991549,5.645693917076425,4.911860965035058,3.443509942928634,2.1495323956514487,3.5537618010724685,1.9352272525348773,5.80652348125555,3.820493967525711,4.56156245542664,6.080463385662428,8.382127612787302,3.817712659076203,4.772634817562186,2.2853460556112246
Pedageddada,6.580164247140193,5.583690821049034,6.570035747957464,6.375070052967318,4.150152970451076,4.921931740344563,4.155136102423723,5.204323586093847,5.070483966463511,5.010316791132579,4.955431447647692,4.74172309403375,4.852820848119211,6.079557121727671,4.791067688741527,4.89947455126427,4.9855833270924155,5.952649104830526,5.274477784775181,4.811421369426589,6.615584617719308,4.742059934637315,5.17103015943146,4.735471586662755,4.984436668665691,5.116544327936422,4.294227689125257,6.012796006437792,4.8234219477922045,5.336505391628949,4.306269703700679,4.415437753071246,5.753568613608155,4.755890771657203,5.2795549043001,4.4999542527090854,6.015557969298525,6.077824962629408,5.629404394812137,5.106611735341918,4.16350049809595,3.6429200893183853,5.891674950796079,5.341814928135148,5.794386017918209,5.972851368569248,5.130556946038575,4.734408293893424,5.870362610632703,5.156698187662928,0.0,4.181188167430231,6.173961634688066,5.109580932832997,4.937121078554558,4.918713754210522,6.391452515405577,6.037256673777213,4.528943585180593,5.284242717270327,4.662518163971544,8.958286044722934,4.7762359409613095,5.172157063208475,4.647129824452852,5.138019635383625,5.878680513680409,4.548778163640405,5.25860792263967,7.147114061579211,5.83334423807226,3.7058197321384827,5.453095564169572,6.381639501363841,4.068496596587478,5.378823018999565,6.8472721891943475,6.605404147923846,5.207277827778962,5.833676913307828,4.7342714353521,4.895687649449105,6.4144320049397,4.942430900515343,2.9746256895557743,4.4996864561994245,5.9841344636754705,2.9578391683371175,4.393287088339752,5.6807194928741875
Potteru (potteruvagu),3.99727387165826,3.740437593002037,4.253768529068553,4.692702234332097,3.778723954745699,3.533663941288138,3.8581487353266715,3.8190722300790427,5.13591301013937,3.2396341040647982,3.4120908729241832,3.631157032935133,3.6900237754918206,4.834034206529489,3.822020411352249,4.175171001483879,5.166021692071265,3.6197685900281877,4.592332358535023,3.2405272605900532,4.703434075730776,3.918521280358778,5.039102973446977,3.655482816539939,4.263354722068836,3.7696894661874385,2.6681698900058906,3.534935873088948,3.8833111328095864,3.8019148065095307,4.574336867094783,4.562033663863115,3.3235520629627033,5.447178519087292,4.084599949994468,3.9262647969256874,3.7264861971049523,5.1705535261510205,4.064415853937737,5.76069063322909,4.346636048759536,3.0183653676320956,4.48214064852692,3.332856022657992,3.6678773348013403,3.750672225032243,4.143020380319214,3.4634610066163654,4.509724761056426,4.150214663113079,4.181188167430231,0.0,4.182517360517231,4.220934307815042,4.9225172453657455,3.4482133385875664,4.5074755188134965,5.1568512766252175,4.028000498534825,3.602552416304593,3.351886109329513,6.227361221850709,4.0436042705539075,3.7152015817320283,3.636431645929309,2.835619421854938,4.676180618630546,3.2716144190169563,4.489471073141238,4.442579598070407,4.362669473044479,3.5848092358314965,3.1897125258863555,4.31573442718686,4.163814568575079,3.1921476558460573,4.460276873892989,4.301898800740392,3.8566475020810076,3.56915782953302,3.4168521721878276,3.720425616136306,5.263864085523611,3.837960051429169,3.3491152916340012,4.402759141753434,5.400268084125843,1.8683151284059363,3.4898907787817803,3.728733408464276
Pudur,5.666223316260825,6.003290803942165,4.2488228112812045,4.568290938422194,5.4539383860622666,2.2734572530540107,3.497659142466809,3.066311678868403,6.625146197000385,5.513181510857461,5.5693639092904474,5.912318668424057,5.675901357710005,5.510905140173041,5.888946566617108,5.1359390059196395,6.685239989794866,4.861933234359494,6.33010550067031,6.252760836576091,2.3262159469058243,4.815502809667121,6.900954062449764,5.5731303924130104,5.365482267719771,4.789008678389796,3.3835219777467493,6.023772546717604,5.887217526263829,4.123201018416748,3.7322855997210946,3.4921391339710754,3.3175415786372504,6.132402409891801,4.8152138448300645,6.11846073527503,5.3963413021677,6.226194351766592,5.33903823678739,6.239567186405249,6.034946615149366,4.170675095043231,6.126870917462729,5.535219248033471,4.128591193718838,4.435843247304423,5.525755464624274,5.927046921659755,6.37835338849124,5.347621490783715,6.173961634688066,4.182517360517231,0.0,2.596304414780159,6.476405543202434,5.713314221394227,5.657242896208083,6.269790483502946,5.05998718773258,5.4273318209394095,4.4297101039741555,5.325713376539844,4.82147890873568,3.705771873129224,6.407146410522329,5.812813324909045,5.097871421425518,3.4593041046703856,4.837394822677732,5.725254483524249,4.892334642555395,4.479785305065531,3.5210732678403893,5.315207136250168,6.300727081223277,4.016258230773625,3.650796357889044,4.262550528109473,5.130022370580631,4.99216856478714,4.523138611866944,5.84556886191573,3.3188529540317564,2.8243390601533167,3.934306778335079,3.3572725701186705,8.130453412896582,5.133053557682375,5.0656729172213835,5.305871669926869
Pulamanthole,6.5663226872931695,6.446933464560723,5.342942270253092,6.075097304681071,5.5805533804570615,1.9395893785983822,2.845891449515621,1.9420944321962172,6.511817749438374,5.835826460814325,5.987822818842077,6.040390746747694,5.536572586673661,6.096023744580571,5.971497100306961,5.1278966442722345,6.532558272929971,5.855674875197568,6.35037854267447,6.405384341382784,4.430814307193794,5.145536587549047,6.821223220784153,5.545628377441204,6.006155446713283,5.415251050745887,3.5993917363909294,6.6751965634446,5.928943669113337,4.445800832528661,2.4753969478044646,2.2450200304691195,4.910013604155623,6.283484198775511,5.390038171626073,6.062371298403967,6.053202544738224,6.304724526626179,5.851741009255525,6.400751241226287,4.801205278725386,3.299415105059791,6.502181961984372,6.102333422035027,4.717868073598695,5.677813722773906,5.615255312949887,5.973620918608687,6.848280056357486,5.736452106620892,5.109580932832997,4.220934307815042,2.596304414780159,0.0,6.232185344684625,5.942675750934373,6.510672362648191,6.3215359669346185,4.641022633158391,5.937389166725971,4.366171784562088,7.2178358871563075,5.219747640871233,4.553554104576468,6.322923619491132,6.191442446187586,6.062773413920989,3.162228786787318,5.581793443811103,6.896836974277234,5.619856377168105,3.7947069099887454,4.814298477789658,6.527336573805975,6.150373795785679,4.617594219236985,5.233597481159932,5.661719923563462,5.4345479404039105,5.937982526235624,4.394275361751826,6.089826912961622,4.545783105127906,3.2751531222437915,3.1650063571268645,1.7623880050201135,7.152333311178093,4.639760124770432,4.49285721380825,5.830644031715592
Rambhapur,3.954728238585809,4.136195066831596,6.048208791306192,5.094903236491826,3.782017214704505,6.223246150240799,6.326401343507331,6.812734208119235,0.7244561457330537,3.1409215406232995,3.1238880105177156,1.960152136892343,2.397197735562822,2.754542968208874,1.8018487631895148,3.7318323419853248,0.8973944822596568,4.138021267983537,0.9396158980085695,3.163081119916644,6.187416467704684,3.620534681797418,3.662844236334094,2.2932222755798217,2.8520907889791864,3.3039648989128008,4.424901447852593,4.57021937852345,3.10016271525326,4.777853097575958,5.467476290441693,5.847647621970333,5.067880652757553,3.537296500800668,3.785992445933282,2.5962658758649098,4.9430991206812624,1.8701080419439564,2.5380690764927807,3.9535692559079427,4.903232106355956,5.213481445123676,2.0042178244083266,3.605973869731478,5.498994845049163,4.129359285302749,3.2126784293470285,3.1657592773178997,2.8723617118517257,2.4117036589792247,4.937121078554558,4.9225172453657455,6.476405543202434,6.232185344684625,0.0,2.982021654304674,3.7069200387854084,1.7853948956839374,4.791199084221486,3.604643746353155,3.459971142189712,8.579630582047441,3.4552641470521386,4.8120628901314735,2.7015581680606715,3.3891805435676265,3.6029871405091387,5.2833112859539,4.703980662810781,4.772978903924508,4.265115018901424,2.9983508718845866,4.455345217663111,4.498015786927529,2.6516344687169395,4.68320410750386,6.4236921824338955,5.564799791431992,3.0904179795674582,3.649122783533052,3.606159534761984,2.112260400962208,7.542818164565728,4.662152379681521,4.855444350272195,6.609072179510968,8.48351690081542,4.104239279721298,4.354569387958615,2.6670816465207814
Rampur,2.5386414540896163,1.429775891792393,5.682214551566432,3.7337033637757604,2.0060857006469854,5.748985183417409,5.914613011145634,6.408194448281659,3.139880564012836,0.6499446653841693,0.9901259612067157,1.7009144213003122,2.4371488650846356,2.891757972471388,2.014648749626707,2.831800723963612,3.263581472488823,2.502604927264957,2.6608977823227478,2.3295095526898333,5.342712858289561,2.113283646956233,2.246790943529563,2.330344169779799,2.3345927876718506,1.9851155858887,3.9408779219339034,2.5542537108690366,3.7662334033905434,4.871715246422111,5.42773007231088,5.6248993304528465,3.81808446821086,3.3753569089026887,2.2310778385603287,1.334565649246753,2.210764260367012,2.992916559807121,2.1196701283899704,3.6241894721041823,5.782625806222878,5.132453059138328,2.517518231852144,1.4757302807499297,5.304005277809854,3.7200451450219316,2.233423247271543,0.6853489854902531,1.8365437722350246,2.7030792762395537,4.918713754210522,3.4482133385875664,5.713314221394227,5.942675750934373,2.982021654304674,0.0,3.4653689215301475,2.962812316779362,5.238753231472082,0.960014152008016,3.754937518793906,7.576529082075567,2.2404312931470582,3.366969417253735,2.1718953584657923,2.1878753513558773,3.532854280133256,5.138279173097107,3.564190043569688,3.5246560868126577,4.321664097820276,3.8332682095415835,3.356685237831059,2.974080335199891,2.0555398943516425,4.234035791870656,5.811805502696746,4.938378287544656,3.15667448157807,2.6966267618096897,3.8241751152418213,2.156975718035955,6.739042236509972,4.029839985801662,4.677212562055374,6.232294795376237,7.357127823406454,2.8226753014503743,4.87636474671192,2.0138822068712896
Rangeli,1.9070481450599073,3.727896805119564,4.896993593834802,3.7414353602763954,4.332139603999996,6.3154169027447775,6.788521206387296,6.870696085142597,3.94145898616367,3.244568121882656,3.492099100920032,3.1623396005085653,3.9010933832472547,2.313794201104668,2.998795921645977,4.575760075052704,4.145996619046713,3.052979970771793,3.0289849873570334,3.8886269424526034,4.801395390464525,4.326097455612761,5.117503038510288,3.716102184901357,3.5542001812092843,3.5969607143900006,4.836875181507157,3.1940032678309804,2.7134923792446806,5.049280146817242,6.42650140016642,6.591582398483436,3.439148968192858,5.340214570867804,3.900010478909293,3.9335727737262602,4.004606801520598,3.055024389520238,2.5571677758220033,5.677921967297539,6.194571163332211,6.005214979549053,2.2646291397144354,2.9261318043278823,5.087071906248947,2.1314679141115365,4.12241023719292,3.828065226702279,3.260902944947462,2.9452814955645126,6.391452515405577,4.5074755188134965,5.657242896208083,6.510672362648191,3.7069200387854084,3.4653689215301475,0.0,3.0722159669314304,5.990328221503289,3.326660993562827,4.3080727682369915,5.924977506918217,3.969288393268645,4.690358375396798,4.057804957911309,3.010660261698819,3.2129981538516494,5.765720158277557,4.828508284638773,1.6561795890835844,3.9317397329977073,4.148704886681685,3.352841904473842,2.724241945829434,4.323859505616162,4.539657695771578,4.756442206880459,4.236400883418739,3.8995582404794025,1.5840034300943329,4.43292291801342,3.420800315400892,7.035795628906438,5.200787074528185,5.959677198707004,6.992754578696133,8.645756649469652,4.658976995799941,4.861252691695724,2.7621866021020804
Ratanpur,3.193834905959209,3.974490008752475,6.101028642389014,4.5191943125409395,4.166716843482337,6.492077092982541,6.724683235101166,7.0531277356927395,2.205536872592054,3.13248747801378,3.198733744961873,2.628601129478285,2.682072554788063,1.804042247007941,2.2896379320278846,3.596180636204267,2.464062355770963,3.601755890557474,1.6025055036891112,3.803508411118026,5.900386346654467,3.4963894550308696,4.044481032583257,2.641801302309619,3.0449339046200183,3.0366616402677606,4.768595868075137,4.455131945470617,3.499715324979144,5.1527997663143825,5.653816366378364,5.971030651171761,4.78115438245004,4.044221124616279,3.353701785523126,3.1745813671229026,4.438940106505437,0.13424483162265563,1.9715186990534088,4.309830078658825,5.711937657350466,5.856843585157189,1.5323225481561327,3.5714148750947734,5.7319822533744516,3.9111760285814365,3.0178882821299142,3.2976272354698657,2.67916239161512,2.4734061913204295,6.037256673777213,5.1568512766252175,6.269790483502946,6.3215359669346185,1.7853948956839374,2.962812316779362,3.0722159669314304,0.0,5.528787383674349,3.360768584173551,3.671243013532363,8.184111952622878,3.3305277327774974,4.514158729214619,3.6226739334847853,3.6410938723137254,3.5181002463668953,5.665490505964658,4.529493062055761,3.981973497856872,4.2651426561613714,3.472689631844005,4.1954934377954505,3.892530001516909,3.597467951245346,4.844925769002846,6.3033652158249485,5.396731725994341,3.2198309109407806,3.145139762351095,3.7294146126227874,2.760729916644299,7.615380937896965,4.654890255097896,5.529731097284953,6.78263500204553,9.133562544407386,4.719081965100926,4.853980044144917,2.2178954671415703
Sakleshpur,5.961614623198573,6.113517168797444,3.8698050377594013,5.856474385251511,5.640909820908692,3.8273395886717267,3.507650042427554,4.134453401560129,4.787808781307458,5.219980000391318,5.044110737101015,4.523679977850811,3.8817758620399596,5.806683293216856,4.630078254943774,5.021295448336675,4.719734116106387,5.058738280810242,4.877142019121485,4.325588529456724,5.4193902746684905,5.002661959678202,6.2576073969683375,3.805370946324246,4.636281670366841,4.64313772232088,2.275951033283405,5.941700158797591,4.931702517806958,1.9103512000682479,3.8959915121933335,4.264223979133747,4.686332186108211,5.440038166790345,5.398764220963321,5.194214560189768,6.413407380388486,5.554381312025998,5.201903631315384,5.75321242189513,2.7862545337304607,1.9723445329991542,5.079330821813919,5.496463233237943,2.626660079738823,4.7077852124685435,4.959831633252942,5.294884601726703,5.675994391015955,4.874869776351939,4.528943585180593,4.028000498534825,5.05998718773258,4.641022633158391,4.791199084221486,5.238753231472082,5.990328221503289,5.528787383674349,0.0,5.7113709826366765,2.1577567189076654,7.3494953405437435,5.14520422639848,4.84149262495361,4.687536307594252,4.5743829284546145,5.282844179903467,2.067421412551224,5.366321395403332,6.502801383268087,3.5593887775789246,3.727852471959918,4.111459006265016,5.8158114101547955,5.144313188190286,2.5810094180051055,4.680965732292124,4.152409140128726,3.2210027443612894,5.2939089789039535,2.26792872665366,4.102277153256154,5.79828757151957,3.9948579463102436,3.0463521838692262,4.646358731310478,7.130626271963479,4.280482560182046,2.454248037620068,4.513900983312911
Salebhata,2.3595306911721314,1.0254060238490497,5.666735705537092,3.2581894266724505,1.79587033892354,5.773335465119086,6.042284754346196,6.490045829673006,3.74837892707074,0.9216949614625255,1.3498848733072397,2.342093248807533,3.1234042857392037,2.887739191533223,2.578920050710005,2.9938773854431133,3.8937770160754455,2.34568159810954,3.2619239926913943,2.9802360168626176,4.884494852459283,2.093705830518783,2.4502243478884296,2.981105794273844,2.5144922045771247,2.045484495015412,4.154614172775988,2.335578299876922,4.080757727575312,5.108238104509495,5.554821038476365,5.69505186090109,3.475287498434783,3.5493033322731926,2.0352622456203355,1.8218739602072744,1.505120219362629,3.3691249484511636,2.321603959398608,3.7169351898658993,6.346048044462173,5.475496031385282,2.939236422720896,1.2543416202381357,5.471845469639528,3.601094463894311,2.5370856472724523,1.2431361344994558,2.130399582639222,2.959036663196183,5.284242717270327,3.602552416304593,5.4273318209394095,5.937389166725971,3.604643746353155,0.960014152008016,3.326660993562827,3.360768584173551,5.7113709826366765,0.0,4.202441684124346,7.142398637130405,2.1567729083169045,3.164700084150552,2.8402123328503164,2.6148486428373934,3.4792084389299593,5.379153979033005,3.4313423088501973,3.1689356488687275,4.479909804685881,4.1849681258526,3.1757902772643254,2.596375975779267,2.477336594886185,4.432715623295319,5.58959847965942,4.825418396859506,3.6023671098941623,2.5778665914128007,4.277110712648668,2.8140441448237126,6.501574186297147,3.998790535317823,4.949212619287327,6.268999308419675,7.5325009244748955,3.1521979671857316,5.314388575340747,2.3936800864724943
Samdoli (seasonal),4.234691246805036,4.740936002715234,3.7343600385447897,4.370090715338593,4.5594884150520025,3.9178514274435843,3.850250098736716,4.386514468464199,3.5964292250977103,3.787477744389262,3.6366005083667985,3.251916611598539,2.5055380063558212,3.932970474423745,3.220675704143015,3.6668577877501813,3.6344207684358136,3.4676126671809873,3.3757985687484955,3.4121024646748883,4.596037960808705,3.557559137698513,5.144455446410786,2.417906059482718,3.241852322833788,3.0335788914274673,1.9092112153139322,4.752785492096875,3.7677316467838127,2.162794526642839,3.5733701835219995,3.9119939868870595,3.508529770970807,4.435350308060835,3.7904642742818426,4.041355821506728,4.926117546600526,3.6788800997122144,3.38718116658062,4.728531069974353,3.3448588631729606,2.7798640123978307,3.3359845273055275,4.153817985394269,2.789272614081645,3.3652011972260714,3.47937373712731,3.960352971148093,4.12031884227518,3.325585680597848,4.662518163971544,3.351886109329513,4.4297101039741555,4.366171784562088,3.459971142189712,3.754937518793906,4.3080727682369915,3.671243013532363,2.1577567189076654,4.202441684124346,0.0,6.794155568689639,3.6824975452644684,3.5340312712010604,3.8528128611178385,3.404001881445662,3.88345418239863,2.438054764374671,4.093076390120932,4.857581960526158,2.58997677815613,2.602843024201227,2.7825273414054874,4.225499149513323,4.230819568419377,2.1373899757647727,4.278175191098103,3.4795631226101085,1.8316459946941435,3.614732747503391,0.3759249051051036,2.8397268752227602,5.583983360270741,3.0673472868954255,3.160133399091102,4.538104108594348,7.492282069407311,3.6431023570580234,2.319262537255084,2.7481678266978413
Sevanur,6.277931837557795,7.360448678282618,3.683922717066249,5.794908877315413,7.807691580751138,6.633774298624576,7.399111521523363,6.980594176617072,8.71392783846569,7.275701124134189,7.5064975569281565,7.611865094940833,7.513543114898169,7.404490108367782,7.776820007831631,7.473114160504168,8.808477215505985,5.7054786282584065,8.063176899404633,7.679940924994371,4.0655034929149005,7.498902588527691,8.972511481857612,7.344835766142475,7.315365262211829,6.911343162756947,6.300263946638953,6.1423318320158,7.253148956791309,5.72593530918112,7.715953723746322,7.705648475515053,4.249279178908442,8.875071128157666,7.102545115166768,8.103659575571283,6.917643447943161,8.159068033296636,7.367079770367267,9.073757857559436,8.102637442997764,7.151021447410066,7.375582511422304,6.787911246168408,4.896257716051429,5.041518531828475,7.479001515300612,7.798093162924973,8.007677611011122,7.618168480669041,8.958286044722934,6.227361221850709,5.325713376539844,7.2178358871563075,8.579630582047441,7.576529082075567,5.924977506918217,8.184111952622878,7.3494953405437435,7.142398637130405,6.794155568689639,0.0,7.235550639558236,6.73025493125773,8.02435629607404,6.7193455629265575,7.120167075245793,6.718672366120183,7.66959135140564,5.395040094310573,5.353256226834685,7.6828449083536405,4.937647007891936,5.490591318580671,8.466106791472038,5.300362031524033,2.7837204630679584,3.8128838140450356,6.664031206056667,5.954729413480166,6.850832007607956,7.614249490344205,7.048988974185383,6.921106095763884,7.61466996314111,7.654424889629005,9.523450528936422,7.493416019352137,6.612551132688616,6.812684657975395
Madhira,3.7085641837959984,3.087025543190931,5.446852358941087,2.842980368934304,2.4019951459198197,5.200054703829256,5.280120681799489,6.064234459528692,3.6000322658780926,2.5825743061099593,2.5154510572935904,3.100342212911022,2.792551185817585,3.0714845862850435,3.269456178270101,1.4735591411666642,3.674619820670046,2.3888935384352625,3.3991518691498888,3.9744469908564755,4.263063117949977,0.8177433737991391,2.8659568265351623,2.589981195976003,2.029015790602981,1.2857959730242334,3.667008993672051,3.9600275144781687,4.609166505453464,4.638480154701538,4.281519370336677,4.4393513214975995,3.2446221236866677,2.2811028329638607,0.7362992279983644,2.7336509404387113,3.1158876177370853,3.319745877816363,2.8105349639077697,2.4853000065321456,5.872049140359923,5.011954847387965,3.410088281353527,3.0865116613097356,5.1447067996565945,3.945070062362648,1.585809074816975,2.603951686598535,3.3191156199383,3.2528201071647462,4.7762359409613095,4.0436042705539075,4.82147890873568,5.219747640871233,3.4552641470521386,2.2404312931470582,3.969288393268645,3.3305277327774974,5.14520422639848,2.1567729083169045,3.6824975452644684,7.235550639558236,0.0,2.284307661999197,3.7421776019045656,3.767846273938172,3.66897116670659,4.922958630663663,2.9207294028941067,4.299886885549713,3.8134253278161054,3.7894386316799546,2.8564249715336736,2.7791654643951764,3.1364469436684606,4.016059939375181,5.406519618075659,4.607634088212993,2.9513514012605535,3.3465516303161187,3.7221467333308778,3.191674123355659,6.054312148333332,2.883053196514207,3.919367334060118,5.335171616670524,8.3910611469559,3.6676925015172324,4.91611488181431,2.679830108009296
Magaral,4.124173639240685,3.954703717900375,5.15434989603454,2.2409927509124565,3.4963803869844576,4.124901253716847,4.053994619291706,5.045052352280947,4.877362572339964,3.4807055230555424,3.103025773123892,4.156607977501966,3.946257733529356,3.7540675095957647,4.083560829848515,3.044323366990261,4.977666367387028,2.811517999551482,4.682089236956901,4.4808352760784835,3.642204640969102,1.9430921358414202,4.577763170483917,3.7629880522910772,2.768823768279351,1.9613257918950604,2.8675723616282576,4.734591373482288,5.108320124732326,4.400984911128501,3.8565116713621816,3.769446961108207,2.690421400174087,3.422360646962948,2.017715656092581,4.112226156097877,3.446005032110752,4.460840893379563,3.3682830172025824,3.5085408459201624,6.177186692830564,4.44534568321152,4.385708493190876,3.8006116312835623,4.78864555743535,3.839094209512834,3.2525194015261127,3.7161741312697,4.005370537282496,3.6141998563214965,5.172157063208475,3.7152015817320283,3.705771873129224,4.553554104576468,4.8120628901314735,3.366969417253735,4.690358375396798,4.514158729214619,4.84149262495361,3.164700084150552,3.5340312712010604,6.73025493125773,2.284307661999197,0.0,4.852383588158412,4.327264047180347,3.557118703805759,3.9503776946310913,1.6912819357501152,4.692961141981518,4.198777928647694,4.003470532566281,2.2773105660020114,3.360488303827905,4.3714973589937145,3.7654798323803753,4.910136419628442,4.22929924158372,3.5655404052751916,3.525699969806936,3.5644496160481047,3.9460543841649534,4.2823531624068965,1.8928308283706743,3.517330892101745,4.424434654219933,8.376805531105992,4.009315271672169,5.148917898188995,3.355319621764871
Manendragarh,3.5355286178187764,2.833431083176646,5.588953491257987,5.258836241373391,2.987085429736094,5.933759599262233,6.1949630933986555,6.48862664352098,2.7090827790265677,2.0512302102244124,2.302463011291091,1.2281823237954048,2.5464623953684336,3.9465512438489725,1.9634413559609243,4.0396412721968655,2.696503206539717,3.8224227995437947,2.4524116134735343,1.500566844443662,6.141947330653295,3.731203372073554,3.034367105262329,2.484320330382809,3.2429756473099367,3.4765685940501374,4.102917433204976,2.9811082940916886,3.393309829082846,4.572250160742408,6.005941365916997,6.3106015985350075,4.734031650426049,4.23983839322464,4.010589210925412,1.6500709500444406,3.95582054057811,3.701380643857592,3.1227885250457375,4.632421891994107,5.006783741759226,4.822116061850671,2.8523702195646607,2.3390654661181793,5.057190885222901,4.081818241870019,3.440839015599847,2.0651687623271746,2.7163272211319573,3.1638485805484264,4.647129824452852,3.636431645929309,6.407146410522329,6.322923619491132,2.7015581680606715,2.1718953584657923,4.057804957911309,3.6226739334847853,4.687536307594252,2.8402123328503164,3.8528128611178385,8.02435629607404,3.7421776019045656,4.852383588158412,0.0,1.8822047078276778,4.122429815532661,5.095973576362235,4.973059911144081,4.393122135975349,4.524792709591928,3.8789657306461267,4.272413516531713,4.320647209740647,1.8219396188893984,4.251074801406416,6.034329945239085,5.270331668091061,3.392019830512175,3.5719968052196363,4.020400563345802,1.8189534306448372,7.373359307032595,4.895654747857165,4.787895865024548,6.769125259148523,6.733214523195241,2.7795878925190025,4.408684219706517,2.805807497579558
Manot,2.2891680809753923,2.61621206506389,4.6292558692371415,4.3603650953513595,3.4587023888204973,5.601233794599154,5.878070626402738,6.099618919592376,3.483207126902537,1.907492085120765,2.0876881205219715,1.6620262007126483,2.6917675353467536,3.529863829086041,2.0433541844891225,4.153197133701722,3.570344078141538,2.837990505650572,2.762004977571299,1.2355643869894577,5.442258166150955,3.7645645769580067,4.032997141965814,2.574081811862365,3.113950746023153,3.129630955454779,3.6675879239779876,2.109586770586427,2.819658585694361,4.1466833130850524,6.022014184541712,6.233631404528641,3.6393930163983503,4.843978615347324,3.786607810684319,2.6040808050081927,3.3975451539290424,3.681981564812759,2.671517069050894,5.23061797019785,5.063154303350397,4.633910166074338,2.412656144111198,1.8207656807488817,4.279153824537349,2.8574640014381223,3.538058237567938,2.3349306114430037,2.526541494592918,2.919102993359917,5.138019635383625,2.835619421854938,5.812813324909045,6.191442446187586,3.3891805435676265,2.1878753513558773,3.010660261698819,3.6410938723137254,4.5743829284546145,2.6148486428373934,3.404001881445662,6.7193455629265575,3.767846273938172,4.327264047180347,1.8822047078276778,0.0,3.6278938874498827,4.687334535993139,4.5373824559665765,3.027984753772134,3.8447827873861864,3.898815865234409,3.2490989397806964,3.2842295564475132,2.9835795356449006,3.5378003214911997,4.98654954256747,4.193897861041186,3.0517768441028403,2.288894484453423,3.5424253637108434,1.8740286471775796,6.7854761408770035,4.757459879563223,4.880631378038995,6.55152606421961,6.76237462203609,2.8327149367049156,4.013178588827033,2.159977758116569
Morane,3.172219914691754,4.12619311776614,5.4979192317015135,3.167895604467247,3.8887098897844985,5.406773857330229,5.665907848235865,6.319771112838076,3.3842759207824473,3.3390802466513207,2.8465623781210994,3.0835665403991905,4.291716967461802,2.1652223218027173,2.679924667358415,4.828801725199409,3.5517739200870633,3.706188086658703,3.278912630256476,3.6253899505541476,4.643181587234038,3.654273392282277,4.998356154960049,4.020843833188925,2.309067768410257,3.0163772599022822,3.901516937326924,4.579128268302389,3.3563791012355204,4.810015934193624,5.840547173814836,5.935252019458266,3.5891426400323723,3.9296955537138167,3.658123338798259,3.8397102972322417,4.374329339121682,3.462498477644655,2.0155272512952065,4.241996876228121,6.515356340971367,5.402405257994221,2.9384942132958773,3.272237023212319,5.29032619273209,2.38436517886493,4.508245593243779,3.975526800838716,2.6436896659010864,1.4750461489372193,5.878680513680409,4.676180618630546,5.097871421425518,6.062773413920989,3.6029871405091387,3.532854280133256,3.2129981538516494,3.5181002463668953,5.282844179903467,3.4792084389299593,3.88345418239863,7.120167075245793,3.66897116670659,3.557118703805759,4.122429815532661,3.6278938874498827,0.0,4.802392184883386,2.9099585136849035,3.7916976165697522,4.5165698570442565,3.6040568303241547,3.1644886586574095,3.733025129124536,3.7889336621048155,4.591269477433114,5.291405182163368,4.624772106255993,3.9712947377525536,2.328702002220326,4.1410632044661355,2.815347787578107,5.161961685271344,3.8568991600722016,4.987337976263263,6.395703118990835,9.032229500019179,4.643840825764103,5.464457972724562,2.971976559108938
Muthankera,5.61891914537485,5.825526623001499,3.887405868853382,5.248416056793936,5.288419547405473,2.0631643851517887,2.0048236222590625,2.4378699845505793,5.353892617666003,5.009120765801104,4.84449716107024,4.778465082540215,4.450918583111217,5.467093292286509,4.712715172332022,5.0380394677622355,5.358377403641794,4.892897327015306,5.288268526108971,4.627120427654742,4.462753779656774,4.700579915778005,6.427522402377916,4.372496538405292,4.697944773193713,4.467637199016681,1.4794885456147016,5.822329346835349,4.807457641139521,2.417004482219716,3.170918204363592,3.2592379274399423,4.003124031591025,5.5698496520976315,5.057162244708354,5.303007220937989,5.772659379181323,5.657442136628999,4.910695386168418,5.8153929025358675,3.6686820349556264,1.3665222669004362,5.306662936681358,5.212524496198725,2.8404266841046364,4.299533233723215,5.144215891901546,5.2260987108659,5.615707098547215,4.584955681393705,4.548778163640405,3.2716144190169563,3.4593041046703856,3.162228786787318,5.2833112859539,5.138279173097107,5.765720158277557,5.665490505964658,2.067421412551224,5.379153979033005,2.438054764374671,6.718672366120183,4.922958630663663,3.9503776946310913,5.095973576362235,4.687334535993139,4.802392184883386,0.0,4.592912644818699,6.115232959550558,4.154038755226469,3.2527982256943306,3.572737985395894,5.647959476469473,5.284843441778133,2.799080447580621,4.207044768271352,4.093114581610049,3.886505423514037,4.856722150288902,2.561702567534815,4.467860820953258,4.074548102832695,2.9952303574302523,2.459748563136758,3.2341959158706524,6.802081707800837,3.9172954326343117,3.1071786481672468,4.587461047582259
Nandipalli,4.296093773686145,4.1750971122979275,6.120267300506784,2.5140932328682912,3.585256415094172,5.017553651637249,4.67470900352638,5.941751803233954,4.632249252839963,3.6707424353700295,2.994089789499449,4.15039450211557,4.535787729435092,3.527082160049247,3.8617413274751615,4.0295593968753876,4.759895610144563,3.621810608165393,4.633740482109506,4.418555040065185,4.706675553494816,2.533528867275564,4.725080507079525,4.296993947486708,2.5228434409646985,2.4470564917888233,3.6152734695429047,5.194822989652327,4.946074177805324,5.225792936370717,4.794505954271968,4.722959659394393,3.6234301901885524,3.1259941911389264,2.7356195571277953,4.166822082453839,3.928528995765953,4.466557244904432,3.20640615788196,3.2396874854056903,6.78965807058645,5.107573903747294,4.36550994898829,3.9363934705629977,5.729975511610247,4.029754921636286,4.034496556290308,3.9201156213988297,3.5715220415119524,3.14100921351037,5.25860792263967,4.489471073141238,4.837394822677732,5.581793443811103,4.703980662810781,3.564190043569688,4.828508284638773,4.529493062055761,5.366321395403332,3.4313423088501973,4.093076390120932,7.66959135140564,2.9207294028941067,1.6912819357501152,4.973059911144081,4.5373824559665765,2.9099585136849035,4.592912644818699,0.0,5.00828275066828,4.994539099951605,4.153831949805791,3.140691205110631,3.8972285601801655,4.192427900737639,4.7628870009519915,5.863956819737806,5.082718514403982,4.228860230540983,3.586460205501832,4.184200507010329,3.870722321510822,4.4421209338359855,2.9290128734817094,4.179340672991245,5.311203346055726,8.858031680763455,4.405369664708504,5.868940473871788,3.6959396259182022
Narmadapuram,1.2850870726823813,3.335527373785503,4.902159410137651,3.5864156742251603,4.559245886661138,6.578697271425404,7.163166626444176,7.131293099268368,4.96202410802131,3.2161992218261917,3.5285036576571542,3.691066391171625,4.371166169946753,3.147666364104125,3.693040575557353,4.888627087506457,5.163043771594851,2.7177880717334633,4.026648882357002,4.073153491907331,4.766166384416419,4.527702268594012,5.302320553467402,4.226263555957638,4.034954025213657,3.7715759451033013,5.100417402185069,2.5437777794470433,3.8433466260640663,5.369924910890517,6.980079011847029,7.0926918534419015,3.2626032565224183,5.920859544139757,4.025277488405813,4.272474647661307,3.3475802634968206,3.959224358301861,3.081463279607601,6.17855152466845,6.984120389841983,6.445182228208606,3.0418366462806867,2.7131815457951856,5.245034935163504,2.4867151318903518,4.385367878134271,3.8718599044345217,3.43334869096812,3.7419805455967365,7.147114061579211,4.442579598070407,5.725254483524249,6.896836974277234,4.772978903924508,3.5246560868126577,1.6561795890835844,3.981973497856872,6.502801383268087,3.1689356488687275,4.857581960526158,5.395040094310573,4.299886885549713,4.692961141981518,4.393122135975349,3.027984753772134,3.7916976165697522,6.115232959550558,5.00828275066828,0.0,4.332796163560194,5.14831811799274,3.3205775065328336,2.3635967451822792,4.826074795420183,4.636034287344238,4.651693410706072,4.097793707922773,4.31991949534702,1.8033621503704034,4.947500905147228,3.937341005922191,7.130305347590884,5.466847164729378,6.506973142594532,7.430615728049408,8.586794568306445,4.924092831627794,5.54894400157591,2.987256305394396
Navalgund,4.266470114572418,5.008581617759628,2.569748825150291,3.9378665656743834,5.078946715226124,5.205013988059228,5.357967640652311,5.807765723729969,4.357931773897116,4.354056068727186,4.378781782173411,3.946738880988132,3.0623288939308293,4.4118524697442885,4.20618410294663,3.7230295105114277,4.392288970728732,2.880696852063957,3.982513256231877,4.330458783983161,3.874137244311941,4.052073590566183,5.454185380141688,2.8476996657471285,3.5202718554238674,3.3148588611538603,3.29201406282339,4.429284589447033,4.615755890988338,2.338272438555689,4.733683587384303,5.100817908615133,2.8731806342743718,4.888507850535373,3.9177547691495516,4.640380158801434,5.185593807514623,4.278637122926836,4.17159580067446,5.169142770728533,4.562387522522202,4.394276860138149,3.664570641732172,4.433812718657812,2.4892967059430564,3.162179896445762,3.49622012038225,4.595486361673606,4.78142297381988,4.387195604444649,5.83334423807226,4.362669473044479,4.892334642555395,5.619856377168105,4.265115018901424,4.321664097820276,3.9317397329977073,4.2651426561613714,3.5593887775789246,4.479909804685881,2.58997677815613,5.353256226834685,3.8134253278161054,4.198777928647694,4.524792709591928,3.8447827873861864,4.5165698570442565,4.154038755226469,4.994539099951605,4.332796163560194,0.0,4.358535727185714,2.4854662658771267,3.2228171851887697,4.985109783330452,1.9335708273130952,3.1338182952752165,2.0168848555948213,1.7908571000532165,3.7790303117983846,2.6131323669152393,3.6786654264295757,6.568559126456637,4.102981161891528,4.546750955956363,5.857622950150886,8.494213957341133,4.82862840324705,3.1051936781296847,3.1053657540183224
Ozerkheda,4.515780293146381,4.757702659826124,5.241363006141886,4.962239810550794,3.939856631951942,3.8438541900431553,3.930189853987591,4.244412187587229,3.281315777393834,3.7801339131640086,3.765778003592464,3.259078511902172,3.43891041925608,3.4516679629325826,2.898424825885623,4.100057941012938,3.3413371087052046,4.524890965351348,3.1768887252845652,3.8557033669355256,5.078736463553443,3.7954101433298497,5.005065369220408,3.360573012370152,3.6686572502199275,3.7169806717916285,3.0221449533752356,5.113711133815536,2.7472502804000487,3.94006852767067,3.579340780037948,3.767838697470116,4.335908800668789,4.366719411579917,4.082811308651213,3.761099908713323,5.007985733629969,3.4764495967497804,3.2090489073889663,4.708275229497782,3.669665659523596,3.251509944668215,3.58928390563377,4.12946632568314,4.512245726304925,3.785944341499439,4.107445928571336,3.9470184891582925,4.168712877882322,2.7218855969500297,3.7058197321384827,3.5848092358314965,4.479785305065531,3.7947069099887454,2.9983508718845866,3.8332682095415835,4.148704886681685,3.472689631844005,3.727852471959918,4.1849681258526,2.602843024201227,7.6828449083536405,3.7894386316799546,4.003470532566281,3.8789657306461267,3.898815865234409,3.6040568303241547,3.2527982256943306,4.153831949805791,5.14831811799274,4.358535727185714,0.0,3.864290821319377,5.027679400363894,3.6651849156425294,4.070161880189374,5.412400440474943,5.1336239355280915,3.6471085684499482,3.7152005736900677,2.767430129182347,3.296726906508766,5.433938846085077,3.3859422766993115,3.0544430964772067,4.079506412219318,7.199997691534591,3.1562849282675187,3.21754844166779,3.60537250111065
Singavaram,3.128670934704884,3.8113476296286515,3.164159424449969,2.075648288322317,3.8857753733789235,4.145176868773607,4.427254546702459,4.966041313147815,4.52076089651067,3.2524406009002425,3.113095972712858,3.545164508206704,3.419871505011836,3.472603748940506,3.615261136958014,3.430629884597756,4.625852512678848,1.815176148065814,4.072362716915424,3.7983212363546337,2.685586346986937,2.9142068697027113,4.951938232773121,3.1716983149914646,2.663737717860128,2.1675099127686197,2.40143067840382,3.6457209903602985,4.157316737523795,3.02552064399187,4.416377670496979,4.507662915879126,0.8978501514537707,4.295205972165124,2.717071727215922,4.033680100877285,3.5903120744786237,4.162560603781985,3.1034725889340335,4.538456730727716,5.435752301503378,4.098579177771088,3.523528073939049,3.2109314476468622,3.1218411589905224,2.067043712887748,3.323826187100117,3.7287930127135915,3.808175815577403,3.3607229681380715,5.453095564169572,3.1897125258863555,3.5210732678403893,4.814298477789658,4.455345217663111,3.356685237831059,3.352841904473842,4.1954934377954505,4.111459006265016,3.1757902772643254,2.7825273414054874,4.937647007891936,2.8564249715336736,2.2773105660020114,4.272413516531713,3.2490989397806964,3.1644886586574095,3.572737985395894,3.140691205110631,3.3205775065328336,2.4854662658771267,3.864290821319377,0.0,2.2461237732720885,4.371139164726424,2.258487738445979,2.9699369495651706,2.145962880989748,2.5770674722182876,2.421887387506187,2.883115305229111,3.3255660671895084,4.7601423058789605,2.7917084126398035,3.9154327041002293,5.012934589537816,8.014507163254779,3.927047059997851,4.008085012830995,2.5744785696206067
Somanpally(seasonal),2.416702021935901,3.1349939954789074,4.530717489089227,2.0702192496365774,3.84885133612205,6.173560626860575,6.419497984225867,6.93210454283807,4.609843203624158,3.0008432600406665,3.050912954778401,3.5743373587505425,3.6051096046701367,3.2453688293084206,3.7662552836647993,3.383840486533883,4.7569263903112144,1.1810993202317062,3.9479680449739716,4.062914574808312,3.999994229708043,3.0677145769736467,4.37629386487243,3.3614685026558275,2.8003343380114964,2.311198657515259,4.383298141079202,2.91665135245507,4.566601264439505,4.742332912612585,5.945901594265946,6.085717891907874,2.3110132461515476,4.418854624201814,2.4786243048013654,3.833883098744178,3.041889431799475,3.8700744781087213,3.096892582289983,4.627951159082711,6.668134396334959,5.93938112606684,3.1749731345298113,2.8595471347698647,4.7758238579728225,2.821781130775694,2.996058330827675,3.413167899400215,3.410005527217797,3.7864234233306973,6.381639501363841,4.31573442718686,5.315207136250168,6.527336573805975,4.498015786927529,2.974080335199891,2.724241945829434,3.892530001516909,5.8158114101547955,2.596375975779267,4.225499149513323,5.490591318580671,2.7791654643951764,3.360488303827905,4.320647209740647,3.2842295564475132,3.733025129124536,5.647959476469473,3.8972285601801655,2.3635967451822792,3.2228171851887697,5.027679400363894,2.2461237732720885,0.0,4.395754065457371,3.8467538766256753,4.339207141670611,3.3619459306497443,3.2154173963813775,2.336978916355962,4.259122323643847,3.6065599598858546,6.642873260503259,4.424598600334695,5.556908529004659,6.73516004952108,8.82232165023846,4.64870477584348,5.2248487110002255,2.5474500204472603
Sundergarh,3.954496563078538,2.645527051943279,6.263535400448716,4.860271994944305,1.8011820221438393,5.953396903272619,5.993877395183096,6.623188042827368,2.6134784697344116,2.048974122063607,2.13471189465921,1.797223818176311,3.2060272519989756,3.6554526633837376,2.091038375983009,3.8065519513744546,2.652073118061065,4.093143989714496,2.8028638777517854,2.5526142866292214,5.993535512250015,3.065737141287483,2.1459905130666583,3.0465823258976745,2.8038326319491067,3.195824165434253,4.280835371870761,3.56172130888451,3.7258346389819605,5.10595813723191,5.564059344241881,5.842524662203824,4.828997028785295,3.1189777743639424,3.517880840173807,0.9264241619769883,3.6828389880906136,3.657699644693901,3.079546280031929,3.428409540176962,5.597534212546123,5.076169392507341,3.2785865135733263,2.4125139475607877,5.781229721768184,4.408488623353916,3.3827318409468297,1.8284457766188387,2.574646687390417,2.928550641198561,4.068496596587478,4.163814568575079,6.300727081223277,6.150373795785679,2.6516344687169395,2.0555398943516425,4.323859505616162,3.597467951245346,5.144313188190286,2.477336594886185,4.230819568419377,8.466106791472038,3.1364469436684606,4.3714973589937145,1.8219396188893984,2.9835795356449006,3.7889336621048155,5.284843441778133,4.192427900737639,4.826074795420183,4.985109783330452,3.6651849156425294,4.371139164726424,4.395754065457371,0.0,4.902971516943461,6.4461018206890826,5.723612412550968,3.910032187348014,3.8068011870978657,4.390002459891469,2.434597177023244,6.9629757223366795,4.517605842099698,4.588455732716937,6.420752138929125,7.0226503664509625,2.8173171990281713,5.059334486804844,3.3001736081374236
T. bekkupe,4.376556833998545,4.877041359791353,2.0908858587065935,4.2276793836060556,4.9287067551019526,3.8574694262986076,4.196676558190822,4.412579460603956,4.767703022618876,4.159293137427156,4.150442128034854,3.9309842175967695,3.108260277835984,4.832482602669162,4.196740929767906,3.896948415406476,4.777867767118979,3.072420779562225,4.409287163906868,3.9142878568593047,3.6892754160398344,4.043764854620775,5.589414568365312,2.987034146029032,3.827959628892058,3.4178226625881627,1.955316873089439,4.33553203443357,4.632037906964165,1.2831757824121868,4.212193853614218,4.478817951813188,2.6802096057119558,5.176807905819306,4.081983715772108,4.596951497207758,4.944838336319839,4.852531657934038,4.276590639649037,5.473225821407292,4.041601470889853,3.0606151435967406,4.16219499098303,4.261155050672322,1.3393968502459561,3.2593579601649307,3.7729633297033414,4.439627746274467,4.873801596399732,4.404288954991549,5.378823018999565,3.1921476558460573,4.016258230773625,4.617594219236985,4.68320410750386,4.234035791870656,4.539657695771578,4.844925769002846,2.5810094180051055,4.432715623295319,2.1373899757647727,5.300362031524033,4.016059939375181,3.7654798323803753,4.251074801406416,3.5378003214911997,4.591269477433114,2.799080447580621,4.7628870009519915,4.636034287344238,1.9335708273130952,4.070161880189374,2.258487738445979,3.8467538766256753,4.902971516943461,0.0,2.8340460362401214,2.0360962096320283,2.115503782006565,3.8777790055968038,2.2124748318747636,3.611850966128883,5.604731062028138,3.3874761912930635,3.595956687554817,4.942024740222882,7.477129488376626,4.067759558449002,2.713521180620892,3.2184076438247717
T. narasipur,5.05542274266298,5.9446912237432885,1.3269430119447598,4.507023363600049,6.055140435648934,4.518758148271305,5.199089464531464,5.014812963840928,6.510438686937699,5.5478437809891785,5.683614108929188,5.594685050445592,5.381014932335995,5.749044213373303,5.766923093153619,5.623926263315032,6.573699850977738,4.202669684188828,6.05001776177454,5.706808957555784,2.567315080411036,5.581685415336855,7.166912760231831,5.198651821132752,5.295842765714837,4.987663172340306,3.809949267516463,5.003383739746705,5.514316712507404,3.0115329812098954,5.441042633755969,5.555592962587354,2.5997580957605737,6.7748441933512575,5.403314896894267,6.1772945190869555,5.717252943552769,6.289596668570786,5.558187653792421,6.995010917637152,5.779747459976877,4.717070541097082,5.554228054426848,5.248777923842116,2.3766801665924238,3.3597918007864354,5.61661110979369,6.017873285840167,6.253926664733986,5.645693917076425,6.8472721891943475,4.460276873892989,3.650796357889044,5.233597481159932,6.4236921824338955,5.811805502696746,4.756442206880459,6.3033652158249485,4.680965732292124,5.58959847965942,4.278175191098103,2.7837204630679584,5.406519618075659,4.910136419628442,6.034329945239085,4.98654954256747,5.291405182163368,4.207044768271352,5.863956819737806,4.651693410706072,3.1338182952752165,5.412400440474943,2.9699369495651706,4.339207141670611,6.4461018206890826,2.8340460362401214,0.0,1.6440967797288524,4.378500346638555,4.510813255452702,4.37461228868327,5.487634887198173,5.470929857787482,4.685110514591782,5.269745220062044,5.702537619782907,8.17140459705,5.5678593051185965,4.308930257994877,4.90710658203689
T.k.halli,4.288719706903105,5.229166694441217,1.5862327378218748,3.686166477895797,5.5273012535792585,4.920352292899656,5.302970733882911,5.535235029420246,5.602279585627257,4.770916018943356,4.778887187589177,4.738206431423629,4.380146442290573,4.9948276152696,4.930596684022823,4.816637046914348,5.678072510307677,3.135801010300415,5.168611109354916,4.825994492529472,3.0098585383668586,4.734500901947287,6.32775161153515,4.1681398870235435,4.241533118605321,3.9482682068192676,3.329456414707198,4.409262214145989,5.145656891966644,2.522789555002498,5.321425569790012,5.529998780417163,2.171105277900655,5.851482554152327,4.544164953365014,5.389845655128608,5.131586207510467,5.3840567788014315,4.7190934444883155,6.0768674162120915,5.588534394073557,4.624574736095761,4.568650436789471,4.565366077070702,2.2043765652514993,2.843721750614515,4.636156031342735,5.198939665795294,5.25402765155065,4.911860965035058,6.605404147923846,4.301898800740392,4.262550528109473,5.661719923563462,5.564799791431992,4.938378287544656,4.236400883418739,5.396731725994341,4.152409140128726,4.825418396859506,3.4795631226101085,3.8128838140450356,4.607634088212993,4.22929924158372,5.270331668091061,4.193897861041186,4.624772106255993,4.093114581610049,5.082718514403982,4.097793707922773,2.0168848555948213,5.1336239355280915,2.145962880989748,3.3619459306497443,5.723612412550968,2.0360962096320283,1.6440967797288524,0.0,3.187149104244385,3.8242904410799423,3.5532848234581595,4.498422181000792,5.783212160755172,4.280312938654986,5.0616336672466,5.982240878898999,8.414211025270609,5.238401487222488,4.040161594579668,3.816263945944946
Talikot,3.7590230459079375,4.194640307332344,3.784531714332655,3.885337768835563,4.260486573475905,5.055205362845697,5.127477262978246,5.697763714455236,3.18498624666902,3.3293989580569967,3.228310393659289,2.805766813497473,1.531531494336434,3.672998227115565,3.0760729570435936,2.7848922628349078,3.209790249854774,2.454585363312905,2.8606650312085025,3.229874879168791,4.596456656135683,3.0348306516327175,4.350114669873387,1.3299439447743817,2.5764750534050727,2.293865702194002,2.7974795064946765,4.094356359868956,4.14543617725503,2.6657402957500542,4.445066918864671,4.825310534381922,3.287908124382365,3.8650156880416247,3.0629005057264576,3.518319251954459,4.5394856356313555,3.243594813349989,3.1525863816481574,4.195685366431711,4.2660470548372365,4.024921599200946,2.7360359757208483,3.7088134932392567,3.2015270629327497,3.3374153992549473,2.351117549626601,3.466170350282147,3.6714240261542086,3.443509942928634,5.207277827778962,3.8566475020810076,5.130022370580631,5.4345479404039105,3.0904179795674582,3.15667448157807,3.8995582404794025,3.2198309109407806,3.2210027443612894,3.6023671098941623,1.8316459946941435,6.664031206056667,2.9513514012605535,3.5655404052751916,3.392019830512175,3.0517768441028403,3.9712947377525536,3.886505423514037,4.228860230540983,4.31991949534702,1.7908571000532165,3.6471085684499482,2.5770674722182876,3.2154173963813775,3.910032187348014,2.115503782006565,4.378500346638555,3.187149104244385,0.0,3.385307622634554,1.8620172498414178,2.4018380583674297,6.548711222041938,3.4995563114037593,3.9477971898261663,5.671417175683081,8.204557533137608,4.015393561565461,3.1155357446666687,1.937306619942513
Tapi at burhanpur,1.3282705291704906,3.076039180845825,4.642399211483199,2.8781827899258245,3.6925368920593717,5.457198143447989,5.834974407094647,6.110353228138732,3.7730028492336776,2.4428056145578663,2.3949162074067782,2.6266836860865994,3.480911796986769,2.0607358096230217,2.407015836989066,4.13657733543698,3.9663628785795253,2.3166559752689437,2.982475286946489,3.025573993535334,4.396961470972289,3.486763785122471,4.711713286236642,3.272497797317483,2.7007735652439995,2.662835425092275,3.8178843547155314,2.9109412793906095,2.686121590060436,4.5181964243556365,5.850435826615136,5.944674280431029,2.6835527518178086,4.682769270869201,3.1672015637541127,3.4423907586212694,3.2333764409565737,3.1086187150826032,1.7383388520522598,5.023151018320741,5.972914190546328,5.207313370143668,2.1600205267797805,2.188425611024842,4.614142814404466,1.5459555445849944,3.696170472441266,3.1498408288961106,2.4590479721880483,2.1495323956514487,5.833676913307828,3.56915782953302,4.99216856478714,5.937982526235624,3.649122783533052,2.6966267618096897,1.5840034300943329,3.145139762351095,5.2939089789039535,2.5778665914128007,3.614732747503391,5.954729413480166,3.3465516303161187,3.525699969806936,3.5719968052196363,2.288894484453423,2.328702002220326,4.856722150288902,3.586460205501832,1.8033621503704034,3.7790303117983846,3.7152005736900677,2.421887387506187,2.336978916355962,3.8068011870978657,3.8777790055968038,4.510813255452702,3.8242904410799423,3.385307622634554,0.0,3.761734615839919,2.6566831380554725,5.943636004283111,4.239269020814769,5.110357804614002,6.2977093080425055,8.167138706411086,3.8951007790706633,4.661340519620973,2.0242642634631896
Terwad (seasonal),4.331688237437474,4.8042779744708906,3.817884963775153,4.437551533217215,4.674339087284209,4.036044546520695,3.899174420938441,4.441419756850321,3.784782837412773,3.891819557443231,3.764920934087204,3.433948595257297,2.5138316058453327,4.068285075863067,3.4058694096938003,3.603795967546469,3.828801090381995,3.4821138002739165,3.531642976929937,3.581602321075988,4.705729997170081,3.5814530571635914,5.192946905010672,2.4564315994839614,3.402727031233479,3.089268489442422,2.085096514129869,4.82804255514037,3.9667733415930133,2.302441606254446,3.4962523400304124,3.8440894353899533,3.6059153543425824,4.536929318558003,3.800973830344879,4.156926394449742,4.944381344652099,3.7374887168570217,3.5401314484638813,4.804546771225601,3.3277790829788865,2.863907560830377,3.4597595034181947,4.2875314556551745,2.8733147213000185,3.582756050130746,3.430402284257031,4.014408241657874,4.258855490839708,3.5537618010724685,4.7342714353521,3.4168521721878276,4.523138611866944,4.394275361751826,3.606159534761984,3.8241751152418213,4.43292291801342,3.7294146126227874,2.26792872665366,4.277110712648668,0.3759249051051036,6.850832007607956,3.7221467333308778,3.5644496160481047,4.020400563345802,3.5424253637108434,4.1410632044661355,2.561702567534815,4.184200507010329,4.947500905147228,2.6131323669152393,2.767430129182347,2.883115305229111,4.259122323643847,4.390002459891469,2.2124748318747636,4.37461228868327,3.5532848234581595,1.8620172498414178,3.761734615839919,0.0,3.0498596821598474,5.7456514727289125,3.167175545664709,3.2560615826311556,4.507142344915897,7.49940040474875,3.721150072677732,2.306350398746833,2.843995835887926
Teska,2.986229674065148,3.2476987986926256,5.089431640489838,4.19620404803092,3.3460295453060533,5.525972902230294,5.661709727549045,6.227108093099827,1.9522556997926697,2.1649188665789443,1.8278985684239049,0.9768658923592337,2.110034659405104,2.86789515200483,1.2435669205017887,3.7160682114450014,2.0123721372755936,3.0870771039478138,1.6719349988201255,1.4628414279394806,5.51103111529924,3.149905598705999,3.628170388806248,1.901288159465148,1.9890593059670965,2.492752252372238,3.385823269937504,3.5143977281588916,2.9572039881644443,3.977326348408264,5.549336058350562,5.829538335186082,3.9740512549176397,3.569069436813314,3.3465360429283058,2.285248572044524,4.056618475788252,2.7988774623731563,1.974991531656406,4.013209501169316,4.968658119472349,4.546387673239096,1.8103591977280256,2.519481348066004,4.528037505494357,3.0802538965036868,3.0959311617101934,2.4865378550377573,1.9779830547301345,1.9352272525348773,4.895687649449105,3.720425616136306,5.84556886191573,6.089826912961622,2.112260400962208,2.156975718035955,3.420800315400892,2.760729916644299,4.102277153256154,2.8140441448237126,2.8397268752227602,7.614249490344205,3.191674123355659,3.9460543841649534,1.8189534306448372,1.8740286471775796,2.815347787578107,4.467860820953258,3.870722321510822,3.937341005922191,3.6786654264295757,3.296726906508766,3.3255660671895084,3.6065599598858546,2.434597177023244,3.611850966128883,5.487634887198173,4.498422181000792,2.4018380583674297,2.6566831380554725,3.0498596821598474,0.0,6.567220682202525,4.0955653177454705,4.390095847298737,6.413453711869714,7.806055163713802,3.3464223933651103,4.121335336043277,1.6857813581011427
Theni,6.853662051228611,7.031546212980881,6.048046122014637,5.202176544515268,6.212131795476712,3.29854612968452,3.4333598031769212,4.175033041767389,7.469198743181842,6.534870332797102,6.176539244658742,6.845442968063101,7.187169548026563,6.49593252230524,6.65420208173203,6.832062014461411,7.5179059232398835,6.3110147498029106,7.45662442144742,6.81094985282567,4.412342461264486,5.814902810449171,7.943506464334031,6.997570004965349,5.88413173374016,5.785929272186479,4.2197123588482075,7.39975756509238,6.657723759359607,5.586781341309692,5.150625596013233,4.775186012721339,4.724365986852863,6.500529618559341,6.0410964810612136,7.101828001250342,6.536090538280132,7.55819072535813,6.203807385989268,6.607736019061056,7.38505616513321,4.922924210810637,7.2871180318582,6.511110826726693,5.7385536222803,5.396173347022513,7.132722304076361,6.961653645395345,6.93677332935531,5.80652348125555,6.4144320049397,5.263864085523611,3.3188529540317564,4.545783105127906,7.542818164565728,6.739042236509972,7.035795628906438,7.615380937896965,5.79828757151957,6.501574186297147,5.583983360270741,7.048988974185383,6.054312148333332,4.2823531624068965,7.373359307032595,6.7854761408770035,5.161961685271344,4.074548102832695,4.4421209338359855,7.130305347590884,6.568559126456637,5.433938846085077,4.7601423058789605,6.642873260503259,6.9629757223366795,5.604731062028138,5.470929857787482,5.783212160755172,6.548711222041938,5.943636004283111,5.7456514727289125,6.567220682202525,0.0,3.9020836898811133,4.527486417261983,4.38315426654144,8.78912179362464,5.964079451660414,6.6544243578687485,6.563463701003706
Thevur,4.893797560553507,4.7717477032211315,4.80050592572482,3.567333406072589,3.937833747618249,2.939731064269896,3.245381029947799,3.9895736189065563,4.7128136349874215,4.061114867591048,3.8331250462257316,4.321766858110448,3.9220102795390104,4.187878155273731,4.295083683371467,3.303984056769188,4.752716899237099,3.7269152224085498,4.706433537117691,4.792273598336715,3.3515934139408685,2.6556790848062013,4.9646868736930205,3.7942988972784084,3.3440529818504294,2.790745056717674,2.2095073875802105,5.389762690965371,5.198628778704645,3.6032200929228946,2.799861414494034,2.7965558119234544,3.2218500700128803,3.6668471909669154,2.961561822212579,4.3804702075835795,4.461471355382232,4.616072614411244,3.8202399054469303,3.7679952886153325,5.404069631855546,3.5926219996774336,4.707621294470599,4.4358807313133335,4.22411221786383,4.1295964591071,3.643854114174718,4.2932616837504884,4.675982783306396,3.820493967525711,4.942430900515343,3.837960051429169,2.8243390601533167,3.2751531222437915,4.662152379681521,4.029839985801662,5.200787074528185,4.654890255097896,3.9948579463102436,3.998790535317823,3.0673472868954255,6.921106095763884,2.883053196514207,1.8928308283706743,4.895654747857165,4.757459879563223,3.8568991600722016,2.9952303574302523,2.9290128734817094,5.466847164729378,4.102981161891528,3.3859422766993115,2.7917084126398035,4.424598600334695,4.517605842099698,3.3874761912930635,4.685110514591782,4.280312938654986,3.4995563114037593,4.239269020814769,3.167175545664709,4.0955653177454705,3.9020836898811133,0.0,2.6215954691939425,3.540113221782728,8.223427138943391,4.107831648070985,4.59756452737042,3.7540247628202024
Thoppur,5.952918445501932,5.543525563482391,5.013546096297037,5.150214842440077,4.365106775163242,2.563340574466071,2.097738030599573,3.2474166818005714,4.9470756836281895,4.74484889068145,4.557385477090031,4.59156725834404,4.092076997119274,5.39533734486849,4.63749939559404,3.9458577337025145,4.878375804551602,4.837776654143806,5.032174260331603,4.724891735448012,4.775244140276413,3.8193763160959806,5.471906222592016,3.9913502324411554,4.239689455800388,4.021521942459908,2.2108292358295913,5.898966249949455,4.948248247385575,3.601796721981247,2.530883678163018,2.5323885444217824,4.273149156870981,4.345610012816917,4.2813200519563575,4.715783739398431,5.585905403374766,5.531651088825637,4.882866029474426,4.663705064411602,3.8179808078519546,2.0244663251675363,5.415078998180731,5.140744503469416,4.095740654008917,4.937404989163987,4.354400977585272,4.762900543761894,5.594729344811152,4.56156245542664,2.9746256895557743,3.3491152916340012,3.934306778335079,3.1650063571268645,4.855444350272195,4.677212562055374,5.959677198707004,5.529731097284953,3.0463521838692262,4.949212619287327,3.160133399091102,7.61466996314111,3.919367334060118,3.517330892101745,4.787895865024548,4.880631378038995,4.987337976263263,2.459748563136758,4.179340672991245,6.506973142594532,4.546750955956363,3.0544430964772067,3.9154327041002293,5.556908529004659,4.588455732716937,3.595956687554817,5.269745220062044,5.0616336672466,3.9477971898261663,5.110357804614002,3.2560615826311556,4.390095847298737,4.527486417261983,2.6215954691939425,0.0,2.7642806661432355,7.0070305498662036,3.3108410668083477,3.6060700119154427,4.7015702433061675
Thumpamon,7.072041185292269,6.804974429730987,5.791032538195649,6.085808248953215,5.7840888434013245,2.3743487234884735,1.9932355991965494,2.2974864942626065,6.873129712483624,6.226975091845235,6.228022933612565,6.449647126509155,5.858391308715292,6.526809438899407,6.3292860496231125,5.241771674653671,6.886782088690548,6.106301294559467,6.782159466277504,6.668461245386831,4.967305098828858,5.20594250081435,7.082119606412416,5.825683122061949,6.100276281210685,5.542271164009594,3.7301044538680093,7.144446165244903,6.242570382128775,4.851489407693312,2.0287449713474097,1.49865304368531,5.146177394848739,6.194196327282138,5.509381789397714,6.41380347187412,6.390491308522515,6.7622587924804645,6.269099743693787,6.311842386439093,4.838422065127573,3.1734200748292603,6.938846956254192,6.538651780935283,5.091463084819234,6.110463854350608,5.8159485785902545,6.254144816496353,7.182163047249996,6.080463385662428,4.4996864561994245,4.402759141753434,3.3572725701186705,1.7623880050201135,6.609072179510968,6.232294795376237,6.992754578696133,6.78263500204553,4.646358731310478,6.268999308419675,4.538104108594348,7.654424889629005,5.335171616670524,4.424434654219933,6.769125259148523,6.55152606421961,6.395703118990835,3.2341959158706524,5.311203346055726,7.430615728049408,5.857622950150886,4.079506412219318,5.012934589537816,6.73516004952108,6.420752138929125,4.942024740222882,5.702537619782907,5.982240878898999,5.671417175683081,6.2977093080425055,4.507142344915897,6.413453711869714,4.38315426654144,3.540113221782728,2.7642806661432355,0.0,7.202743213294929,4.703523172580217,4.6470213977291,6.2458196996914515
Tuichang,8.232643106719797,7.0487559374796485,7.89347875057742,9.382136205700508,6.953776938605865,7.005600067577589,6.959752456846726,6.537637168235644,8.711414866468573,7.0940290086636555,7.516089571227184,7.362791830696581,7.763300622504661,9.198811670932129,7.61649218707442,8.339967481774131,8.699242176668303,8.3603700677407,8.45271232526911,6.770566061180563,8.840330433179611,8.164238552870215,7.821246468894391,7.810721275469353,8.654064035724673,8.389358109401003,7.0177747987791665,6.787899401148595,7.407647187699866,7.434974906485777,7.669980083279163,7.740574444374171,8.061469060962352,9.20819512672808,8.586111151991833,7.083171754146396,7.28464441111491,9.194618153216036,8.512854005799369,9.3693517526649,6.450399818765394,6.069572698099721,8.601180842145387,7.0556365215504595,7.3615446589662845,8.261677417739222,8.293501413202428,6.88112659653165,8.353212937624077,8.382127612787302,5.9841344636754705,5.400268084125843,8.130453412896582,7.152333311178093,8.48351690081542,7.357127823406454,8.645756649469652,9.133562544407386,7.130626271963479,7.5325009244748955,7.492282069407311,9.523450528936422,8.3910611469559,8.376805531105992,6.733214523195241,6.76237462203609,9.032229500019179,6.802081707800837,8.858031680763455,8.586794568306445,8.494213957341133,7.199997691534591,8.014507163254779,8.82232165023846,7.0226503664509625,7.477129488376626,8.17140459705,8.414211025270609,8.204557533137608,8.167138706411086,7.49940040474875,7.806055163713802,8.78912179362464,8.223427138943391,7.0070305498662036,7.202743213294929,0.0,5.0222824600889435,6.618144943691503,8.292486146593882
Tulaghat,4.261695754944091,3.2039873499748746,5.337639640197845,5.072645660846573,2.676690330228342,4.333907615307049,4.319936370722543,4.6592451027456345,4.327333051538697,2.7040431059001158,2.9448691361233235,2.9723864484460227,3.427154645255004,4.629732207058779,3.1815949288770584,3.8862841379074164,4.339113597192234,4.076187062469758,4.025109247673532,2.8236674858080812,5.494318588685902,3.5168433332262814,3.867305262692051,3.379445438657008,3.9257278406165885,3.685331546439607,3.258029745472355,3.5297983845575795,3.6046597281907546,4.418251510032766,4.534135424833276,4.637526534539012,4.210669407660242,4.610218100640254,3.9164021226824888,2.790866293814244,3.6165286867749797,4.759736067323305,3.8948957494656042,4.920445273709285,4.265601155300285,3.3822715030220456,4.253892887128844,2.9815050128846985,4.687026359256617,4.343023121119145,3.8057696147801163,2.58076758351951,4.019575723156492,3.817712659076203,2.9578391683371175,1.8683151284059363,5.133053557682375,4.639760124770432,4.104239279721298,2.8226753014503743,4.658976995799941,4.719081965100926,4.280482560182046,3.1521979671857316,3.6431023570580234,7.493416019352137,3.6676925015172324,4.009315271672169,2.7795878925190025,2.8327149367049156,4.643840825764103,3.9172954326343117,4.405369664708504,4.924092831627794,4.82862840324705,3.1562849282675187,3.927047059997851,4.64870477584348,2.8173171990281713,4.067759558449002,5.5678593051185965,5.238401487222488,4.015393561565461,3.8951007790706633,3.721150072677732,3.3464223933651103,5.964079451660414,4.107831648070985,3.3108410668083477,4.703523172580217,5.0222824600889435,0.0,3.785984700842248,3.8168410295394297
Warunji,5.260628240313241,5.662472264311608,3.4993098630263586,5.826886079541925,5.430667467197606,4.277920379789085,4.281784659525836,4.275626540975725,4.651595331497228,4.8460610640767605,5.004734147847183,4.211089690393807,3.3654239889514272,5.302373275447504,4.318121505098244,4.549742390147274,4.630751137698047,4.606387679172947,4.291980876618244,4.274369588939,5.297375401499011,5.017718802259216,6.069628058297028,3.357291913358871,4.849339942185707,4.647563905413628,3.089288905715371,5.129489025699687,3.9209025971790026,2.5259490653878887,4.036104486923137,4.394094287372996,4.381905911556426,5.8910578307452095,5.16896389000928,4.915009569479999,5.953363241344036,4.895529393826634,4.886457508821088,6.2533503983981324,1.6599797845708166,2.62695338534945,4.455170976487631,5.058082459150962,2.5959577781892156,4.265409623408131,4.486213630572502,4.908992440934092,5.581832084389833,4.772634817562186,4.393287088339752,3.4898907787817803,5.0656729172213835,4.49285721380825,4.354569387958615,4.87636474671192,4.861252691695724,4.853980044144917,2.454248037620068,5.314388575340747,2.319262537255084,6.612551132688616,4.91611488181431,5.148917898188995,4.408684219706517,4.013178588827033,5.464457972724562,3.1071786481672468,5.868940473871788,5.54894400157591,3.1051936781296847,3.21754844166779,4.008085012830995,5.2248487110002255,5.059334486804844,2.713521180620892,4.308930257994877,4.040161594579668,3.1155357446666687,4.661340519620973,2.306350398746833,4.121335336043277,6.6544243578687485,4.59756452737042,3.6060700119154427,4.6470213977291,6.618144943691503,3.785984700842248,0.0,4.180279373625277
Zari,2.0921140363180006,3.0044665199821825,4.640146742667478,3.3496103250319202,3.6062155679230616,5.495046292477429,5.796218713453641,6.164831842224613,2.8024540865413345,2.076786196980662,1.9871815029399096,1.8891285030600062,1.8431934339020999,2.2687486355262347,1.955532183112094,3.0382017791493063,2.962898810175346,1.8629441814815422,2.0879071172042933,2.5339798964549125,4.79517483628738,2.7240690186775613,3.8181285384911785,1.6933949629603313,2.108336375691958,1.7891549740887245,3.3993803842851578,3.1474808336523235,3.4216548863136107,3.884962779257488,5.312362080437024,5.564981920304388,3.227435417687226,3.871683965685947,2.5469556396348105,2.7380740336279166,3.3972253206704197,2.2146855059487147,1.5564256418031595,4.195931959027706,5.344132308720996,4.854458271241441,1.4234903253367592,2.4160990900796517,4.289400657085951,2.6940820759323354,2.3476547719459293,2.5104498402294073,2.100214713427596,2.2853460556112246,5.6807194928741875,3.728733408464276,5.305871669926869,5.830644031715592,2.6670816465207814,2.0138822068712896,2.7621866021020804,2.2178954671415703,4.513900983312911,2.3936800864724943,2.7481678266978413,6.812684657975395,2.679830108009296,3.355319621764871,2.805807497579558,2.159977758116569,2.971976559108938,4.587461047582259,3.6959396259182022,2.987256305394396,3.1053657540183224,3.60537250111065,2.5744785696206067,2.5474500204472603,3.3001736081374236,3.2184076438247717,4.90710658203689,3.816263945944946,1.937306619942513,2.0242642634631896,2.843995835887926,1.6857813581011427,6.563463701003706,3.7540247628202024,4.7015702433061675,6.2458196996914515,8.292486146593882,3.8168410295394297,4.180279373625277,0.0
