station,year,n_obs,max_discharge_cumec,max_discharge_date,max_discharge_doy,mean_discharge_cumec,min_discharge_cumec
River Water Discharge_ bhamgarh,2019,184,1262.13,29-Jul-2019,210,78.37,0.61
River Water Discharge_ bhamgarh,2020,361,957.0,02-Sep-2020,246,59.57,0.0
River Water Discharge_ bhamgarh,2021,365,102.46,16-Sep-2021,259,6.24,0.0
River Water Discharge_ bhamgarh,2022,365,610.5,14-Jul-2022,195,32.18,0.0
River Water Discharge_ bhamgarh,2023,365,725.0,09-Sep-2023,252,20.93,0.0
River Water Discharge_ bhamgarh,2024,366,280.0,03-Sep-2024,247,30.2,0.0
River Water Discharge_ bhamgarh,2025,258,142.69,29-Aug-2025,241,10.63,0.0
River Water Discharge_ sandia,1978,275,8760.0,16-Aug-1978,228,728.8,0.0
River Water Discharge_ sandia,1979,365,5643.9,11-Aug-1979,223,173.14,27.0
River Water Discharge_ sandia,1980,366,16400.0,30-Aug-1980,243,660.7,8.7
River Water Discharge_ sandia,1981,365,3850.0,16-Aug-1981,228,261.37,5.3
River Water Discharge_ sandia,1982,365,6561.0,20-Aug-1982,232,354.53,3.0
River Water Discharge_ sandia,1983,365,14500.0,09-Sep-1983,252,462.45,14.3
River Water Discharge_ sandia,1984,366,16500.0,19-Aug-1984,232,420.39,14.0
River Water Discharge_ sandia,1985,365,7600.0,09-Aug-1985,221,365.53,12.6
River Water Discharge_ sandia,1986,365,5350.0,23-Jul-1986,204,333.54,17.0
River Water Discharge_ sandia,1987,365,12466.0,17-Sep-1987,260,244.15,15.33
River Water Discharge_ sandia,1988,366,12600.0,05-Aug-1988,218,481.92,11.54
River Water Discharge_ sandia,1989,365,6600.0,07-Aug-1989,219,228.61,9.29
River Water Discharge_ sandia,1990,365,7300.0,22-Sep-1990,265,716.65,21.4
River Water Discharge_ sandia,1991,365,19700.0,25-Aug-1991,237,549.92,58.0
River Water Discharge_ sandia,1992,366,9600.0,13-Sep-1992,257,409.64,44.91
River Water Discharge_ sandia,1993,365,7300.0,16-Jul-1993,197,445.51,32.13
River Water Discharge_ sandia,1994,365,17275.0,22-Jul-1994,203,1196.53,42.92
River Water Discharge_ sandia,1995,365,10040.0,11-Aug-1995,223,506.21,105.0
River Water Discharge_ sandia,1996,366,2210.0,27-Jul-1996,209,275.27,36.0
River Water Discharge_ sandia,1997,365,6900.0,25-Jul-1997,206,488.4,33.68
River Water Discharge_ sandia,1998,365,4550.0,16-Sep-1998,259,466.11,144.0
River Water Discharge_ sandia,1999,365,24500.0,19-Sep-1999,262,1013.51,21.5
River Water Discharge_ sandia,2000,349,5390.0,29-Jul-2000,211,311.62,47.11
River Water Discharge_ sandia,2001,363,5360.0,15-Jul-2001,196,415.54,38.0
River Water Discharge_ sandia,2002,358,11120.0,19-Aug-2002,231,367.54,76.81
River Water Discharge_ sandia,2003,354,9440.0,15-Sep-2003,258,676.1,45.0
River Water Discharge_ sandia,2004,362,10600.0,23-Aug-2004,236,440.02,74.33
River Water Discharge_ sandia,2005,360,8834.88,01-Aug-2005,213,695.79,22.57
River Water Discharge_ sandia,2006,361,8846.9,14-Aug-2006,226,453.92,14.14
River Water Discharge_ sandia,2007,358,4110.91,08-Jul-2007,189,306.22,39.44
River Water Discharge_ sandia,2008,348,5499.45,02-Aug-2008,215,298.82,34.29
River Water Discharge_ sandia,2009,360,25288.18,10-Sep-2009,253,385.95,51.46
River Water Discharge_ sandia,2010,351,1890.74,05-Sep-2010,248,270.72,47.75
River Water Discharge_ sandia,2011,363,8982.61,09-Sep-2011,252,688.32,67.92
River Water Discharge_ sandia,2012,366,7421.63,07-Aug-2012,220,439.18,29.29
River Water Discharge_ sandia,2013,365,16259.29,23-Aug-2013,235,882.96,51.02
River Water Discharge_ sandia,2014,365,4602.13,08-Aug-2014,220,347.75,65.45
River Water Discharge_ sandia,2015,324,2982.3,05-Aug-2015,217,220.14,68.91
River Water Discharge_ sandia,2016,337,6517.6,09-Aug-2016,222,502.18,40.26
River Water Discharge_ sandia,2017,365,1625.4,21-Jul-2017,202,151.51,36.0
River Water Discharge_ sandia,2018,350,4249.0,01-Sep-2018,244,314.5,0.0
River Water Discharge_ sandia,2019,580,13200.0,10-Sep-2019,253,903.61,28.0
River Water Discharge_ sandia,2020,732,22850.0,30-Aug-2020,243,574.47,65.3
River Water Discharge_ sandia,2021,916,1555.5,24-Sep-2021,267,245.67,50.5
River Water Discharge_ sandia,2022,850,14330.0,23-Aug-2022,235,516.65,0.0
River Water Discharge_ sandia,2023,787,10816.0,06-Aug-2023,218,572.03,55.81
River Water Discharge_ sandia,2024,518,11510.1,13-Sep-2024,257,469.16,77.87
River Water Discharge_ sandia,2025,253,11638.7,09-Jul-2025,190,754.16,61.25
River Water Discharge_A.p.puram,2011,210,21.64,27-Nov-2011,331,0.14,0.0
River Water Discharge_A.p.puram,2012,366,0.09,22-Mar-2012,82,0.03,0.0
River Water Discharge_A.p.puram,2013,360,0.04,21-Oct-2013,294,0.0,0.0
River Water Discharge_A.p.puram,2014,340,26.51,08-May-2014,128,0.12,0.0
River Water Discharge_A.p.puram,2015,346,67.53,24-Nov-2015,328,1.35,0.0
River Water Discharge_A.p.puram,2016,152,3.86,01-Jan-2016,1,0.17,0.05
River Water Discharge_A.p.puram,2017,31,0.0,06-Feb-2017,37,0.0,0.0
River Water Discharge_A.p.puram,2018,2,7.82,24-Oct-2018,297,6.66,5.5
River Water Discharge_A.p.puram,2019,15,21.2,02-Dec-2019,336,6.5,1.77
River Water Discharge_A.p.puram,2021,63,258.07,30-Nov-2021,334,30.38,0.0
River Water Discharge_A.p.puram,2022,12,0.33,02-Mar-2022,61,0.2,0.13
River Water Discharge_A.p.puram,2023,12,399.8,18-Dec-2023,352,56.7,0.11
River Water Discharge_A.p.puram,2024,35,359.44,13-Dec-2024,348,17.26,0.02
River Water Discharge_A.p.puram,2025,2,5.16,27-Jun-2025,178,2.62,0.08
River Water Discharge_Abna at khandwa,2019,214,5.55,29-Jul-2019,210,1.34,0.0
River Water Discharge_Abna at khandwa,2020,366,2.39,22-Aug-2020,235,0.18,0.0
River Water Discharge_Abna at khandwa,2021,365,35.0,10-Jun-2021,161,0.93,0.0
River Water Discharge_Abna at khandwa,2022,363,155.0,12-Sep-2022,255,13.05,0.0
River Water Discharge_Abna at khandwa,2023,365,145.0,09-Sep-2023,252,4.39,0.0
River Water Discharge_Abna at khandwa,2024,411,11.67,15-Oct-2024,289,1.1,0.0
River Water Discharge_Abna at khandwa,2025,258,10.53,07-Sep-2025,250,0.13,0.0
River Water Discharge_Adityapur,1971,40,36.6,22-Nov-1971,326,15.95,9.0
River Water Discharge_Adityapur,1972,366,1710.6,14-Aug-1972,227,64.42,0.0
River Water Discharge_Adityapur,1973,320,3431.0,12-Oct-1973,285,140.07,0.1
River Water Discharge_Adityapur,1974,364,5812.4,30-Sep-1974,273,76.76,0.5
River Water Discharge_Adityapur,1975,365,6415.8,20-Aug-1975,232,105.89,0.4
River Water Discharge_Adityapur,1976,366,1690.0,12-Sep-1976,256,58.5,0.06
River Water Discharge_Adityapur,1977,365,3020.0,07-Aug-1977,219,139.15,0.5
River Water Discharge_Adityapur,1978,365,895.7,27-Jun-1978,178,28.36,1.0
River Water Discharge_Adityapur,1979,365,650.0,08-Aug-1979,220,19.89,0.2
River Water Discharge_Adityapur,1980,365,524.7,03-Jul-1980,185,50.18,0.08
River Water Discharge_Adityapur,1981,365,1882.71,22-Jun-1981,173,66.86,0.31
River Water Discharge_Adityapur,1982,365,819.21,07-Aug-1982,219,47.17,0.37
River Water Discharge_Adityapur,1983,365,2081.4,05-Sep-1983,248,80.46,0.46
River Water Discharge_Adityapur,1984,366,2959.04,27-Aug-1984,240,151.64,0.64
River Water Discharge_Adityapur,1985,365,4531.67,17-Oct-1985,290,125.18,0.46
River Water Discharge_Adityapur,1986,365,614.53,05-Aug-1986,217,62.32,0.82
River Water Discharge_Adityapur,1987,365,1334.54,20-Jul-1987,201,67.28,0.57
River Water Discharge_Adityapur,1988,366,1231.23,04-Aug-1988,217,67.44,0.47
River Water Discharge_Adityapur,1989,365,2500.0,05-Aug-1989,217,85.43,0.06
River Water Discharge_Adityapur,1990,365,2137.48,04-Sep-1990,247,151.55,1.11
River Water Discharge_Adityapur,1991,365,3517.0,23-Aug-1991,235,67.99,1.22
River Water Discharge_Adityapur,1992,366,770.0,27-Sep-1992,271,43.24,1.0
River Water Discharge_Adityapur,1993,365,1000.1,15-Aug-1993,227,87.41,1.1
River Water Discharge_Adityapur,1994,365,4101.0,04-Aug-1994,216,196.52,1.09
River Water Discharge_Adityapur,1995,364,2340.0,09-Aug-1995,221,119.24,0.67
River Water Discharge_Adityapur,1996,366,2692.0,26-Jul-1996,208,95.5,0.49
River Water Discharge_Adityapur,1997,364,6700.0,06-Aug-1997,218,144.23,0.18
River Water Discharge_Adityapur,1998,365,1200.0,13-Sep-1998,256,59.83,2.67
River Water Discharge_Adityapur,1999,365,3300.0,08-Aug-1999,220,139.08,0.77
River Water Discharge_Adityapur,2000,366,933.66,26-Jul-2000,208,46.74,1.23
River Water Discharge_Adityapur,2001,365,3969.88,12-Jul-2001,193,120.43,0.86
River Water Discharge_Adityapur,2002,365,938.51,11-Sep-2002,254,58.69,0.71
River Water Discharge_Adityapur,2003,364,556.81,09-Oct-2003,282,51.08,1.39
River Water Discharge_Adityapur,2004,366,2828.2,21-Aug-2004,234,65.43,1.55
River Water Discharge_Adityapur,2005,365,1041.06,30-Jun-2005,181,37.9,1.61
River Water Discharge_Adityapur,2006,364,5180.0,30-Jul-2006,211,121.02,2.0
River Water Discharge_Adityapur,2007,365,3878.55,20-Aug-2007,232,144.38,2.76
River Water Discharge_Adityapur,2008,366,5855.72,18-Jun-2008,170,111.16,3.74
River Water Discharge_Adityapur,2009,365,1848.3,08-Sep-2009,251,70.57,2.0
River Water Discharge_Adityapur,2010,365,139.67,20-Sep-2010,263,8.13,1.88
River Water Discharge_Adityapur,2011,365,2400.0,23-Sep-2011,266,100.72,0.86
River Water Discharge_Adityapur,2012,365,967.64,22-Jun-2012,174,68.7,2.65
River Water Discharge_Adityapur,2013,364,3033.29,20-Sep-2013,263,150.66,1.49
River Water Discharge_Adityapur,2014,365,1931.17,21-Jul-2014,202,97.24,5.53
River Water Discharge_Adityapur,2015,365,2030.47,29-Jul-2015,210,54.61,1.88
River Water Discharge_Adityapur,2016,360,3496.07,18-Aug-2016,231,101.77,1.85
River Water Discharge_Adityapur,2017,362,3589.65,24-Jul-2017,205,119.44,2.81
River Water Discharge_Adityapur,2018,352,907.42,07-Aug-2018,219,79.9,2.5
River Water Discharge_Adityapur,2019,354,1111.86,19-Aug-2019,231,83.92,1.88
River Water Discharge_Adityapur,2020,327,1022.73,27-Aug-2020,240,89.27,5.12
River Water Discharge_Adityapur,2021,365,3345.06,27-May-2021,147,159.97,5.19
River Water Discharge_Adityapur,2022,365,2000.0,21-Aug-2022,233,83.17,3.22
River Water Discharge_Adityapur,2023,365,1456.9,03-Aug-2023,215,88.56,1.17
River Water Discharge_Adityapur,2024,366,3244.19,17-Sep-2024,261,90.79,0.0
River Water Discharge_Adityapur,2025,212,2572.0,27-Jul-2025,208,184.86,0.98
River Water Discharge_Adkasthala,2019,155,205.99,09-Sep-2019,252,26.85,0.0
River Water Discharge_Adkasthala,2020,194,229.05,08-Aug-2020,221,27.5,0.0
River Water Discharge_Adkasthala,2021,231,127.09,16-Jul-2021,197,22.8,0.0
River Water Discharge_Adkasthala,2022,275,230.1,10-Jul-2022,191,24.09,0.0
River Water Discharge_Adkasthala,2023,318,157.09,25-Jul-2023,206,13.2,0.0
River Water Discharge_Adkasthala,2024,230,184.52,01-Aug-2024,214,28.49,0.0
River Water Discharge_Adkasthala,2025,37,76.27,28-Jun-2025,179,8.01,0.0
River Water Discharge_Akkalpada,2018,122,0.0,01-Jan-2018,1,0.0,0.0
River Water Discharge_Akkalpada,2019,306,1563.3,09-Aug-2019,221,43.12,0.0
River Water Discharge_Akkalpada,2020,184,240.09,16-Aug-2020,229,29.84,0.0
River Water Discharge_Akkalpada,2021,306,113.25,02-Oct-2021,275,4.57,0.0
River Water Discharge_Akkalpada,2022,60,0.0,01-Jun-2022,152,0.0,0.0
River Water Discharge_Akkalpada,2023,306,56.62,05-Aug-2023,217,4.16,0.0
River Water Discharge_Akkihebbal,2002,338,242.0,27-Apr-2002,117,13.28,2.22
River Water Discharge_Akkihebbal,2003,350,170.0,06-Oct-2003,279,7.43,0.0
River Water Discharge_Akkihebbal,2004,347,194.7,19-Oct-2004,293,21.02,1.16
River Water Discharge_Akkihebbal,2005,361,1438.0,02-Aug-2005,214,61.61,1.78
River Water Discharge_Akkihebbal,2006,347,1386.0,18-Aug-2006,230,64.35,2.6
River Water Discharge_Akkihebbal,2007,358,859.7,07-Aug-2007,219,64.58,1.4
River Water Discharge_Akkihebbal,2008,365,1480.0,14-Aug-2008,227,51.35,2.16
River Water Discharge_Akkihebbal,2009,365,638.89,20-Jul-2009,201,45.18,1.09
River Water Discharge_Akkihebbal,2010,356,290.2,13-Nov-2010,317,33.89,1.19
River Water Discharge_Akkihebbal,2011,354,381.95,05-Sep-2011,248,42.85,1.03
River Water Discharge_Akkihebbal,2012,362,234.4,07-Oct-2012,281,15.7,0.84
River Water Discharge_Akkihebbal,2013,356,2185.0,03-Aug-2013,215,41.87,0.0
River Water Discharge_Akkihebbal,2014,357,634.19,07-Aug-2014,219,30.39,0.62
River Water Discharge_Akkihebbal,2015,353,159.25,25-Aug-2015,237,18.57,0.11
River Water Discharge_Akkihebbal,2016,260,215.94,10-Sep-2016,254,14.91,0.0
River Water Discharge_Akkihebbal,2017,204,101.7,28-Sep-2017,271,11.62,0.19
River Water Discharge_Akkihebbal,2018,275,436.95,24-Jul-2018,205,26.53,0.0
River Water Discharge_Akkihebbal,2019,158,220.51,13-Sep-2019,256,45.7,0.17
River Water Discharge_Akkihebbal,2020,236,165.53,19-Aug-2020,232,23.74,1.6
River Water Discharge_Akkihebbal,2021,132,190.52,15-Nov-2021,319,45.73,1.42
River Water Discharge_Akkihebbal,2022,336,2073.0,10-Aug-2022,222,125.6,1.15
River Water Discharge_Akkihebbal,2023,323,109.53,07-Nov-2023,311,16.56,0.83
River Water Discharge_Akkihebbal,2024,256,213.77,30-Aug-2024,243,35.75,0.57
River Water Discharge_Akkihebbal,2025,162,227.87,09-Jul-2025,190,22.83,1.83
River Water Discharge_Alandurai,2017,42,2.81,07-Nov-2017,311,0.22,0.0
River Water Discharge_Alandurai,2018,61,1.97,03-Nov-2018,307,0.94,0.33
River Water Discharge_Alandurai,2019,211,86.33,09-Aug-2019,221,5.26,0.16
River Water Discharge_Alandurai,2020,245,109.51,06-Aug-2020,219,4.78,0.0
River Water Discharge_Alandurai,2021,262,40.0,17-Oct-2021,290,3.37,0.28
River Water Discharge_Alandurai,2022,316,101.59,08-Aug-2022,220,4.29,0.0
River Water Discharge_Alandurai,2023,262,27.41,09-Nov-2023,313,0.87,0.0
River Water Discharge_Alandurai,2024,265,45.1,17-Jul-2024,199,2.51,0.11
River Water Discharge_Alandurai,2025,82,21.82,26-Jun-2025,177,3.04,1.1
River Water Discharge_Alladupalli,1985,133,1005.0,08-Oct-1985,281,39.37,2.3
River Water Discharge_Alladupalli,1986,365,359.8,21-Sep-1986,264,11.75,0.0
River Water Discharge_Alladupalli,1987,365,869.9,15-Aug-1987,227,35.94,0.0
River Water Discharge_Alladupalli,1988,366,1728.0,30-Aug-1988,243,66.58,0.0
River Water Discharge_Alladupalli,1989,365,1355.0,17-Jul-1989,198,37.18,0.0
River Water Discharge_Alladupalli,1990,365,1483.0,03-Oct-1990,276,40.85,0.0
River Water Discharge_Alladupalli,1991,365,737.8,09-Jul-1991,190,35.96,0.0
River Water Discharge_Alladupalli,1992,366,521.5,08-Jul-1992,190,24.06,0.0
River Water Discharge_Alladupalli,1993,365,770.5,26-Jul-1993,207,33.09,0.0
River Water Discharge_Alladupalli,1994,365,1839.0,07-Oct-1994,280,23.49,0.0
River Water Discharge_Alladupalli,1995,365,427.6,30-Aug-1995,242,23.64,0.0
River Water Discharge_Alladupalli,1996,366,2029.0,03-Oct-1996,277,89.88,0.0
River Water Discharge_Alladupalli,1997,365,763.0,02-Oct-1997,275,39.31,0.0
River Water Discharge_Alladupalli,1998,365,1523.0,12-Oct-1998,285,88.52,0.0
River Water Discharge_Alladupalli,1999,365,519.9,21-Aug-1999,233,35.71,0.0
River Water Discharge_Alladupalli,2000,366,4916.4,24-Aug-2000,237,113.58,0.0
River Water Discharge_Alladupalli,2001,346,2758.0,18-Oct-2001,291,52.65,0.0
River Water Discharge_Alladupalli,2002,365,507.8,15-Oct-2002,288,12.72,0.0
River Water Discharge_Alladupalli,2003,365,560.9,23-Oct-2003,296,8.22,0.0
River Water Discharge_Alladupalli,2004,366,682.7,07-Oct-2004,281,43.2,0.0
River Water Discharge_Alladupalli,2005,350,1754.0,30-Oct-2005,303,102.34,0.0
River Water Discharge_Alladupalli,2006,355,646.1,17-Sep-2006,260,55.46,0.0
River Water Discharge_Alladupalli,2007,350,2752.0,24-Jun-2007,175,89.48,0.0
River Water Discharge_Alladupalli,2008,326,442.86,09-Sep-2008,253,30.13,0.0
River Water Discharge_Alladupalli,2009,325,2667.34,06-Oct-2009,279,63.81,0.0
River Water Discharge_Alladupalli,2010,360,854.72,26-Aug-2010,238,89.54,2.37
River Water Discharge_Alladupalli,2011,364,1224.38,21-Aug-2011,233,75.84,1.27
River Water Discharge_Alladupalli,2012,349,365.94,05-Sep-2012,249,21.39,0.22
River Water Discharge_Alladupalli,2013,336,1243.66,18-Aug-2013,230,82.75,0.0
River Water Discharge_Alladupalli,2014,361,1103.67,19-Sep-2014,262,107.86,0.0
River Water Discharge_Alladupalli,2015,354,257.86,12-Sep-2015,255,8.71,0.0
River Water Discharge_Alladupalli,2016,354,1126.0,01-Sep-2016,245,76.94,0.0
River Water Discharge_Alladupalli,2017,359,1529.0,17-Oct-2017,290,98.23,0.0
River Water Discharge_Alladupalli,2018,356,890.3,19-Sep-2018,262,89.7,0.23
River Water Discharge_Alladupalli,2019,351,3742.0,18-Sep-2019,261,179.91,0.0
River Water Discharge_Alladupalli,2020,366,2147.89,28-Sep-2020,272,225.38,0.0
River Water Discharge_Alladupalli,2021,365,998.0,21-Nov-2021,325,197.73,8.4
River Water Discharge_Alladupalli,2022,362,1229.5,14-Oct-2022,287,179.22,5.4
River Water Discharge_Alladupalli,2023,309,1043.46,04-Sep-2023,247,32.87,0.05
River Water Discharge_Alladupalli,2024,198,759.28,03-Sep-2024,247,237.65,0.51
River Water Discharge_Alladupalli,2025,102,73.87,25-Jan-2025,25,29.12,4.62
River Water Discharge_Allam vari ghanapur (1),2017,83,23.63,07-Aug-2017,219,5.79,0.0
River Water Discharge_Allam vari ghanapur (1),2018,183,47.11,28-Aug-2018,240,3.46,0.0
River Water Discharge_Allam vari ghanapur (1),2019,47,2.27,29-Jan-2019,29,0.76,0.43
River Water Discharge_Allam vari ghanapur,2017,90,17.34,11-Oct-2017,284,2.18,0.0
River Water Discharge_Allam vari ghanapur,2018,59,95.36,02-Jan-2018,2,5.14,0.0
River Water Discharge_Allam vari ghanapur,2019,211,906.8,08-Aug-2019,220,43.61,0.38
River Water Discharge_Allam vari ghanapur,2020,360,1100.0,16-Aug-2020,229,33.19,0.0
River Water Discharge_Allam vari ghanapur,2021,359,887.92,23-Jul-2021,204,21.45,0.0
River Water Discharge_Allam vari ghanapur,2022,351,926.19,13-Jul-2022,194,31.72,0.0
River Water Discharge_Allam vari ghanapur,2023,346,1500.0,28-Jul-2023,209,20.44,0.0
River Water Discharge_Allam vari ghanapur,2024,320,662.6,02-Sep-2024,246,17.7,0.0
River Water Discharge_Allam vari ghanapur,2025,226,572.21,28-Aug-2025,240,19.81,0.0
River Water Discharge_Altuma,1990,99,263.1,28-Aug-1990,240,42.75,6.7
River Water Discharge_Altuma,1991,123,750.6,22-Jul-1991,203,68.42,1.18
River Water Discharge_Altuma,1992,72,296.9,10-Sep-1992,254,29.82,0.7
River Water Discharge_Altuma,1993,276,791.2,15-Aug-1993,227,29.19,0.5
River Water Discharge_Altuma,1994,301,329.4,17-Aug-1994,229,32.71,0.6
River Water Discharge_Altuma,1995,259,333.17,09-Aug-1995,221,22.31,0.95
River Water Discharge_Altuma,1996,365,500.66,22-Jun-1996,174,15.22,0.62
River Water Discharge_Altuma,1997,365,922.32,06-Aug-1997,218,21.84,0.55
River Water Discharge_Altuma,1998,365,377.14,03-Jul-1998,184,11.92,0.59
River Water Discharge_Altuma,1999,365,500.0,31-Oct-1999,304,31.79,1.36
River Water Discharge_Altuma,2000,366,392.54,31-Aug-2000,244,10.66,0.52
River Water Discharge_Altuma,2001,365,475.38,09-Jul-2001,190,29.22,0.37
River Water Discharge_Altuma,2002,365,102.54,06-Sep-2002,249,9.94,0.8
River Water Discharge_Altuma,2003,365,581.53,07-Sep-2003,250,34.21,0.8
River Water Discharge_Altuma,2004,366,250.28,13-Aug-2004,226,9.48,0.96
River Water Discharge_Altuma,2005,365,758.44,31-Jul-2005,212,25.89,0.16
River Water Discharge_Altuma,2006,365,531.15,23-Aug-2006,235,18.13,1.2
River Water Discharge_Altuma,2007,365,543.04,24-Sep-2007,267,24.29,0.67
River Water Discharge_Altuma,2008,366,536.82,18-Sep-2008,262,20.53,0.78
River Water Discharge_Altuma,2009,365,892.68,21-Jul-2009,202,20.71,0.8
River Water Discharge_Altuma,2010,365,243.79,30-Jun-2010,181,8.34,0.58
River Water Discharge_Altuma,2011,365,832.04,23-Sep-2011,266,26.68,0.79
River Water Discharge_Altuma,2012,366,460.77,11-Sep-2012,255,16.43,0.0
River Water Discharge_Altuma,2013,365,399.38,10-Oct-2013,283,23.15,0.79
River Water Discharge_Altuma,2014,365,783.47,05-Aug-2014,217,23.24,0.62
River Water Discharge_Altuma,2015,365,241.34,29-Jul-2015,210,10.18,1.07
River Water Discharge_Altuma,2016,350,303.08,16-Aug-2016,229,15.23,0.0
River Water Discharge_Altuma,2017,354,61.62,03-Aug-2017,215,9.59,0.51
River Water Discharge_Altuma,2018,365,384.22,22-Sep-2018,265,20.46,0.59
River Water Discharge_Altuma,2019,388,451.51,26-Sep-2019,269,18.98,1.06
River Water Discharge_Altuma,2020,339,1585.84,27-Aug-2020,240,33.17,1.08
River Water Discharge_Altuma,2021,365,899.69,14-Sep-2021,257,15.77,0.6
River Water Discharge_Altuma,2022,365,272.0,15-Aug-2022,227,10.75,0.72
River Water Discharge_Altuma,2023,365,255.0,23-Sep-2023,266,14.42,0.53
River Water Discharge_Altuma,2024,384,404.05,24-Sep-2024,268,11.9,0.65
River Water Discharge_Altuma,2025,223,417.78,15-Jul-2025,196,11.8,0.45
River Water Discharge_Ambaliyara,2017,3,15.42,01-Aug-2017,213,6.9,0.0
River Water Discharge_Ambarampalayam,1978,214,72.9,25-Nov-1978,329,8.35,1.5
River Water Discharge_Ambarampalayam,1979,365,399.0,17-Nov-1979,321,17.79,1.0
River Water Discharge_Ambarampalayam,1980,366,285.0,16-Nov-1980,321,14.09,1.2
River Water Discharge_Ambarampalayam,1981,365,47.6,24-Sep-1981,267,9.75,0.5
River Water Discharge_Ambarampalayam,1982,365,23.7,14-Oct-1982,287,7.14,0.4
River Water Discharge_Ambarampalayam,1983,365,38.9,28-Oct-1983,301,6.38,0.0
River Water Discharge_Ambarampalayam,1984,366,50.4,02-Dec-1984,337,7.6,0.0
River Water Discharge_Ambarampalayam,1985,365,50.8,03-Jan-1985,3,7.21,0.4
River Water Discharge_Ambarampalayam,1986,365,24.4,26-Oct-1986,299,8.72,0.4
River Water Discharge_Ambarampalayam,1987,365,39.51,10-Dec-1987,344,8.26,0.1
River Water Discharge_Ambarampalayam,1988,366,36.08,18-Apr-1988,109,8.63,0.61
River Water Discharge_Ambarampalayam,1989,365,22.99,13-Dec-1989,347,8.34,0.54
River Water Discharge_Ambarampalayam,1990,365,125.0,04-Nov-1990,308,9.2,0.64
River Water Discharge_Ambarampalayam,1991,365,21.55,01-Jan-1991,1,8.09,0.42
River Water Discharge_Ambarampalayam,1992,366,5122.0,14-Nov-1992,319,23.97,0.07
River Water Discharge_Ambarampalayam,1993,365,409.5,09-Nov-1993,313,12.3,1.77
River Water Discharge_Ambarampalayam,1994,365,278.0,06-Nov-1994,310,18.34,1.7
River Water Discharge_Ambarampalayam,1995,365,39.4,07-Nov-1995,311,10.08,2.05
River Water Discharge_Ambarampalayam,1996,366,38.3,15-Dec-1996,350,8.26,0.0
River Water Discharge_Ambarampalayam,1997,365,62.4,26-Oct-1997,299,10.09,1.15
River Water Discharge_Ambarampalayam,1998,365,285.0,08-Nov-1998,312,16.05,2.43
River Water Discharge_Ambarampalayam,1999,365,65.87,05-Oct-1999,278,12.69,1.48
River Water Discharge_Ambarampalayam,2000,366,73.37,29-Dec-2000,364,10.28,0.0
River Water Discharge_Ambarampalayam,2001,365,39.34,07-Nov-2001,311,9.39,0.0
River Water Discharge_Ambarampalayam,2002,365,28.17,11-Dec-2002,345,7.92,0.0
River Water Discharge_Ambarampalayam,2003,365,35.47,27-Feb-2003,58,7.94,0.0
River Water Discharge_Ambarampalayam,2004,366,183.4,01-Nov-2004,306,9.55,0.0
River Water Discharge_Ambarampalayam,2005,364,215.39,24-Nov-2005,328,12.41,0.59
River Water Discharge_Ambarampalayam,2006,365,27.55,22-Nov-2006,326,9.4,1.44
River Water Discharge_Ambarampalayam,2007,365,88.15,25-Oct-2007,298,12.88,0.42
River Water Discharge_Ambarampalayam,2008,365,25.19,14-Mar-2008,74,10.02,0.54
River Water Discharge_Ambarampalayam,2009,358,1286.98,08-Nov-2009,312,12.82,0.45
River Water Discharge_Ambarampalayam,2010,365,403.99,21-Nov-2010,325,13.2,1.27
River Water Discharge_Ambarampalayam,2011,365,122.79,02-Nov-2011,306,12.76,1.03
River Water Discharge_Ambarampalayam,2012,366,27.6,21-Oct-2012,295,8.22,1.67
River Water Discharge_Ambarampalayam,2013,361,40.66,07-Aug-2013,219,9.17,0.42
River Water Discharge_Ambarampalayam,2014,365,94.87,28-Oct-2014,301,11.35,0.95
River Water Discharge_Ambarampalayam,2015,364,116.91,09-Dec-2015,343,10.22,1.97
River Water Discharge_Ambarampalayam,2016,326,29.47,31-Oct-2016,305,7.71,1.83
River Water Discharge_Ambarampalayam,2017,299,18.45,28-Oct-2017,301,6.29,1.21
River Water Discharge_Ambarampalayam,2018,352,392.2,16-Aug-2018,228,12.96,0.43
River Water Discharge_Ambarampalayam,2019,361,42.0,03-Nov-2019,307,8.48,0.0
River Water Discharge_Ambarampalayam,2020,335,32.86,22-Sep-2020,266,9.38,1.5
River Water Discharge_Ambarampalayam,2021,363,74.63,18-Nov-2021,322,12.19,1.89
River Water Discharge_Ambarampalayam,2022,325,64.96,05-Aug-2022,217,11.65,0.0
River Water Discharge_Ambarampalayam,2023,364,23.02,04-Jan-2023,4,6.01,0.91
River Water Discharge_Ambarampalayam,2024,367,200.1,30-Jul-2024,212,9.93,1.4
River Water Discharge_Ambarampalayam,2025,217,69.72,18-Aug-2025,230,14.33,4.0
River Water Discharge_Ambasamudram,1999,365,44.61,24-Nov-1999,328,2.01,0.0
River Water Discharge_Ambasamudram,2000,365,37.0,29-Feb-2000,60,1.95,0.0
River Water Discharge_Ambasamudram,2001,365,38.89,02-Jan-2001,2,2.0,0.0
River Water Discharge_Ambasamudram,2002,357,24.77,08-Nov-2002,312,0.91,0.0
River Water Discharge_Ambasamudram,2003,365,18.6,30-Nov-2003,334,0.66,0.0
River Water Discharge_Ambasamudram,2004,366,43.98,14-Nov-2004,319,2.58,0.0
River Water Discharge_Ambasamudram,2005,365,219.1,12-Dec-2005,346,4.48,0.0
River Water Discharge_Ambasamudram,2006,365,85.44,22-Nov-2006,326,3.63,0.0
River Water Discharge_Ambasamudram,2007,360,158.11,19-Dec-2007,353,3.03,0.0
River Water Discharge_Ambasamudram,2008,342,159.98,21-Mar-2008,81,4.85,0.0
River Water Discharge_Ambasamudram,2009,354,74.0,08-Nov-2009,312,1.43,0.0
River Water Discharge_Ambasamudram,2010,352,28.11,04-Dec-2010,338,1.78,0.0
River Water Discharge_Ambasamudram,2011,357,113.1,27-Nov-2011,331,2.91,0.0
River Water Discharge_Ambasamudram,2012,361,12.35,23-Oct-2012,297,0.43,0.0
River Water Discharge_Ambasamudram,2013,359,4.52,14-Dec-2013,348,0.07,0.0
River Water Discharge_Ambasamudram,2014,360,27.22,23-Oct-2014,296,1.05,0.0
River Water Discharge_Ambasamudram,2015,353,56.95,03-Dec-2015,337,2.39,0.0
River Water Discharge_Ambasamudram,2016,363,5.33,01-Jan-2016,1,0.1,0.0
River Water Discharge_Ambasamudram,2017,61,0.0,01-Apr-2017,91,0.0,0.0
River Water Discharge_Ambasamudram,2018,22,17.9,09-Oct-2018,282,8.97,0.72
River Water Discharge_Ambasamudram,2019,73,117.73,16-Nov-2019,320,14.13,2.74
River Water Discharge_Ambasamudram,2020,66,142.27,19-Nov-2020,324,11.81,0.0
River Water Discharge_Ambasamudram,2021,137,92.04,14-Jan-2021,14,11.25,0.0
River Water Discharge_Ambasamudram,2022,255,32.78,18-Oct-2022,291,2.94,0.0
River Water Discharge_Ambasamudram,2023,202,51.29,19-Dec-2023,353,3.21,0.0
River Water Discharge_Ambasamudram,2024,106,45.24,14-Dec-2024,349,6.53,0.0
River Water Discharge_Ambasamudram,2025,17,6.57,21-Jan-2025,21,2.86,1.2
River Water Discharge_Anantharam,2018,184,0.0,01-Jan-2018,1,0.0,0.0
River Water Discharge_Anantharam,2019,337,0.0,01-Jan-2019,1,0.0,0.0
River Water Discharge_Anantharam,2020,332,793.05,14-Oct-2020,288,10.9,0.0
River Water Discharge_Anantharam,2021,365,174.39,31-Aug-2021,243,6.91,0.0
River Water Discharge_Anantharam,2022,343,422.0,23-Jul-2022,204,11.86,0.0
River Water Discharge_Anantharam,2023,329,1363.2,28-Jul-2023,209,8.6,0.0
River Water Discharge_Anantharam,2024,372,107.72,02-Sep-2024,246,1.08,0.0
River Water Discharge_Anantharam,2025,211,0.0,01-Jan-2025,1,0.0,0.0
River Water Discharge_Anantwadi,2018,306,684.08,21-Aug-2018,233,47.95,0.0
River Water Discharge_Anantwadi,2019,305,613.7,03-Aug-2019,215,29.63,0.0
River Water Discharge_Anantwadi,2020,306,405.49,21-Aug-2020,234,66.54,0.0
River Water Discharge_Anantwadi,2021,302,805.23,08-Sep-2021,251,111.93,0.0
River Water Discharge_Anantwadi,2022,305,577.87,12-Jul-2022,193,99.53,0.0
River Water Discharge_Anantwadi,2023,297,2950.0,22-Jul-2023,203,58.79,0.0
River Water Discharge_Anantwadi,2024,240,1894.95,01-Sep-2024,245,71.14,0.0
River Water Discharge_Anantwadi,2025,52,1106.34,19-Aug-2025,231,205.47,0.0
River Water Discharge_Ankushapur,2017,59,37.18,10-Oct-2017,283,5.43,0.0
River Water Discharge_Ankushapur,2018,279,200.0,12-Aug-2018,224,4.99,0.0
River Water Discharge_Ankushapur,2019,184,527.85,20-Oct-2019,293,20.04,0.0
River Water Discharge_Ankushapur,2020,352,1873.81,16-Aug-2020,229,55.15,0.0
River Water Discharge_Ankushapur,2021,213,916.77,23-Jul-2021,204,19.56,0.0
River Water Discharge_Ankushapur_2,2017,71,61.93,07-Sep-2017,250,8.51,0.0
River Water Discharge_Ankushapur_2,2019,7,497.62,01-Sep-2019,244,143.91,3.81
River Water Discharge_Ankushapur_2,2020,51,112.31,19-Oct-2020,293,3.51,0.09
River Water Discharge_Ankushapur_2,2021,149,2181.9,07-Sep-2021,250,71.58,0.0
River Water Discharge_Ankushapur_2,2022,338,618.48,12-Sep-2022,255,29.27,0.0
River Water Discharge_Ankushapur_2,2023,335,3000.0,27-Jul-2023,208,29.54,0.0
River Water Discharge_Ankushapur_2,2024,227,518.25,02-Sep-2024,246,19.84,0.0
River Water Discharge_Ankushapur_2,2025,119,328.45,13-Aug-2025,225,23.67,0.0
River Water Discharge_Arangali,1978,240,504.5,11-Aug-1978,223,109.02,5.22
River Water Discharge_Arangali,1979,365,875.0,08-Aug-1979,220,74.45,3.0
River Water Discharge_Arangali,1980,366,707.4,02-Jul-1980,184,82.17,3.0
River Water Discharge_Arangali,1981,365,568.0,24-Sep-1981,267,93.08,4.2
River Water Discharge_Arangali,1982,365,356.9,02-Aug-1982,214,37.28,3.1
River Water Discharge_Arangali,1983,365,599.4,21-Jul-1983,202,53.16,2.5
River Water Discharge_Arangali,1984,366,466.7,20-Jul-1984,202,51.89,5.3
River Water Discharge_Arangali,1985,365,793.0,27-Jun-1985,178,50.95,3.3
River Water Discharge_Arangali,1986,365,770.5,09-Aug-1986,221,43.82,2.2
River Water Discharge_Arangali,1987,365,502.0,26-Aug-1987,238,38.96,2.6
River Water Discharge_Arangali,1988,366,539.3,18-Jul-1988,200,60.71,4.84
River Water Discharge_Arangali,1989,365,859.5,24-Jul-1989,205,54.17,2.23
River Water Discharge_Arangali,1990,365,431.0,04-Nov-1990,308,53.54,0.8
River Water Discharge_Arangali,1991,365,718.8,29-Jul-1991,210,60.11,1.05
River Water Discharge_Arangali,1992,366,910.4,28-Jul-1992,210,85.63,2.8
River Water Discharge_Arangali,1993,365,432.4,04-Aug-1993,216,51.54,4.21
River Water Discharge_Arangali,1994,365,915.3,03-Aug-1994,215,88.41,0.0
River Water Discharge_Arangali,1995,365,520.5,03-Sep-1995,246,60.44,0.0
River Water Discharge_Arangali,1996,366,524.0,29-Sep-1996,273,41.08,0.0
River Water Discharge_Arangali,1997,365,605.0,25-Jul-1997,206,45.71,0.0
River Water Discharge_Arangali,1998,365,838.8,12-Oct-1998,285,78.27,0.0
River Water Discharge_Arangali,1999,365,690.0,18-Jul-1999,199,67.86,4.8
River Water Discharge_Arangali,2000,366,608.48,25-Aug-2000,238,36.85,0.0
River Water Discharge_Arangali,2001,338,576.04,09-Jul-2001,190,43.41,0.0
River Water Discharge_Arangali,2002,342,668.44,17-Aug-2002,229,44.18,0.0
River Water Discharge_Arangali,2003,300,292.8,24-Aug-2003,236,51.5,3.36
River Water Discharge_Arangali,2004,287,680.58,05-Aug-2004,218,69.86,0.0
River Water Discharge_Arangali,2005,331,881.8,01-Aug-2005,213,68.05,0.0
River Water Discharge_Arangali,2006,331,551.4,16-Aug-2006,228,58.39,0.0
River Water Discharge_Arangali,2007,322,1264.85,17-Jul-2007,198,111.16,0.0
River Water Discharge_Arangali,2008,333,379.44,28-Jul-2008,210,39.6,0.0
River Water Discharge_Arangali,2009,332,1362.74,18-Jul-2009,199,55.24,0.0
River Water Discharge_Arangali,2010,351,358.99,04-Oct-2010,277,53.35,0.0
River Water Discharge_Arangali,2011,345,710.1,03-Sep-2011,246,67.83,0.0
River Water Discharge_Arangali,2012,324,374.04,18-Aug-2012,231,29.35,0.0
River Water Discharge_Arangali,2013,352,1152.34,02-Aug-2013,214,73.82,0.0
River Water Discharge_Arangali,2014,341,639.9,01-Sep-2014,244,65.12,0.0
River Water Discharge_Arangali,2015,312,531.54,27-Jun-2015,178,52.57,0.1
River Water Discharge_Arangali,2016,273,204.22,18-Jul-2016,200,33.76,2.87
River Water Discharge_Arangali,2017,289,839.15,18-Sep-2017,261,42.94,0.0
River Water Discharge_Arangali,2018,170,1889.0,15-Aug-2018,227,154.71,0.0
River Water Discharge_Arangali,2019,324,980.0,09-Aug-2019,221,67.45,0.0
River Water Discharge_Arangali,2020,282,952.71,07-Aug-2020,220,76.18,0.0
River Water Discharge_Arangali,2021,327,588.0,18-Oct-2021,291,71.08,0.0
River Water Discharge_Arangali,2022,315,1516.0,02-Aug-2022,214,111.54,0.0
River Water Discharge_Arangali,2023,325,314.56,06-Jul-2023,187,33.36,0.0
River Water Discharge_Arangali,2024,127,237.31,27-Jun-2024,179,37.39,0.0
River Water Discharge_Arangali,2025,19,321.06,11-Aug-2025,223,179.75,96.03
River Water Discharge_Arkkannur,2019,168,107.11,21-Oct-2019,294,7.89,0.0
River Water Discharge_Arkkannur,2020,326,113.78,08-Aug-2020,221,9.33,0.0
River Water Discharge_Arkkannur,2021,338,220.0,12-Oct-2021,285,20.62,0.0
River Water Discharge_Arkkannur,2022,365,85.0,15-May-2022,135,8.58,0.0
River Water Discharge_Arkkannur,2023,365,94.09,13-Oct-2023,286,7.13,0.11
River Water Discharge_Arkkannur,2024,366,64.37,26-Oct-2024,300,10.31,0.03
River Water Discharge_Arkkannur,2025,90,4.26,01-Jan-2025,1,1.77,0.88
River Water Discharge_Arni,2018,293,1054.68,16-Aug-2018,228,15.04,0.0
River Water Discharge_Arni,2019,305,84.62,30-Jul-2019,211,2.92,0.0
River Water Discharge_Arni,2020,301,391.47,17-Aug-2020,230,28.59,0.0
River Water Discharge_Arni,2021,228,579.95,28-Sep-2021,271,41.84,0.0
River Water Discharge_Arni,2022,300,451.96,15-Aug-2022,227,49.7,0.0
River Water Discharge_Arni,2023,250,64.4,26-Sep-2023,269,5.56,0.0
River Water Discharge_Arni,2024,423,772.17,03-Sep-2024,247,24.91,0.0
River Water Discharge_Arni,2025,272,723.15,29-Aug-2025,241,14.31,0.0
River Water Discharge_Aruvipuram,2019,200,282.43,31-Oct-2019,304,13.6,0.0
River Water Discharge_Aruvipuram,2020,339,223.62,22-May-2020,143,12.81,0.0
River Water Discharge_Aruvipuram,2021,359,490.84,17-Oct-2021,290,30.43,0.95
River Water Discharge_Aruvipuram,2022,351,236.72,02-Aug-2022,214,12.67,0.0
River Water Discharge_Aruvipuram,2023,365,234.49,03-Oct-2023,276,11.29,0.28
River Water Discharge_Aruvipuram,2024,366,72.5,19-May-2024,140,13.46,0.98
River Water Discharge_Aruvipuram,2025,90,11.27,03-Jan-2025,3,2.18,0.98
River Water Discharge_Asegaon,2016,1,0.0,01-Jul-2016,183,0.0,0.0
River Water Discharge_Atreyapuram (gauthami),2021,212,13454.0,01-Oct-2021,274,2804.97,9.01
River Water Discharge_Atreyapuram (gauthami),2022,344,40787.06,17-Jul-2022,198,3591.45,0.0
River Water Discharge_Atreyapuram (gauthami),2023,357,65000.0,01-Oct-2023,274,2052.73,2.2
River Water Discharge_Atreyapuram (gauthami),2024,358,200000.0,28-Jul-2024,210,2591.63,0.0
River Water Discharge_Atreyapuram (gauthami),2025,241,18000.0,31-Aug-2025,243,997.14,0.0
River Water Discharge_Ayoor,2011,11,70.47,01-Sep-2011,244,30.32,9.21
River Water Discharge_Balasamudram,2020,30,15.1,09-Dec-2020,344,2.48,0.0
River Water Discharge_Balasamudram,2021,130,23.32,15-Jan-2021,15,1.44,0.0
River Water Discharge_Balasamudram,2022,317,10.74,13-Oct-2022,286,0.26,0.0
River Water Discharge_Balasamudram,2023,181,16.72,18-Dec-2023,352,0.16,0.0
River Water Discharge_Balasamudram,2024,98,66.3,13-Dec-2024,348,1.24,0.03
River Water Discharge_Balasamudram,2025,47,0.41,01-Mar-2025,60,0.1,0.04
River Water Discharge_Bamnia,2000,366,17.1,24-Aug-2000,237,1.33,0.0
River Water Discharge_Bamnia,2001,225,12.45,18-Jun-2001,169,0.45,0.0
River Water Discharge_Bamnia,2002,243,3.64,25-Aug-2002,237,0.02,0.0
River Water Discharge_Bamnia,2004,79,73.62,25-Aug-2004,238,18.06,1.21
River Water Discharge_Bamnia,2005,89,101.64,03-Sep-2005,246,44.84,10.0
River Water Discharge_Bamnia,2006,83,783.32,09-Aug-2006,221,153.81,10.11
River Water Discharge_Bamnia,2007,101,102.26,29-Jul-2007,210,43.97,9.99
River Water Discharge_Bamnia,2008,88,783.32,09-Aug-2008,222,154.58,10.11
River Water Discharge_Bamnia,2009,93,102.16,01-Sep-2009,244,47.31,9.72
River Water Discharge_Bamnia,2010,99,102.85,10-Sep-2010,253,38.09,10.09
River Water Discharge_Bamnia,2011,89,99.16,28-Jul-2011,209,47.48,9.72
River Water Discharge_Bamnia,2012,89,323.56,06-Sep-2012,250,51.97,11.16
River Water Discharge_Bamnia,2013,123,101.71,30-Jul-2013,211,48.51,9.99
River Water Discharge_Bamnia,2015,62,348.06,05-Aug-2015,217,42.25,0.0
River Water Discharge_Bamnia,2016,101,348.06,06-Aug-2016,219,51.23,0.0
River Water Discharge_Bamnia,2017,207,104.23,26-Aug-2017,238,16.55,0.0
River Water Discharge_Bamnia,2018,335,98.89,18-Aug-2018,230,3.01,0.0
River Water Discharge_Bamnia,2020,402,109.9,27-Aug-2020,240,10.23,0.0
River Water Discharge_Bamnia,2021,368,102.26,30-Aug-2021,242,14.85,0.0
River Water Discharge_Bamnia,2022,59,0.0,01-Jan-2022,1,0.0,0.0
River Water Discharge_Bamnidhi,1971,317,8843.0,28-Jul-1971,209,433.13,2.0
River Water Discharge_Bamnidhi,1972,366,4688.0,13-Sep-1972,257,164.55,1.0
River Water Discharge_Bamnidhi,1973,365,5801.0,04-Sep-1973,247,229.58,1.2
River Water Discharge_Bamnidhi,1974,365,1955.0,18-Aug-1974,230,79.72,1.6
River Water Discharge_Bamnidhi,1975,363,12700.0,22-Aug-1975,234,245.5,1.6
River Water Discharge_Bamnidhi,1976,366,5444.7,15-Aug-1976,228,108.96,2.07
River Water Discharge_Bamnidhi,1977,365,5801.5,16-Jul-1977,197,236.72,1.49
River Water Discharge_Bamnidhi,1978,364,2900.0,12-Aug-1978,224,131.71,1.72
River Water Discharge_Bamnidhi,1979,364,2348.0,09-Aug-1979,221,42.97,1.0
River Water Discharge_Bamnidhi,1980,366,4916.4,20-Sep-1980,264,226.43,0.86
River Water Discharge_Bamnidhi,1981,365,2665.0,23-Aug-1981,235,124.22,2.33
River Water Discharge_Bamnidhi,1982,365,2571.0,31-Aug-1982,243,127.64,4.62
River Water Discharge_Bamnidhi,1983,365,2000.9,09-Sep-1983,252,135.3,2.0
River Water Discharge_Bamnidhi,1984,366,4502.0,09-Aug-1984,222,193.85,2.5
River Water Discharge_Bamnidhi,1985,365,3500.0,08-Aug-1985,220,149.31,2.95
River Water Discharge_Bamnidhi,1986,365,3480.4,28-Jun-1986,179,170.12,2.2
River Water Discharge_Bamnidhi,1987,365,6657.81,15-Sep-1987,258,124.11,3.01
River Water Discharge_Bamnidhi,1988,366,1546.88,11-Aug-1988,224,96.72,3.37
River Water Discharge_Bamnidhi,1989,365,914.0,28-Jul-1989,209,78.57,2.51
River Water Discharge_Bamnidhi,1990,365,1381.0,20-Jul-1990,201,134.72,3.2
River Water Discharge_Bamnidhi,1991,365,1691.0,14-Aug-1991,226,167.93,18.44
River Water Discharge_Bamnidhi,1992,366,758.9,20-Aug-1992,233,81.34,3.5
River Water Discharge_Bamnidhi,1993,365,1259.0,27-Sep-1993,270,77.0,5.0
River Water Discharge_Bamnidhi,1994,365,5169.0,04-Aug-1994,216,362.92,14.52
River Water Discharge_Bamnidhi,1995,365,1550.9,18-Jul-1995,199,85.69,17.93
River Water Discharge_Bamnidhi,1996,366,1700.7,26-Jul-1996,208,102.49,16.85
River Water Discharge_Bamnidhi,1997,365,814.3,09-Sep-1997,252,82.74,9.85
River Water Discharge_Bamnidhi,1998,365,4163.0,12-Sep-1998,255,197.6,32.8
River Water Discharge_Bamnidhi,1999,365,1719.0,09-Aug-1999,221,152.55,11.0
River Water Discharge_Bamnidhi,2000,366,930.8,27-Jul-2000,209,79.19,16.72
River Water Discharge_Bamnidhi,2001,365,3036.0,24-Jul-2001,205,216.32,20.88
River Water Discharge_Bamnidhi,2002,365,805.9,25-Jun-2002,176,146.42,52.84
River Water Discharge_Bamnidhi,2003,365,6731.39,08-Sep-2003,251,207.82,9.5
River Water Discharge_Bamnidhi,2004,366,4691.0,12-Aug-2004,225,150.8,20.9
River Water Discharge_Bamnidhi,2005,365,3266.71,05-Aug-2005,217,132.05,21.27
River Water Discharge_Bamnidhi,2006,365,1639.83,23-Aug-2006,235,106.63,10.86
River Water Discharge_Bamnidhi,2007,365,1379.17,21-Aug-2007,233,89.91,22.95
River Water Discharge_Bamnidhi,2008,366,752.93,19-Sep-2008,263,59.8,4.52
River Water Discharge_Bamnidhi,2009,365,346.74,14-Jul-2009,195,37.92,10.64
River Water Discharge_Bamnidhi,2010,365,803.25,06-Aug-2010,218,47.89,1.88
River Water Discharge_Bamnidhi,2011,362,7731.67,10-Sep-2011,253,137.74,3.68
River Water Discharge_Bamnidhi,2012,365,827.38,23-Aug-2012,236,73.51,2.46
River Water Discharge_Bamnidhi,2013,364,718.65,29-Aug-2013,241,65.03,5.64
River Water Discharge_Bamnidhi,2014,365,7391.55,06-Aug-2014,218,111.87,2.91
River Water Discharge_Bamnidhi,2015,365,811.46,18-Aug-2015,230,42.0,8.12
River Water Discharge_Bamnidhi,2016,366,1082.93,06-Aug-2016,219,54.77,1.59
River Water Discharge_Bamnidhi,2017,370,727.22,22-Sep-2017,265,40.21,3.14
River Water Discharge_Bamnidhi,2018,365,925.4,09-Sep-2018,252,58.14,2.76
River Water Discharge_Bamnidhi,2019,364,1578.43,30-Sep-2019,273,57.13,1.94
River Water Discharge_Bamnidhi,2020,340,1619.0,28-Aug-2020,241,118.08,3.23
River Water Discharge_Bamnidhi,2021,361,790.28,17-Sep-2021,260,60.23,1.85
River Water Discharge_Bamnidhi,2022,365,1685.9,08-Sep-2022,251,45.41,0.0
River Water Discharge_Bamnidhi,2023,364,950.0,04-Aug-2023,216,50.6,0.0
River Water Discharge_Bamnidhi,2024,358,538.0,06-Aug-2024,219,88.89,0.0
River Water Discharge_Bamnidhi,2025,261,1000.0,07-Jul-2025,188,55.32,0.0
River Water Discharge_Bamrul,2021,40,315.47,29-Sep-2021,272,47.69,2.7
River Water Discharge_Bamrul,2022,46,82.6,21-Sep-2022,264,24.55,1.57
River Water Discharge_Baronda,1977,26,6.0,18-Dec-1977,352,2.44,0.49
River Water Discharge_Baronda,1978,354,900.0,16-Aug-1978,228,30.41,0.05
River Water Discharge_Baronda,1979,365,546.2,02-Aug-1979,214,15.83,0.05
River Water Discharge_Baronda,1980,347,6250.0,18-Sep-1980,262,72.73,0.01
River Water Discharge_Baronda,1981,347,1327.0,09-Aug-1981,221,22.35,0.02
River Water Discharge_Baronda,1982,365,1068.92,13-Aug-1982,225,28.99,0.0
River Water Discharge_Baronda,1983,365,1606.98,07-Aug-1983,219,40.99,0.0
River Water Discharge_Baronda,1984,366,1709.0,09-Aug-1984,222,45.47,0.04
River Water Discharge_Baronda,1985,347,1086.92,07-Aug-1985,219,55.36,0.0
River Water Discharge_Baronda,1986,356,3967.87,14-Aug-1986,226,64.43,0.01
River Water Discharge_Baronda,1987,365,267.06,04-Sep-1987,247,16.73,0.0
River Water Discharge_Baronda,1988,366,205.49,02-Jul-1988,184,5.24,0.01
River Water Discharge_Baronda,1989,365,219.41,12-Aug-1989,224,7.57,0.0
River Water Discharge_Baronda,1990,362,3104.0,05-Sep-1990,248,95.26,0.0
River Water Discharge_Baronda,1991,365,1806.0,30-Jul-1991,211,48.27,0.0
River Water Discharge_Baronda,1992,348,5229.0,28-Jul-1992,210,81.67,0.0
River Water Discharge_Baronda,1993,356,1154.0,20-Aug-1993,232,37.06,0.0
River Water Discharge_Baronda,1994,353,3795.0,30-Aug-1994,242,96.05,0.0
River Water Discharge_Baronda,1995,365,3650.0,03-Sep-1995,246,41.01,0.0
River Water Discharge_Baronda,1996,366,784.0,02-Aug-1996,215,19.38,0.0
River Water Discharge_Baronda,1997,365,4754.0,22-Aug-1997,234,42.93,0.0
River Water Discharge_Baronda,1998,365,244.7,13-Sep-1998,256,12.65,0.0
River Water Discharge_Baronda,1999,365,466.4,02-Sep-1999,245,18.85,0.0
River Water Discharge_Baronda,2000,366,452.4,19-Jul-2000,201,5.56,0.1
River Water Discharge_Baronda,2001,326,6286.69,09-Jul-2001,190,73.15,0.0
River Water Discharge_Baronda,2002,365,406.72,24-Aug-2002,236,5.5,0.0
River Water Discharge_Baronda,2003,303,3923.37,29-Aug-2003,241,99.52,0.0
River Water Discharge_Baronda,2004,366,900.0,22-Aug-2004,235,37.33,0.0
River Water Discharge_Baronda,2005,354,934.85,14-Sep-2005,257,41.47,0.0
River Water Discharge_Baronda,2006,348,1035.11,31-Aug-2006,243,65.65,0.0
River Water Discharge_Baronda,2007,294,6593.8,07-Aug-2007,219,113.29,0.0
River Water Discharge_Baronda,2008,361,4277.9,18-Sep-2008,262,58.64,0.0
River Water Discharge_Baronda,2009,356,685.45,28-Aug-2009,240,20.63,0.0
River Water Discharge_Baronda,2010,307,1811.95,06-Aug-2010,218,70.24,0.0
River Water Discharge_Baronda,2011,365,1488.5,07-Sep-2011,250,29.8,0.0
River Water Discharge_Baronda,2012,350,865.13,04-Aug-2012,217,30.9,0.0
River Water Discharge_Baronda,2013,365,1880.57,31-Jul-2013,212,48.04,0.0
River Water Discharge_Baronda,2014,365,1444.39,22-Jul-2014,203,38.46,0.0
River Water Discharge_Baronda,2015,365,700.0,17-Sep-2015,260,12.75,0.0
River Water Discharge_Baronda,2016,366,1286.5,07-Aug-2016,220,41.1,0.0
River Water Discharge_Baronda,2017,354,598.34,19-Jul-2017,200,13.15,0.0
River Water Discharge_Baronda,2018,355,1466.38,27-Aug-2018,239,43.31,0.0
River Water Discharge_Baronda,2019,324,666.14,07-Oct-2019,280,34.44,0.0
River Water Discharge_Baronda,2020,362,1631.58,28-Aug-2020,241,38.0,0.0
River Water Discharge_Baronda,2021,364,812.48,14-Sep-2021,257,21.51,0.0
River Water Discharge_Baronda,2022,332,926.06,13-Jul-2022,194,35.76,0.0
River Water Discharge_Baronda,2023,365,270.0,16-Sep-2023,259,16.56,0.0
River Water Discharge_Baronda,2024,381,745.0,23-Jul-2024,205,20.58,0.0
River Water Discharge_Baronda,2025,288,185.0,25-Jul-2025,206,11.77,0.0
River Water Discharge_Bayyaram,2003,211,0.0,01-Jan-2003,1,0.0,0.0
River Water Discharge_Bayyaram,2004,276,24.28,27-Jul-2004,209,0.22,0.0
River Water Discharge_Bayyaram,2005,263,275.62,24-Sep-2005,267,2.21,0.0
River Water Discharge_Bayyaram,2006,169,274.91,20-Sep-2006,263,9.37,0.0
River Water Discharge_Bayyaram,2007,27,0.0,01-Feb-2007,32,0.0,0.0
River Water Discharge_Bayyaram,2008,31,198.4,24-Mar-2008,84,8.06,0.0
River Water Discharge_Belkhedi,1977,291,1695.0,07-Aug-1977,219,51.63,0.1
River Water Discharge_Belkhedi,1978,365,1280.0,15-Aug-1978,227,24.75,0.6
River Water Discharge_Belkhedi,1979,365,2056.2,09-Aug-1979,221,14.75,0.9
River Water Discharge_Belkhedi,1980,366,2712.0,29-Aug-1980,242,20.73,0.4
River Water Discharge_Belkhedi,1981,365,645.0,22-Sep-1981,265,20.44,0.4
River Water Discharge_Belkhedi,1982,365,2002.5,11-Sep-1982,254,24.52,0.3
River Water Discharge_Belkhedi,1983,365,1700.0,08-Sep-1983,251,25.02,0.3
River Water Discharge_Belkhedi,1984,364,6500.0,18-Aug-1984,231,49.31,0.5
River Water Discharge_Belkhedi,1985,365,2150.0,17-Aug-1985,229,23.63,0.2
River Water Discharge_Belkhedi,1986,365,1245.0,14-Aug-1986,226,19.9,0.02
River Water Discharge_Belkhedi,1987,365,367.0,17-Sep-1987,260,7.65,0.4
River Water Discharge_Belkhedi,1988,366,1200.0,04-Aug-1988,217,20.44,0.29
River Water Discharge_Belkhedi,1989,365,1018.0,06-Aug-1989,218,15.47,0.25
River Water Discharge_Belkhedi,1990,364,1300.0,30-Aug-1990,242,39.16,0.31
River Water Discharge_Belkhedi,1991,365,1570.0,23-Aug-1991,235,16.56,0.55
River Water Discharge_Belkhedi,1992,366,1560.0,20-Aug-1992,233,25.66,0.41
River Water Discharge_Belkhedi,1993,365,2975.0,16-Jul-1993,197,23.43,0.35
River Water Discharge_Belkhedi,1994,365,7600.0,21-Jul-1994,202,62.17,0.26
River Water Discharge_Belkhedi,1995,365,864.0,20-Jul-1995,201,17.35,0.39
River Water Discharge_Belkhedi,1996,366,323.0,29-Aug-1996,242,9.26,0.3
River Water Discharge_Belkhedi,1997,365,2300.0,24-Jul-1997,205,29.13,0.25
River Water Discharge_Belkhedi,1998,365,530.0,05-Jul-1998,186,19.69,0.25
River Water Discharge_Belkhedi,1999,365,4475.0,15-Sep-1999,258,51.04,0.12
River Water Discharge_Belkhedi,2000,366,1650.0,28-Jul-2000,210,13.3,0.43
River Water Discharge_Belkhedi,2001,365,3900.0,19-Jul-2001,200,31.13,0.31
River Water Discharge_Belkhedi,2002,356,2300.0,18-Aug-2002,230,24.54,0.3
River Water Discharge_Belkhedi,2003,352,3700.0,14-Sep-2003,257,33.64,0.0
River Water Discharge_Belkhedi,2004,362,1330.0,22-Aug-2004,235,15.17,0.15
River Water Discharge_Belkhedi,2005,361,590.28,15-Sep-2005,258,22.07,0.11
River Water Discharge_Belkhedi,2006,365,4803.16,22-Jul-2006,203,37.59,0.09
River Water Discharge_Belkhedi,2007,339,1076.94,08-Jul-2007,189,13.86,0.1
River Water Discharge_Belkhedi,2008,348,232.92,01-Aug-2008,214,9.32,0.1
River Water Discharge_Belkhedi,2009,364,454.37,09-Sep-2009,252,15.6,0.14
River Water Discharge_Belkhedi,2010,359,411.7,19-Sep-2010,262,19.29,0.05
River Water Discharge_Belkhedi,2011,362,431.08,16-Jul-2011,197,21.33,0.04
River Water Discharge_Belkhedi,2012,363,1224.06,06-Aug-2012,219,20.47,0.08
River Water Discharge_Belkhedi,2013,365,702.87,22-Aug-2013,234,40.06,0.34
River Water Discharge_Belkhedi,2014,360,415.62,06-Aug-2014,218,18.0,0.54
River Water Discharge_Belkhedi,2015,319,451.45,04-Aug-2015,216,10.76,0.34
River Water Discharge_Belkhedi,2016,333,425.0,12-Jul-2016,194,27.99,0.02
River Water Discharge_Belkhedi,2017,298,239.5,24-Jul-2017,205,13.24,0.34
River Water Discharge_Belkhedi,2018,548,4350.0,09-Sep-2018,252,42.3,0.0
River Water Discharge_Belkhedi,2019,730,710.0,26-Aug-2019,238,42.08,0.0
River Water Discharge_Belkhedi,2020,731,2400.0,29-Aug-2020,242,27.32,0.4
River Water Discharge_Belkhedi,2021,730,153.88,26-Sep-2021,269,4.69,0.4
River Water Discharge_Belkhedi,2022,730,875.73,17-Jul-2022,198,40.57,0.16
River Water Discharge_Belkhedi,2023,746,3250.0,28-Jun-2023,179,46.8,0.0
River Water Discharge_Belkhedi,2024,518,1223.71,22-Jul-2024,204,30.23,0.0
River Water Discharge_Belkhedi,2025,254,3100.0,08-Jul-2025,189,60.74,0.0
River Water Discharge_Belkund at ghughra,2019,214,27.12,15-Aug-2019,227,5.74,0.67
River Water Discharge_Belkund at ghughra,2020,366,35.4,09-Aug-2020,222,5.98,1.38
River Water Discharge_Belkund at ghughra,2021,365,79.14,17-Sep-2021,260,4.17,0.97
River Water Discharge_Belkund at ghughra,2022,372,98.76,22-Aug-2022,234,6.09,0.0
River Water Discharge_Belkund at ghughra,2023,365,129.0,04-Aug-2023,216,9.16,0.0
River Water Discharge_Belkund at ghughra,2024,430,268.0,25-Jul-2024,207,11.11,0.0
River Water Discharge_Belkund at ghughra,2025,293,109.7,06-Jul-2025,187,9.22,0.0
River Water Discharge_Bendrahalli,2005,133,31.82,04-Nov-2005,308,7.14,0.26
River Water Discharge_Bendrahalli,2006,354,4.49,09-Nov-2006,313,0.89,0.0
River Water Discharge_Bendrahalli,2007,364,36.89,22-Oct-2007,295,1.42,0.0
River Water Discharge_Bendrahalli,2008,361,15.91,24-Oct-2008,298,1.44,0.15
River Water Discharge_Bendrahalli,2009,362,9.36,19-Sep-2009,262,1.13,0.0
River Water Discharge_Bendrahalli,2010,362,31.9,07-Nov-2010,311,1.95,0.0
River Water Discharge_Bendrahalli,2011,365,18.95,04-Nov-2011,308,1.53,0.3
River Water Discharge_Bendrahalli,2012,153,5.79,01-Oct-2012,275,0.13,0.0
River Water Discharge_Bendrahalli,2013,208,24.17,13-Sep-2013,256,1.27,0.0
River Water Discharge_Bendrahalli,2014,343,45.68,29-Oct-2014,302,1.28,0.0
River Water Discharge_Bendrahalli,2015,356,17.83,11-Nov-2015,315,1.04,0.0
River Water Discharge_Bendrahalli,2016,184,1.12,29-Jul-2016,211,0.11,0.0
River Water Discharge_Bendrahalli,2017,162,521.5,06-Oct-2017,279,12.54,0.0
River Water Discharge_Bendrahalli,2018,117,671.0,09-Nov-2018,313,17.41,0.1
River Water Discharge_Bendrahalli,2019,156,435.83,22-Aug-2019,234,8.16,0.04
River Water Discharge_Bendrahalli,2020,185,13.07,10-Oct-2020,284,2.26,0.01
River Water Discharge_Bendrahalli,2021,139,21.38,16-Nov-2021,320,3.72,0.16
River Water Discharge_Bendrahalli,2022,301,113.8,06-Sep-2022,249,12.58,0.1
River Water Discharge_Bendrahalli,2023,324,315.0,09-Apr-2023,99,1.79,0.17
River Water Discharge_Bendrahalli,2024,154,18.22,05-Dec-2024,340,3.49,0.08
River Water Discharge_Bendrahalli,2025,140,6.21,22-Jul-2025,203,0.71,0.08
River Water Discharge_Betmogra,1986,12,0.6,05-Sep-1986,248,0.46,0.2
River Water Discharge_Betmogra,1997,214,119.81,29-Oct-1997,302,2.19,0.0
River Water Discharge_Betmogra,1998,359,611.59,26-Aug-1998,238,24.07,0.0
River Water Discharge_Betmogra,1999,353,166.2,13-Oct-1999,286,7.81,0.0
River Water Discharge_Betmogra,2000,353,1073.87,25-Aug-2000,238,10.1,0.0
River Water Discharge_Betmogra,2001,354,1128.64,02-Oct-2001,275,13.46,0.0
River Water Discharge_Betmogra,2002,362,310.84,06-Sep-2002,249,3.55,0.0
River Water Discharge_Betmogra,2003,335,612.25,27-Sep-2003,270,7.41,0.0
River Water Discharge_Betmogra,2004,359,56.22,11-Sep-2004,255,0.86,0.0
River Water Discharge_Betmogra,2005,353,1211.93,16-Oct-2005,289,8.79,0.0
River Water Discharge_Betmogra,2006,360,547.11,05-Aug-2006,217,6.48,0.0
River Water Discharge_Betmogra,2007,365,133.2,06-Sep-2007,249,1.47,0.0
River Water Discharge_Betmogra,2008,366,65.81,12-Sep-2008,256,0.65,0.0
River Water Discharge_Betmogra,2009,365,0.0,01-Jan-2009,1,0.0,0.0
River Water Discharge_Betmogra,2010,365,909.11,26-Aug-2010,238,7.37,0.0
River Water Discharge_Betmogra,2011,365,606.59,27-Aug-2011,239,7.46,0.0
River Water Discharge_Betmogra,2012,360,11.05,03-Oct-2012,277,0.42,0.0
River Water Discharge_Betmogra,2013,364,236.45,18-Aug-2013,230,4.79,0.0
River Water Discharge_Betmogra,2014,151,3.64,14-Mar-2014,73,0.43,0.0
River Water Discharge_Betmogra,2016,21,12.22,07-Oct-2016,281,3.39,0.0
River Water Discharge_Betmogra,2017,10,3.97,29-Aug-2017,241,1.12,0.15
River Water Discharge_Betmogra,2018,42,4.74,24-Aug-2018,236,0.82,0.0
River Water Discharge_Betmogra,2019,170,186.29,31-Oct-2019,304,5.81,0.0
River Water Discharge_Betmogra,2020,329,27114.92,03-Oct-2020,277,87.57,0.0
River Water Discharge_Betmogra,2021,238,1408.41,08-Sep-2021,251,25.4,0.0
River Water Discharge_Betmogra,2022,278,206.77,27-Jul-2022,208,11.4,0.0
River Water Discharge_Betmogra,2023,221,217.03,03-Oct-2023,276,5.12,0.0
River Water Discharge_Betmogra,2024,370,771.08,02-Sep-2024,246,9.89,0.0
River Water Discharge_Betmogra,2025,263,1382.55,29-Aug-2025,241,16.21,0.0
River Water Discharge_Bettadamane,2018,51,16.94,27-Apr-2018,117,5.66,0.0
River Water Discharge_Bettadamane,2019,241,516.61,07-Aug-2019,219,30.65,0.16
River Water Discharge_Bettadamane,2020,266,294.0,08-Aug-2020,221,23.88,0.35
River Water Discharge_Bettadamane,2021,284,316.69,24-Jul-2021,205,22.58,0.39
River Water Discharge_Bettadamane,2022,333,577.2,15-Jul-2022,196,32.31,0.78
River Water Discharge_Bettadamane,2023,324,181.89,25-Jul-2023,206,10.26,0.0
River Water Discharge_Bettadamane,2024,242,228.92,29-Jul-2024,211,25.24,0.21
River Water Discharge_Bettadamane,2025,102,112.65,26-May-2025,146,6.9,0.67
River Water Discharge_Bhadli,2016,127,266.88,30-Jun-2016,182,57.22,0.0
River Water Discharge_Bhadli,2021,150,0.0,01-Jan-2021,1,0.0,0.0
River Water Discharge_Bhadli,2022,59,0.0,01-Jan-2022,1,0.0,0.0
River Water Discharge_Bhakudar (sipu dam),1980,4,47.3,01-Jul-1980,183,14.47,1.49
River Water Discharge_Bhakudar (sipu dam),1981,5,3.06,01-Sep-1981,244,1.58,0.05
River Water Discharge_Bhakudar (sipu dam),1982,5,2.84,01-Sep-1982,244,0.99,0.01
River Water Discharge_Bhakudar (sipu dam),1983,5,35.05,01-Jul-1983,182,10.51,1.1
River Water Discharge_Bhakudar (sipu dam),1984,4,30.2,02-Jul-1984,184,9.11,1.04
River Water Discharge_Bhakudar (sipu dam),1985,3,6.92,01-Aug-1985,213,4.09,2.11
River Water Discharge_Bhakudar (sipu dam),1986,3,211.52,25-Jul-1986,206,72.53,2.55
River Water Discharge_Bhakudar (sipu dam),1987,1,53.29,15-Jul-1987,196,53.29,53.29
River Water Discharge_Bhakudar (sipu dam),1988,4,70.56,14-Jul-1988,196,18.96,0.08
River Water Discharge_Bhakudar (sipu dam),1989,4,98.26,20-Aug-1989,232,25.31,0.35
River Water Discharge_Bhakudar (sipu dam),1990,6,1528.0,04-Jul-1990,185,261.08,0.67
River Water Discharge_Bhakudar (sipu dam),1991,3,13.33,20-Jul-1991,201,11.49,10.0
River Water Discharge_Bhakudar (sipu dam),1992,3,150.14,01-Aug-1992,214,71.66,25.68
River Water Discharge_Bhamragad,2018,730,4750.0,19-Aug-2018,231,169.24,40.6
River Water Discharge_Bhamragad,2019,730,7550.0,07-Sep-2019,250,287.05,40.6
River Water Discharge_Bhamragad,2020,732,3250.0,21-Aug-2020,234,159.61,0.0
River Water Discharge_Bhamragad,2021,401,1000.0,13-Sep-2021,256,73.54,0.0
River Water Discharge_Bhamragad,2022,296,2000.0,13-Jul-2022,194,201.16,0.0
River Water Discharge_Bhamragad,2023,730,1450.0,19-Jul-2023,200,108.32,42.3
River Water Discharge_Bhamragad,2024,732,6650.0,10-Sep-2024,254,189.5,41.08
River Water Discharge_Bhamragad,2025,302,56.0,06-May-2025,126,53.02,48.0
River Water Discharge_Bifercation of e&w tammileru,2002,1,80.44,15-Jun-2002,166,80.44,80.44
River Water Discharge_Bifercation of e&w tammileru,2003,2,348.14,16-Dec-2003,350,237.57,127.0
River Water Discharge_Bifercation of e&w tammileru,2004,1,123.91,03-Aug-2004,216,123.91,123.91
River Water Discharge_Bifercation of e&w tammileru,2005,2,70.38,01-Nov-2005,305,52.69,35.0
River Water Discharge_Bifercation of e&w tammileru,2006,4,60.58,21-Sep-2006,264,25.61,4.43
River Water Discharge_Bifercation of e&w tammileru,2007,1,16.14,30-Aug-2007,242,16.14,16.14
River Water Discharge_Bifercation of e&w tammileru,2008,1,709.23,09-Sep-2008,253,709.23,709.23
River Water Discharge_Bifercation of e&w tammileru,2010,4,132.55,01-Sep-2010,244,38.6,0.84
River Water Discharge_Bifercation of e&w tammileru,2011,28,4.93,01-Sep-2011,244,0.88,0.0
River Water Discharge_Bifercation of e&w tammileru,2012,3,11.72,01-Nov-2012,306,7.41,4.7
River Water Discharge_Bifercation of e&w tammileru,2013,2,127.0,10-Oct-2013,283,71.81,16.63
River Water Discharge_Bifercation of e&w tammileru,2014,1,14.99,21-Sep-2014,264,14.99,14.99
River Water Discharge_Bifercation of e&w tammileru,2017,2,73.73,29-Aug-2017,241,36.86,0.0
River Water Discharge_Bifercation of e&w tammileru,2018,30,0.0,01-Nov-2018,305,0.0,0.0
River Water Discharge_Bifercation of e&w tammileru,2022,153,0.0,01-Apr-2022,91,0.0,0.0
River Water Discharge_Borad at thikri,2019,214,132.0,08-Aug-2019,220,21.56,5.3
River Water Discharge_Borad at thikri,2020,292,32.0,31-Jul-2020,213,10.52,0.0
River Water Discharge_Borad at thikri,2021,365,27.0,30-May-2021,150,7.11,0.0
River Water Discharge_Borad at thikri,2022,365,80.25,14-Jul-2022,195,10.65,0.0
River Water Discharge_Borad at thikri,2023,365,150.0,17-Sep-2023,260,10.67,0.0
River Water Discharge_Borad at thikri,2024,372,125.0,02-Sep-2024,246,11.22,0.0
River Water Discharge_Borad at thikri,2025,241,11.6,20-Jun-2025,171,2.87,0.0
River Water Discharge_Butaram,2003,5,0.0,01-Jan-2003,1,0.0,0.0
River Water Discharge_Butaram,2004,1,0.0,01-Nov-2004,306,0.0,0.0
River Water Discharge_Butaram,2005,6,0.0,01-Feb-2005,32,0.0,0.0
River Water Discharge_Butaram,2006,1,0.0,01-Jan-2006,1,0.0,0.0
River Water Discharge_Chakkalakuth,2019,162,393.2,10-Aug-2019,222,35.13,1.1
River Water Discharge_Chakkalakuth,2020,250,190.33,08-Aug-2020,221,20.61,0.04
River Water Discharge_Chakkalakuth,2021,338,206.9,12-Oct-2021,285,16.31,0.0
River Water Discharge_Chakkalakuth,2022,353,211.91,15-Jul-2022,196,21.05,0.0
River Water Discharge_Chakkalakuth,2023,365,162.0,23-Jul-2023,204,11.13,0.0
River Water Discharge_Chakkalakuth,2024,391,328.86,30-Jul-2024,212,23.79,0.02
River Water Discharge_Chakkalakuth,2025,59,1.5,01-Jan-2025,1,0.36,0.0
River Water Discharge_Chakrar at gadasarai,2019,190,175.0,26-Sep-2019,269,28.34,2.75
River Water Discharge_Chakrar at gadasarai,2020,351,169.84,16-Jul-2020,198,22.11,1.58
River Water Discharge_Chakrar at gadasarai,2021,365,174.13,24-Jul-2021,205,7.79,0.61
River Water Discharge_Chakrar at gadasarai,2022,365,355.6,21-Aug-2022,233,16.26,0.0
River Water Discharge_Chakrar at gadasarai,2023,365,522.5,29-Jul-2023,210,12.73,0.0
River Water Discharge_Chakrar at gadasarai,2024,448,190.0,04-Aug-2024,217,12.03,0.0
River Water Discharge_Chakrar at gadasarai,2025,293,174.6,27-Jul-2025,208,13.38,0.0
River Water Discharge_Chanwada,1979,123,63.6,22-Nov-1979,326,2.95,0.0
River Water Discharge_Chanwada,1980,284,1128.0,23-Aug-1980,236,34.81,0.1
River Water Discharge_Chanwada,1981,304,7824.0,10-Aug-1981,222,155.27,0.1
River Water Discharge_Chanwada,1982,365,1210.1,17-Aug-1982,229,18.88,0.1
River Water Discharge_Chanwada,1983,281,4080.0,18-Aug-1983,230,91.92,0.1
River Water Discharge_Chanwada,1984,314,5000.0,20-Aug-1984,233,77.56,0.1
River Water Discharge_Chanwada,1985,256,970.0,06-Aug-1985,218,12.78,0.1
River Water Discharge_Chanwada,1986,93,585.0,16-Aug-1986,228,39.89,0.1
River Water Discharge_Chanwada,1987,74,750.0,25-Aug-1987,237,30.65,0.02
River Water Discharge_Chanwada,1988,178,4650.0,04-Aug-1988,217,130.8,0.1
River Water Discharge_Chanwada,1989,139,4100.0,20-Aug-1989,232,91.32,0.05
River Water Discharge_Chanwada,1990,203,8900.0,24-Aug-1990,236,158.5,0.0
River Water Discharge_Chanwada,1991,199,1890.0,31-Jul-1991,212,50.03,0.05
River Water Discharge_Chanwada,1992,140,1600.0,07-Sep-1992,251,48.71,0.28
River Water Discharge_Chanwada,1993,144,2475.0,17-Jul-1993,198,78.31,0.01
River Water Discharge_Chanwada,1994,198,9070.0,07-Sep-1994,250,235.47,0.63
River Water Discharge_Chanwada,1995,156,1265.0,03-Sep-1995,246,43.46,0.05
River Water Discharge_Chanwada,1996,197,4600.0,27-Jul-1996,209,137.95,0.01
River Water Discharge_Chanwada,1997,195,4360.0,01-Aug-1997,213,118.59,0.0
River Water Discharge_Chanwada,1998,224,2600.0,16-Sep-1998,259,71.81,0.0
River Water Discharge_Chanwada,1999,164,1675.0,22-Sep-1999,265,75.52,0.0
River Water Discharge_Chanwada,2000,23,255.0,14-Jul-2000,196,21.88,0.01
River Water Discharge_Chanwada,2001,126,2790.0,05-Aug-2001,217,92.65,0.02
River Water Discharge_Chanwada,2002,98,2420.0,04-Sep-2002,247,52.78,0.01
River Water Discharge_Chanwada,2003,190,2050.0,25-Jun-2003,176,103.93,0.25
River Water Discharge_Chanwada,2004,146,4800.0,14-Aug-2004,227,182.11,0.36
River Water Discharge_Chanwada,2005,126,2379.72,04-Jul-2005,185,68.52,1.61
River Water Discharge_Chanwada,2006,123,6125.55,07-Aug-2006,219,210.4,0.92
River Water Discharge_Chanwada,2007,165,4085.92,02-Jul-2007,183,124.2,1.61
River Water Discharge_Chanwada,2008,168,2135.29,12-Aug-2008,225,55.27,1.27
River Water Discharge_Chanwada,2009,350,320.38,06-Oct-2009,279,8.87,0.0
River Water Discharge_Chanwada,2010,362,2068.97,05-Aug-2010,217,24.16,0.0
River Water Discharge_Chanwada,2011,360,979.68,09-Aug-2011,221,35.3,0.0
River Water Discharge_Chanwada,2012,364,2726.26,07-Sep-2012,251,40.97,0.0
River Water Discharge_Chanwada,2013,224,3665.13,24-Sep-2013,267,102.09,0.0
River Water Discharge_Chanwada,2014,303,1425.74,09-Sep-2014,252,28.1,0.0
River Water Discharge_Chanwada,2015,236,470.64,28-Jul-2015,209,16.38,0.0
River Water Discharge_Chanwada,2016,253,475.18,11-Aug-2016,224,15.1,0.0
River Water Discharge_Chanwada,2017,89,172.82,30-Aug-2017,242,37.78,0.0
River Water Discharge_Chanwada,2018,79,215.05,18-Aug-2018,230,36.96,1.19
River Water Discharge_Chanwada,2019,149,1844.92,09-Aug-2019,221,122.39,4.25
River Water Discharge_Chanwada,2020,160,1240.08,02-Sep-2020,246,99.49,2.09
River Water Discharge_Chanwada,2021,130,1538.81,26-Jul-2021,207,93.02,5.6
River Water Discharge_Chanwada,2022,215,1348.85,11-Jul-2022,192,54.71,0.0
River Water Discharge_Chanwada,2023,124,2532.0,17-Sep-2023,260,113.09,5.55
River Water Discharge_Chanwada,2024,99,2604.71,27-Aug-2024,240,273.73,27.42
River Water Discharge_Cherpad,2011,234,213.51,07-Aug-2011,219,26.79,8.79
River Water Discharge_Chhidgaon,1976,8,2.7,25-Dec-1976,360,2.37,1.9
River Water Discharge_Chhidgaon,1977,324,2553.8,14-Sep-1977,257,62.92,0.2
River Water Discharge_Chhidgaon,1978,365,3813.4,29-Aug-1978,241,50.81,0.0
River Water Discharge_Chhidgaon,1979,365,1235.0,10-Aug-1979,222,19.21,0.0
River Water Discharge_Chhidgaon,1980,366,1375.0,03-Aug-1980,216,23.39,0.1
River Water Discharge_Chhidgaon,1981,365,490.8,10-Aug-1981,222,21.26,0.4
River Water Discharge_Chhidgaon,1982,365,876.0,23-Aug-1982,235,18.12,0.5
River Water Discharge_Chhidgaon,1983,365,2650.0,03-Sep-1983,246,45.05,0.3
River Water Discharge_Chhidgaon,1984,366,4470.0,10-Aug-1984,223,49.22,0.4
River Water Discharge_Chhidgaon,1985,365,1690.0,09-Aug-1985,221,14.37,0.3
River Water Discharge_Chhidgaon,1986,365,2675.0,15-Aug-1986,227,51.56,0.2
River Water Discharge_Chhidgaon,1987,365,1275.0,28-Aug-1987,240,10.87,0.39
River Water Discharge_Chhidgaon,1988,366,1300.0,04-Aug-1988,217,25.41,0.3
River Water Discharge_Chhidgaon,1989,365,863.5,29-Jun-1989,180,22.23,0.4
River Water Discharge_Chhidgaon,1990,365,3450.0,23-Aug-1990,235,54.79,0.1
River Water Discharge_Chhidgaon,1991,364,2060.0,30-Jul-1991,211,15.44,0.5
River Water Discharge_Chhidgaon,1992,366,1925.0,17-Aug-1992,230,15.24,0.02
River Water Discharge_Chhidgaon,1993,365,3700.0,16-Jul-1993,197,44.6,0.1
River Water Discharge_Chhidgaon,1994,365,5350.0,06-Sep-1994,249,69.67,0.38
River Water Discharge_Chhidgaon,1995,365,1320.0,02-Sep-1995,245,23.02,0.11
River Water Discharge_Chhidgaon,1996,366,2530.0,27-Jul-1996,209,34.45,0.2
River Water Discharge_Chhidgaon,1997,365,4500.0,26-Jul-1997,207,38.71,0.28
River Water Discharge_Chhidgaon,1998,365,6660.0,15-Sep-1998,258,48.13,0.17
River Water Discharge_Chhidgaon,1999,364,1097.0,16-Jul-1999,197,47.68,0.5
River Water Discharge_Chhidgaon,2000,366,960.0,13-Jul-2000,195,9.64,0.65
River Water Discharge_Chhidgaon,2001,365,1700.0,15-Aug-2001,227,18.64,0.4
River Water Discharge_Chhidgaon,2002,365,1200.0,23-Aug-2002,235,17.87,0.24
River Water Discharge_Chhidgaon,2003,364,2380.0,27-Jul-2003,208,32.47,0.28
River Water Discharge_Chhidgaon,2004,363,2170.0,22-Aug-2004,235,21.17,0.5
River Water Discharge_Chhidgaon,2005,363,926.52,01-Aug-2005,213,20.12,0.4
River Water Discharge_Chhidgaon,2006,359,5142.51,31-Aug-2006,243,47.44,0.29
River Water Discharge_Chhidgaon,2007,354,9625.0,08-Jul-2007,189,48.33,0.09
River Water Discharge_Chhidgaon,2008,353,810.87,11-Aug-2008,224,8.57,0.55
River Water Discharge_Chhidgaon,2009,332,1878.3,22-Jul-2009,203,29.18,0.01
River Water Discharge_Chhidgaon,2010,361,270.78,09-Sep-2010,252,23.93,0.0
River Water Discharge_Chhidgaon,2011,362,815.98,26-Aug-2011,238,30.28,0.35
River Water Discharge_Chhidgaon,2012,326,832.46,06-Sep-2012,250,48.31,0.27
River Water Discharge_Chhidgaon,2013,336,7527.57,23-Aug-2013,235,85.7,0.57
River Water Discharge_Chhidgaon,2014,363,693.32,23-Jul-2014,204,24.97,0.69
River Water Discharge_Chhidgaon,2015,360,1003.84,05-Aug-2015,217,21.78,0.0
River Water Discharge_Chhidgaon,2016,335,6050.3,12-Jul-2016,194,81.82,0.0
River Water Discharge_Chhidgaon,2017,265,338.57,21-Jul-2017,202,17.09,0.0
River Water Discharge_Chhidgaon,2018,364,395.85,21-Aug-2018,233,9.18,0.0
River Water Discharge_Chhidgaon,2019,365,820.5,12-Sep-2019,255,60.65,0.0
River Water Discharge_Chhidgaon,2020,396,2368.45,29-Aug-2020,242,40.28,0.0
River Water Discharge_Chhidgaon,2021,365,355.0,23-Jul-2021,204,23.7,0.0
River Water Discharge_Chhidgaon,2022,364,3500.0,13-Jul-2022,194,80.29,0.0
River Water Discharge_Chhidgaon,2023,365,2450.0,16-Sep-2023,259,45.47,0.0
River Water Discharge_Chhidgaon,2024,405,631.52,05-Aug-2024,218,32.09,0.0
River Water Discharge_Chhidgaon,2025,244,455.99,30-Jul-2025,211,30.8,0.0
River Water Discharge_Chikkamalur,2018,36,0.04,12-Nov-2018,316,0.02,0.01
River Water Discharge_Chikkamalur,2019,69,1.61,23-Oct-2019,296,0.32,0.0
River Water Discharge_Chikkamalur,2020,150,0.49,09-Dec-2020,344,0.2,0.05
River Water Discharge_Chikkamalur,2021,244,9.74,27-Nov-2021,331,0.54,0.0
River Water Discharge_Chikkamalur,2022,334,108.02,08-Sep-2022,251,5.85,0.0
River Water Discharge_Chikkamalur,2023,120,5.91,02-Jan-2023,2,0.25,0.0
River Water Discharge_Chikkamalur,2025,1,0.66,11-Mar-2025,70,0.66,0.66
River Water Discharge_Chimthane,2018,122,0.0,01-Jan-2018,1,0.0,0.0
River Water Discharge_Chimthane,2019,184,77.71,10-Aug-2019,222,3.67,0.0
River Water Discharge_Chimthane,2020,184,44.37,23-Aug-2020,236,1.19,0.0
River Water Discharge_Chimthane,2021,306,0.0,01-Jun-2021,152,0.0,0.0
River Water Discharge_Chimthane,2022,60,0.0,01-Jun-2022,152,0.0,0.0
River Water Discharge_Chimthane,2023,306,0.0,01-Jun-2023,152,0.0,0.0
River Water Discharge_Chinamusi  tumadu,1999,37,156.48,09-Oct-1999,282,42.4,8.9
River Water Discharge_Chinamusi  tumadu,2000,234,654.24,06-Jul-2000,188,36.56,1.17
River Water Discharge_Chinamusi  tumadu,2001,227,121.13,07-Nov-2001,311,10.13,0.87
River Water Discharge_Chinamusi  tumadu,2002,143,37.68,28-Oct-2002,301,4.76,0.0
River Water Discharge_Chinamusi  tumadu,2003,40,49.26,23-Oct-2003,296,3.84,0.0
River Water Discharge_Chinamusi  tumadu,2004,34,27.2,21-Oct-2004,295,6.24,0.0
River Water Discharge_Chinamusi  tumadu,2005,81,466.33,30-Oct-2005,303,41.17,2.99
River Water Discharge_Chinamusi  tumadu,2006,192,120.69,01-Nov-2006,305,12.89,1.51
River Water Discharge_Chinamusi  tumadu,2007,283,664.4,23-Jun-2007,174,20.47,1.7
River Water Discharge_Chinamusi  tumadu,2008,171,525.21,30-Nov-2008,335,22.7,2.09
River Water Discharge_Chinamusi  tumadu,2009,39,39.69,21-Nov-2009,325,15.64,0.96
River Water Discharge_Chinamusi  tumadu,2010,156,388.84,21-May-2010,141,47.84,13.23
River Water Discharge_Chinamusi  tumadu,2011,57,38.15,03-Nov-2011,307,20.07,9.25
River Water Discharge_Chinamusi  tumadu,2012,9,18.65,01-Jan-2012,1,16.65,14.84
River Water Discharge_Chinamusi  tumadu,2013,6,48.99,24-Oct-2013,297,22.55,5.75
River Water Discharge_Chinamusi  tumadu,2014,34,1148.24,15-Nov-2014,319,146.79,89.28
River Water Discharge_Chinamusi  tumadu,2015,3,119.66,20-Nov-2015,324,100.0,75.06
River Water Discharge_Chinamusi  tumadu,2018,31,0.0,01-Jul-2018,182,0.0,0.0
River Water Discharge_Chitrasani -duplicate,1990,7,11.7,01-Sep-1990,244,2.18,0.0
River Water Discharge_Chitrasani -duplicate,1991,12,10.63,01-Sep-1991,244,1.14,0.0
River Water Discharge_Chitrasani -duplicate,1992,12,3.97,01-Aug-1992,214,0.7,0.0
River Water Discharge_Chitrasani -duplicate,1993,12,1.87,01-Aug-1993,213,0.25,0.0
River Water Discharge_Chitrasani -duplicate,1994,12,10.19,01-Sep-1994,244,2.12,0.0
River Water Discharge_Chitrasani -duplicate,1995,12,16.37,01-Aug-1995,213,1.8,0.0
River Water Discharge_Chitrasani -duplicate,1996,12,0.61,01-Sep-1996,245,0.05,0.0
River Water Discharge_Chitrasani -duplicate,1997,12,1.9,01-Oct-1997,274,0.36,0.0
River Water Discharge_Chitrasani -duplicate,1998,12,0.54,01-Oct-1998,274,0.06,0.0
River Water Discharge_Chitrasani -duplicate,1999,12,0.0,01-Jan-1999,1,0.0,0.0
River Water Discharge_Chitrasani -duplicate,2000,12,0.0,01-Jan-2000,1,0.0,0.0
River Water Discharge_Chitrasani -duplicate,2001,12,0.35,01-Aug-2001,213,0.05,0.0
River Water Discharge_Chitrasani -duplicate,2002,12,0.0,01-Jan-2002,1,0.0,0.0
River Water Discharge_Chitrasani -duplicate,2003,12,1.8,01-Aug-2003,213,0.3,0.0
River Water Discharge_Chitrasani -duplicate,2004,12,0.0,01-Jan-2004,1,0.0,0.0
River Water Discharge_Chitrasani -duplicate,2005,12,7.32,01-Aug-2005,213,0.84,0.0
River Water Discharge_Chitrasani -duplicate,2006,11,3.99,01-Oct-2006,274,0.6,0.0
River Water Discharge_Chitrasani -duplicate,2007,12,6.32,01-Sep-2007,244,0.9,0.0
River Water Discharge_Chitrasani -duplicate,2008,12,0.32,01-Sep-2008,245,0.05,0.0
River Water Discharge_Chitrasani -duplicate,2009,12,0.85,01-Sep-2009,244,0.09,0.0
River Water Discharge_Chitrasani -duplicate,2010,12,2.46,01-Sep-2010,244,0.47,0.0
River Water Discharge_Chitrasani -duplicate,2011,12,6.21,01-Oct-2011,274,0.84,0.0
River Water Discharge_Chitrasani -duplicate,2012,12,1.42,01-Oct-2012,275,0.38,0.0
River Water Discharge_Chitrasani -duplicate,2013,12,4.27,01-Oct-2013,274,0.59,0.0
River Water Discharge_Chitrasani -duplicate,2014,3,0.0,01-Jan-2014,1,0.0,0.0
River Water Discharge_Chitrasani -duplicate,2015,169,625.46,29-Jul-2015,210,10.05,0.0
River Water Discharge_Chitrasani -duplicate,2017,103,555.94,25-Jul-2017,206,22.32,0.75
River Water Discharge_Chitrasani,2022,100,349.68,17-Aug-2022,229,10.81,0.0
River Water Discharge_Chitrasani,2023,137,95.59,30-Jul-2023,211,6.86,0.51
River Water Discharge_Chitrasani,2024,60,10.14,04-Sep-2024,248,3.33,0.4
River Water Discharge_Choral at barwah,2019,179,41.0,13-Sep-2019,256,7.92,2.24
River Water Discharge_Choral at barwah,2020,220,24.0,23-Sep-2020,267,4.5,0.0
River Water Discharge_Choral at barwah,2021,365,26.0,25-Sep-2021,268,1.85,0.0
River Water Discharge_Choral at barwah,2022,363,104.0,10-Aug-2022,222,4.8,0.0
River Water Discharge_Choral at barwah,2023,365,205.12,16-Sep-2023,259,7.44,0.0
River Water Discharge_Choral at barwah,2024,396,63.0,26-Aug-2024,239,5.78,0.0
River Water Discharge_Choral at barwah,2025,310,67.39,31-Aug-2025,243,3.21,0.0
River Water Discharge_Collem,2016,171,111.8,04-Aug-2016,217,13.15,0.0
River Water Discharge_Collem,2017,150,1.0,31-May-2017,151,0.01,0.0
River Water Discharge_Dabri,2000,366,48.51,17-Jul-2000,199,0.8,0.0
River Water Discharge_Dabri,2001,309,110.12,21-Aug-2001,233,1.22,0.0
River Water Discharge_Dabri,2002,186,18.4,08-Aug-2002,220,0.82,0.0
River Water Discharge_Dabri,2003,132,102.58,28-Jul-2003,209,8.55,0.0
River Water Discharge_Dabri,2004,85,99.81,07-Aug-2004,220,16.37,0.0
River Water Discharge_Dabri,2005,127,360.0,01-Aug-2005,213,16.2,0.0
River Water Discharge_Dabri,2006,82,402.0,19-Aug-2006,231,87.58,4.44
River Water Discharge_Dabri,2007,123,1274.49,09-Aug-2007,221,73.59,1.2
River Water Discharge_Dabri,2008,108,319.48,31-Jul-2008,213,21.98,1.02
River Water Discharge_Dabri,2009,90,990.0,23-Jul-2009,204,36.96,0.92
River Water Discharge_Dabri,2010,164,1967.69,02-Aug-2010,214,34.21,0.84
River Water Discharge_Dabri,2011,106,4419.75,09-Aug-2011,221,334.04,0.93
River Water Discharge_Dabri,2012,97,1510.85,13-Aug-2012,226,108.65,0.4
River Water Discharge_Dabri,2013,121,2404.0,27-Jul-2013,208,124.68,4.38
River Water Discharge_Dabri,2015,122,3961.7,25-Jul-2015,206,91.22,0.0
River Water Discharge_Dabri,2016,123,3247.48,21-Aug-2016,234,236.64,0.0
River Water Discharge_Dabri,2017,214,1351.39,21-Jul-2017,202,82.5,0.0
River Water Discharge_Dabri,2018,273,17.29,29-Jun-2018,180,0.12,0.0
River Water Discharge_Dameracherla,1968,188,268.0,08-Sep-1968,252,53.85,0.0
River Water Discharge_Dameracherla,1969,365,215.0,06-Sep-1969,249,52.37,1.46
River Water Discharge_Dameracherla,1970,365,644.0,23-Sep-1970,266,59.81,0.69
River Water Discharge_Dameracherla,1971,365,473.0,03-Oct-1971,276,28.18,1.0
River Water Discharge_Dameracherla,1972,366,275.5,06-Oct-1972,280,15.63,0.2
River Water Discharge_Dameracherla,1973,365,367.5,13-Aug-1973,225,21.95,0.2
River Water Discharge_Dameracherla,1974,365,164.0,24-Oct-1974,297,26.96,0.5
River Water Discharge_Dameracherla,1975,365,1388.7,08-Oct-1975,281,106.91,0.5
River Water Discharge_Dameracherla,1976,366,921.7,05-Sep-1976,249,42.12,0.8
River Water Discharge_Dameracherla,1977,365,155.9,23-Aug-1977,235,16.34,0.9
River Water Discharge_Dameracherla,1978,365,1419.6,16-Aug-1978,228,52.04,0.7
River Water Discharge_Dameracherla,1979,365,662.5,28-Sep-1979,271,23.97,0.5
River Water Discharge_Dameracherla,1980,366,143.0,18-Sep-1980,262,23.92,1.0
River Water Discharge_Dameracherla,1981,365,380.8,10-Oct-1981,283,23.81,0.1
River Water Discharge_Dameracherla,1982,365,684.2,20-Oct-1982,293,16.84,0.1
River Water Discharge_Dameracherla,1983,365,5762.0,06-Oct-1983,279,60.67,0.0
River Water Discharge_Dameracherla,1984,366,132.1,02-Aug-1984,215,20.91,0.6
River Water Discharge_Dameracherla,1985,365,283.2,13-Aug-1985,225,25.44,0.7
River Water Discharge_Dameracherla,1986,365,194.5,13-Aug-1986,225,18.68,0.3
River Water Discharge_Dameracherla,1987,365,247.3,04-Nov-1987,308,16.68,0.1
River Water Discharge_Dameracherla,1988,366,1356.0,20-Sep-1988,264,52.14,0.15
River Water Discharge_Dameracherla,1989,365,2656.0,24-Jul-1989,205,50.51,0.55
River Water Discharge_Dameracherla,1990,365,395.0,31-Aug-1990,243,33.75,0.54
River Water Discharge_Dameracherla,1991,365,1077.0,22-Sep-1991,265,32.08,2.14
River Water Discharge_Dameracherla,1992,366,121.6,11-Sep-1992,255,20.26,0.31
River Water Discharge_Dameracherla,1993,365,171.9,10-Oct-1993,283,23.92,0.41
River Water Discharge_Dameracherla,1994,365,744.4,06-Oct-1994,279,27.25,0.54
River Water Discharge_Dameracherla,1995,365,915.9,20-Oct-1995,293,32.19,1.32
River Water Discharge_Dameracherla,1996,366,538.5,08-Sep-1996,252,26.85,0.45
River Water Discharge_Dameracherla,1997,365,196.5,23-Sep-1997,266,22.99,0.0
River Water Discharge_Dameracherla,1998,365,1659.0,16-Oct-1998,289,39.58,0.0
River Water Discharge_Dameracherla,1999,365,225.9,07-Sep-1999,250,26.22,1.2
River Water Discharge_Dameracherla,2000,366,1270.0,23-Aug-2000,236,29.31,0.7
River Water Discharge_Dameracherla,2001,365,922.1,30-Sep-2001,273,21.02,0.01
River Water Discharge_Dameracherla,2002,365,15.67,07-Jan-2002,7,3.46,0.0
River Water Discharge_Dameracherla,2003,365,42.52,24-Aug-2003,236,1.27,0.0
River Water Discharge_Dameracherla,2004,366,272.3,06-Oct-2004,280,10.32,0.0
River Water Discharge_Dameracherla,2005,365,699.0,30-Oct-2005,303,44.75,0.0
River Water Discharge_Dameracherla,2006,354,316.16,29-Oct-2006,302,42.7,0.0
River Water Discharge_Dameracherla,2007,307,335.38,21-Sep-2007,264,57.46,0.0
River Water Discharge_Dameracherla,2008,322,1326.89,10-Aug-2008,223,72.7,0.13
River Water Discharge_Dameracherla,2009,338,4299.75,05-Oct-2009,278,58.01,0.0
River Water Discharge_Dameracherla,2010,315,461.49,28-Aug-2010,240,51.22,0.08
River Water Discharge_Dameracherla,2011,335,282.0,20-Aug-2011,232,36.67,1.98
River Water Discharge_Dameracherla,2012,293,40.37,06-Oct-2012,280,4.89,0.0
River Water Discharge_Dameracherla,2013,333,3656.29,26-Oct-2013,299,53.9,0.0
River Water Discharge_Dameracherla,2014,286,381.01,27-Oct-2014,300,22.62,0.0
River Water Discharge_Dameracherla,2015,264,100.93,21-Aug-2015,233,11.77,0.0
River Water Discharge_Dameracherla,2016,326,1963.38,24-Sep-2016,268,33.81,0.0
River Water Discharge_Dameracherla,2017,288,607.77,04-Oct-2017,277,29.53,0.0
River Water Discharge_Dameracherla,2018,365,345.74,21-Aug-2018,233,15.17,0.0
River Water Discharge_Dameracherla,2019,365,602.66,07-Oct-2019,280,25.1,0.0
River Water Discharge_Dameracherla,2020,366,3423.0,15-Oct-2020,289,101.52,0.0
River Water Discharge_Dameracherla,2021,365,1730.3,29-Sep-2021,272,89.44,0.0
River Water Discharge_Dameracherla,2022,363,942.36,01-Oct-2022,274,98.67,0.0
River Water Discharge_Dameracherla,2023,363,7700.0,29-Jul-2023,210,67.06,0.0
River Water Discharge_Dameracherla,2024,366,1250.0,01-Sep-2024,245,35.49,0.0
River Water Discharge_Dameracherla,2025,215,75.0,27-Jul-2025,208,10.53,0.0
River Water Discharge_Daredu,2016,1,7.91,26-Oct-2016,300,7.91,7.91
River Water Discharge_Daredu,2017,34,11.73,24-Oct-2017,297,4.72,0.62
River Water Discharge_Daredu,2018,365,13.12,18-Dec-2018,352,1.03,0.0
River Water Discharge_Daredu,2019,354,13741.14,08-Aug-2019,220,3372.09,0.0
River Water Discharge_Daredu,2020,51,7210.74,01-Jan-2020,1,1663.71,0.0
River Water Discharge_Daredu,2022,1,76.85,28-Jan-2022,28,76.85,76.85
River Water Discharge_Datuni at dudwas,2019,184,1350.0,10-Sep-2019,253,133.48,21.1
River Water Discharge_Datuni at dudwas,2020,366,560.0,31-Aug-2020,244,38.45,4.0
River Water Discharge_Datuni at dudwas,2021,364,40.2,09-Feb-2021,40,16.73,0.0
River Water Discharge_Datuni at dudwas,2022,362,74.56,23-Aug-2022,235,5.6,0.0
River Water Discharge_Datuni at dudwas,2023,365,476.0,16-Sep-2023,259,9.98,0.0
River Water Discharge_Datuni at dudwas,2024,369,259.84,25-Aug-2024,238,8.22,0.0
River Water Discharge_Datuni at dudwas,2025,252,355.89,04-Sep-2025,247,5.49,0.0
River Water Discharge_Deb at khajuri,2019,214,60.5,10-Aug-2019,222,13.68,0.0
River Water Discharge_Deb at khajuri,2020,338,30.98,27-Sep-2020,271,4.77,0.0
River Water Discharge_Deb at khajuri,2021,365,20.5,26-Sep-2021,269,3.85,0.0
River Water Discharge_Deb at khajuri,2022,365,59.0,15-Jul-2022,196,11.64,0.0
River Water Discharge_Deb at khajuri,2023,365,155.0,17-Sep-2023,260,10.55,0.0
River Water Discharge_Deb at khajuri,2024,382,73.5,03-Sep-2024,247,11.07,0.0
River Water Discharge_Deb at khajuri,2025,266,42.3,18-Aug-2025,230,5.51,0.0
River Water Discharge_Degloor,1987,170,213.87,19-Jun-1987,170,9.16,0.04
River Water Discharge_Degloor,1988,348,1867.0,02-Sep-1988,246,36.91,0.0
River Water Discharge_Degloor,1989,319,1103.0,24-Jul-1989,205,17.09,0.0
River Water Discharge_Degloor,1990,307,1678.0,16-Aug-1990,228,14.38,0.0
River Water Discharge_Degloor,1991,359,215.9,11-Jul-1991,192,2.07,0.0
River Water Discharge_Degloor,1992,357,329.4,02-Sep-1992,246,2.69,0.0
River Water Discharge_Degloor,1993,343,126.6,19-Oct-1993,292,3.38,0.0
River Water Discharge_Degloor,1994,349,47.58,31-Aug-1994,243,0.47,0.0
River Water Discharge_Degloor,1995,329,1990.39,19-Oct-1995,292,12.63,0.0
River Water Discharge_Degloor,1996,350,651.5,08-Sep-1996,252,13.96,0.0
River Water Discharge_Degloor,1997,352,318.1,29-Oct-1997,302,1.91,0.0
River Water Discharge_Degloor,1998,351,731.8,10-Aug-1998,222,21.85,0.0
River Water Discharge_Degloor,1999,336,265.62,02-Aug-1999,214,8.72,0.0
River Water Discharge_Degloor,2000,329,1035.5,25-Aug-2000,238,14.51,0.0
River Water Discharge_Degloor,2001,343,358.11,05-Aug-2001,217,6.83,0.0
River Water Discharge_Degloor,2002,345,135.5,25-Aug-2002,237,2.48,0.0
River Water Discharge_Degloor,2003,345,1812.4,21-Aug-2003,233,10.65,0.0
River Water Discharge_Degloor,2004,327,1000.23,30-Jul-2004,212,3.51,0.0
River Water Discharge_Degloor,2005,338,1426.16,21-Sep-2005,264,11.42,0.0
River Water Discharge_Degloor,2006,360,1743.12,05-Aug-2006,217,9.31,0.0
River Water Discharge_Degloor,2007,365,90.61,23-Sep-2007,266,2.06,0.0
River Water Discharge_Degloor,2008,366,94.79,10-Aug-2008,223,2.46,0.0
River Water Discharge_Degloor,2009,295,22.47,03-Sep-2009,246,0.59,0.0
River Water Discharge_Degloor,2010,365,1110.13,26-Aug-2010,238,9.42,0.0
River Water Discharge_Degloor,2011,365,441.33,01-Aug-2011,213,7.0,0.0
River Water Discharge_Degloor,2012,353,541.23,03-Oct-2012,277,6.2,0.0
River Water Discharge_Degloor,2013,364,199.12,23-Jul-2013,204,8.94,0.0
River Water Discharge_Degloor,2014,359,102.94,31-Aug-2014,243,1.03,0.0
River Water Discharge_Degloor,2015,151,0.0,01-Jan-2015,1,0.0,0.0
River Water Discharge_Degloor,2016,113,22.93,03-Aug-2016,216,3.66,0.0
River Water Discharge_Degloor,2017,60,15.4,11-Oct-2017,284,4.94,0.0
River Water Discharge_Degloor,2018,57,15.36,22-Aug-2018,234,1.62,0.0
River Water Discharge_Degloor,2019,180,93.36,02-Nov-2019,306,6.16,0.0
River Water Discharge_Degloor,2020,313,600.49,22-Sep-2020,266,10.76,0.0
River Water Discharge_Degloor,2021,276,419.88,08-Sep-2021,251,16.59,0.0
River Water Discharge_Degloor,2022,248,437.79,13-Jul-2022,194,22.69,0.0
River Water Discharge_Degloor,2023,215,2391.8,21-Jul-2023,202,41.41,0.0
River Water Discharge_Degloor,2024,369,525.79,02-Sep-2024,246,8.04,0.0
River Water Discharge_Degloor,2025,254,3067.73,29-Aug-2025,241,26.61,0.0
River Water Discharge_Denwa at matkuli,2019,603,687.73,07-Aug-2019,219,114.82,0.0
River Water Discharge_Denwa at matkuli,2020,732,478.52,31-Aug-2020,244,18.94,0.0
River Water Discharge_Denwa at matkuli,2021,730,1150.0,25-Jul-2021,206,47.22,0.17
River Water Discharge_Denwa at matkuli,2022,481,2154.0,16-Aug-2022,228,39.99,0.39
River Water Discharge_Denwa at matkuli,2023,366,658.7,04-Aug-2023,216,33.97,1.28
River Water Discharge_Denwa at matkuli,2024,366,726.48,03-Aug-2024,216,21.26,0.85
River Water Discharge_Denwa at matkuli,2025,275,340.0,30-Jul-2025,211,22.6,0.0
River Water Discharge_Dhadgaon,2018,62,0.0,01-Jan-2018,1,0.0,0.0
River Water Discharge_Dhadgaon,2019,608,2255.35,04-Aug-2019,216,13.06,0.0
River Water Discharge_Dhadgaon,2020,184,242.19,30-Aug-2020,243,5.65,0.0
River Water Discharge_Dhadgaon,2021,306,47.46,26-Jul-2021,207,1.98,0.0
River Water Discharge_Dhadgaon,2022,60,0.0,01-Jun-2022,152,0.0,0.0
River Water Discharge_Dhadgaon,2023,306,80.39,17-Sep-2023,260,1.82,0.0
River Water Discharge_Dhariawad,1988,214,219.3,05-Aug-1988,218,4.36,0.0
River Water Discharge_Dhariawad,1989,212,0.0,01-Jan-1989,1,0.0,0.0
River Water Discharge_Dhariawad,1990,365,484.2,07-Sep-1990,250,15.07,0.0
River Water Discharge_Dhariawad,1991,365,278.9,25-Aug-1991,237,9.04,0.0
River Water Discharge_Dhariawad,1992,366,25.47,17-Aug-1992,230,1.34,0.0
River Water Discharge_Dhariawad,1993,365,210.2,16-Aug-1993,228,4.63,0.04
River Water Discharge_Dhariawad,1994,365,281.7,03-Sep-1994,246,11.27,0.0
River Water Discharge_Dhariawad,1995,365,21.58,25-Jul-1995,206,0.93,0.0
River Water Discharge_Dhariawad,1996,366,295.1,16-Sep-1996,260,10.39,0.0
River Water Discharge_Dhariawad,1997,365,41.0,10-Sep-1997,253,1.66,0.0
River Water Discharge_Dhariawad,1998,364,12.37,18-Oct-1998,291,1.02,0.0
River Water Discharge_Dhariawad,1999,365,51.6,31-Jul-1999,212,1.41,0.0
River Water Discharge_Dhariawad,2000,366,265.4,21-Jul-2000,203,1.37,0.0
River Water Discharge_Dhariawad,2001,365,16.1,08-Jul-2001,189,0.91,0.0
River Water Discharge_Dhariawad,2002,365,64.41,06-Sep-2002,249,1.22,0.0
River Water Discharge_Dhariawad,2003,365,17.25,25-Sep-2003,268,0.88,0.0
River Water Discharge_Dhariawad,2004,366,682.35,24-Aug-2004,237,10.35,0.0
River Water Discharge_Dhariawad,2005,357,939.76,28-Jul-2005,209,3.92,0.0
River Water Discharge_Dhariawad,2006,360,1979.94,11-Aug-2006,223,36.53,0.0
River Water Discharge_Dhariawad,2007,365,198.08,21-Aug-2007,233,3.61,0.0
River Water Discharge_Dhariawad,2008,366,533.52,11-Jul-2008,193,4.83,0.14
River Water Discharge_Dhariawad,2009,361,396.75,23-Jul-2009,204,3.49,0.0
River Water Discharge_Dhariawad,2010,365,397.77,10-Sep-2010,253,3.63,0.0
River Water Discharge_Dhariawad,2011,363,751.51,11-Sep-2011,254,25.94,0.0
River Water Discharge_Dhariawad,2012,364,211.14,16-Aug-2012,229,17.69,0.0
River Water Discharge_Dhariawad,2013,151,4.38,15-Feb-2013,46,1.26,0.0
River Water Discharge_Dhariawad,2015,148,538.89,26-Jul-2015,207,22.47,0.23
River Water Discharge_Dhariawad,2016,55,2.45,04-Feb-2016,35,1.55,0.54
River Water Discharge_Dhariawad,2017,141,117.67,29-Aug-2017,241,20.26,0.13
River Water Discharge_Dhariawad,2018,63,52.13,01-Oct-2018,274,8.13,0.7
River Water Discharge_Dhariawad,2021,275,18.85,30-Sep-2021,273,2.79,0.23
River Water Discharge_Dhariawad,2022,349,285.8,23-Aug-2022,235,14.8,0.0
River Water Discharge_Dhariawad,2023,323,160.1,18-Sep-2023,261,4.42,0.0
River Water Discharge_Dhariawad,2024,310,58.86,26-Aug-2024,239,7.59,0.19
River Water Discharge_Dhariawad,2025,163,8.32,26-Jun-2025,177,1.75,0.19
River Water Discharge_Dhule,2018,302,25.99,24-Aug-2018,236,0.17,0.0
River Water Discharge_Dhule,2019,184,1184.32,09-Aug-2019,221,53.59,0.0
River Water Discharge_Dhule,2020,184,95.08,17-Aug-2020,230,17.66,0.0
River Water Discharge_Dhule,2021,306,141.84,30-Sep-2021,273,4.16,0.0
River Water Discharge_Dhule,2022,62,0.0,01-Jun-2022,152,0.0,0.0
River Water Discharge_Dhule,2023,306,67.1,09-Sep-2023,252,2.21,0.0
River Water Discharge_Dhule,2024,122,84.0,01-Nov-2024,306,73.62,59.0
River Water Discharge_Dindori,1988,214,2649.0,02-Aug-1988,215,37.25,0.0
River Water Discharge_Dindori,1989,365,875.0,13-Aug-1989,225,24.84,0.69
River Water Discharge_Dindori,1990,365,2250.0,05-Sep-1990,248,50.69,0.87
River Water Discharge_Dindori,1991,365,4710.0,23-Aug-1991,235,39.87,1.0
River Water Discharge_Dindori,1992,366,3080.0,11-Sep-1992,255,35.94,1.15
River Water Discharge_Dindori,1993,365,2560.0,27-Sep-1993,270,39.43,0.3
River Water Discharge_Dindori,1994,365,4350.0,20-Jul-1994,201,86.4,1.68
River Water Discharge_Dindori,1995,365,1865.0,08-Aug-1995,220,42.0,0.88
River Water Discharge_Dindori,1996,366,1515.0,01-Aug-1996,214,41.27,1.03
River Water Discharge_Dindori,1997,365,1085.0,29-Jul-1997,210,39.71,1.28
River Water Discharge_Dindori,1998,365,1300.0,05-Jul-1998,186,42.59,1.79
River Water Discharge_Dindori,1999,365,3907.0,31-Aug-1999,243,49.89,1.28
River Water Discharge_Dindori,2000,366,980.0,19-Jul-2000,201,23.46,1.09
River Water Discharge_Dindori,2001,365,2290.0,30-Jun-2001,181,46.5,0.48
River Water Discharge_Dindori,2002,365,1130.0,24-Jun-2002,175,27.43,0.81
River Water Discharge_Dindori,2003,360,2400.0,29-Aug-2003,241,70.01,0.5
River Water Discharge_Dindori,2004,365,1600.0,08-Aug-2004,221,44.28,1.98
River Water Discharge_Dindori,2005,365,1305.69,22-Aug-2005,234,55.2,0.51
River Water Discharge_Dindori,2006,359,1881.53,31-Jul-2006,212,40.1,0.3
River Water Discharge_Dindori,2007,346,277.44,06-Sep-2007,249,18.84,0.3
River Water Discharge_Dindori,2008,291,1253.94,19-Sep-2008,263,27.58,0.48
River Water Discharge_Dindori,2009,189,772.39,15-Aug-2009,227,24.48,0.71
River Water Discharge_Dindori,2010,196,490.12,03-Aug-2010,215,36.19,5.91
River Water Discharge_Dindori,2011,360,1044.09,12-Aug-2011,224,54.39,0.0
River Water Discharge_Dindori,2012,305,570.48,11-Aug-2012,224,39.43,0.0
River Water Discharge_Dindori,2013,342,844.63,09-Aug-2013,221,55.08,0.66
River Water Discharge_Dindori,2014,353,1922.22,14-Oct-2014,287,45.79,1.21
River Water Discharge_Dindori,2015,324,908.88,23-Jun-2015,174,21.41,0.73
River Water Discharge_Dindori,2016,338,1211.84,28-Aug-2016,241,41.16,0.61
River Water Discharge_Dindori,2017,365,920.2,10-Aug-2017,222,20.36,1.46
River Water Discharge_Dindori,2018,317,1919.0,07-Sep-2018,250,29.96,0.26
River Water Discharge_Dindori,2019,314,1077.24,28-Sep-2019,271,52.65,0.77
River Water Discharge_Dindori,2020,366,1002.23,28-Aug-2020,241,64.01,0.81
River Water Discharge_Dindori,2021,365,456.3,25-Jul-2021,206,38.34,1.38
River Water Discharge_Dindori,2022,365,1774.6,21-Aug-2022,233,55.37,2.5
River Water Discharge_Dindori,2023,365,1701.4,03-Aug-2023,215,47.93,3.13
River Water Discharge_Dindori,2024,421,860.2,04-Aug-2024,217,46.3,1.71
River Water Discharge_Dindori,2025,302,1820.0,05-Sep-2025,248,46.86,1.84
River Water Discharge_Dipuru,2018,214,0.0,01-Jun-2018,152,0.0,0.0
River Water Discharge_Dipuru,2019,364,0.7,02-Nov-2019,306,0.01,0.0
River Water Discharge_Dipuru,2020,187,185.73,28-Nov-2020,333,4.41,0.0
River Water Discharge_Dipuru,2021,62,209.32,29-Nov-2021,333,21.61,0.33
River Water Discharge_Dipuru,2022,341,45.1,11-Dec-2022,345,1.23,0.0
River Water Discharge_Dipuru,2023,220,25.47,06-Dec-2023,340,0.33,0.0
River Water Discharge_Dipuru,2024,45,0.99,07-Dec-2024,342,0.27,0.0
River Water Discharge_Dipuru,2025,52,0.29,19-Feb-2025,50,0.23,0.05
River Water Discharge_Doddipadu,2014,41,2.5,20-Nov-2014,324,0.64,0.0
River Water Discharge_Doddipadu,2015,289,74.81,11-Sep-2015,254,1.28,0.0
River Water Discharge_Doddipadu,2016,257,54.34,16-Sep-2016,260,1.53,0.0
River Water Discharge_Doddipadu,2017,197,31.7,14-Oct-2017,287,2.5,0.0
River Water Discharge_Doddipadu,2018,221,37.89,18-Oct-2018,291,4.04,0.0
River Water Discharge_Doddipadu,2019,277,1798.0,24-Sep-2019,267,9.81,0.0
River Water Discharge_Doddipadu,2020,365,622.0,26-Jul-2020,208,18.06,0.0
River Water Discharge_Doddipadu,2021,365,56.87,30-Nov-2021,334,7.39,0.0
River Water Discharge_Doddipadu,2022,365,556.16,14-Oct-2022,287,7.06,0.0
River Water Discharge_Doddipadu,2023,339,90.06,26-Apr-2023,116,2.33,0.0
River Water Discharge_Doddipadu,2024,384,246.44,22-Aug-2024,235,3.28,0.0
River Water Discharge_Doddipadu,2025,292,270.0,14-Sep-2025,257,4.46,0.0
River Water Discharge_Dudhi at panagar,2019,398,278.45,10-Sep-2019,253,92.68,0.0
River Water Discharge_Dudhi at panagar,2020,732,347.5,29-Aug-2020,242,15.72,1.94
River Water Discharge_Dudhi at panagar,2021,928,137.41,31-Jul-2021,212,11.9,0.0
River Water Discharge_Dudhi at panagar,2022,636,279.8,16-Aug-2022,228,12.36,0.0
River Water Discharge_Dudhi at panagar,2023,365,277.59,04-Aug-2023,216,13.05,0.0
River Water Discharge_Dudhi at panagar,2024,372,323.43,23-Jul-2024,205,18.9,0.0
River Water Discharge_Dudhi at panagar,2025,254,390.83,09-Jul-2025,190,19.76,0.0
River Water Discharge_Elunuthimangalam,1998,147,13.59,12-Dec-1998,346,1.29,0.0
River Water Discharge_Elunuthimangalam,1999,365,175.3,24-Oct-1999,297,4.28,0.0
River Water Discharge_Elunuthimangalam,2000,366,87.28,10-Oct-2000,284,1.33,0.0
River Water Discharge_Elunuthimangalam,2001,365,22.72,27-Oct-2001,300,0.26,0.0
River Water Discharge_Elunuthimangalam,2002,365,30.54,27-Nov-2002,331,0.57,0.0
River Water Discharge_Elunuthimangalam,2003,365,28.44,25-Dec-2003,359,0.36,0.0
River Water Discharge_Elunuthimangalam,2004,366,17.96,23-Aug-2004,236,0.32,0.0
River Water Discharge_Elunuthimangalam,2005,364,108.3,24-Nov-2005,328,5.39,0.0
River Water Discharge_Elunuthimangalam,2006,364,65.58,08-Nov-2006,312,5.27,0.05
River Water Discharge_Elunuthimangalam,2007,361,75.97,20-Dec-2007,354,7.12,0.77
River Water Discharge_Elunuthimangalam,2008,363,50.13,29-Nov-2008,334,5.34,0.49
River Water Discharge_Elunuthimangalam,2009,365,78.48,09-Nov-2009,313,4.29,0.19
River Water Discharge_Elunuthimangalam,2010,365,95.88,21-Nov-2010,325,6.0,0.32
River Water Discharge_Elunuthimangalam,2011,363,86.95,08-Nov-2011,312,5.82,0.0
River Water Discharge_Elunuthimangalam,2012,362,18.74,01-Jan-2012,1,1.22,0.0
River Water Discharge_Elunuthimangalam,2013,345,25.21,21-Feb-2013,52,0.87,0.0
River Water Discharge_Elunuthimangalam,2014,361,50.95,28-Oct-2014,301,3.46,0.0
River Water Discharge_Elunuthimangalam,2015,361,101.44,07-Dec-2015,341,16.9,0.0
River Water Discharge_Elunuthimangalam,2016,152,37.69,04-Jan-2016,4,2.84,0.0
River Water Discharge_Elunuthimangalam,2017,112,50.92,04-Sep-2017,247,4.17,0.0
River Water Discharge_Elunuthimangalam,2018,161,40.0,19-Aug-2018,231,6.01,0.52
River Water Discharge_Elunuthimangalam,2019,263,75.71,21-Dec-2019,355,4.79,0.1
River Water Discharge_Elunuthimangalam,2020,282,79.0,09-Aug-2020,222,4.46,0.16
River Water Discharge_Elunuthimangalam,2021,299,48.36,07-Dec-2021,341,6.63,0.1
River Water Discharge_Elunuthimangalam,2022,364,68.29,10-Aug-2022,222,7.95,0.68
River Water Discharge_Elunuthimangalam,2023,327,14.28,07-Nov-2023,311,3.8,0.0
River Water Discharge_Elunuthimangalam,2024,359,55.96,08-Nov-2024,313,6.54,0.0
River Water Discharge_Elunuthimangalam,2025,261,31.2,29-May-2025,149,4.0,0.36
River Water Discharge_Errakalva    ananthapalli,1999,139,175.9,31-Aug-1999,243,27.2,1.38
River Water Discharge_Errakalva    ananthapalli,2000,138,401.7,27-Aug-2000,240,27.84,0.0
River Water Discharge_Errakalva    ananthapalli,2001,103,190.06,01-Oct-2001,274,5.4,0.0
River Water Discharge_Errakalva    ananthapalli,2002,48,17.26,15-Jun-2002,166,3.7,0.4
River Water Discharge_Errakalva    ananthapalli,2003,136,340.34,16-Dec-2003,350,6.87,0.0
River Water Discharge_Errakalva    ananthapalli,2004,108,57.6,11-Sep-2004,255,5.82,1.02
River Water Discharge_Errakalva    ananthapalli,2005,121,882.23,20-Sep-2005,263,29.33,2.02
River Water Discharge_Errakalva    ananthapalli,2006,120,468.03,04-Aug-2006,216,13.53,2.16
River Water Discharge_Errakalva    ananthapalli,2007,130,291.9,06-Oct-2007,279,9.28,1.03
River Water Discharge_Errakalva    ananthapalli,2008,72,637.52,10-Aug-2008,223,59.45,1.17
River Water Discharge_Errakalva    ananthapalli,2009,63,50.57,21-Nov-2009,325,15.36,7.25
River Water Discharge_Errakalva    ananthapalli,2010,153,609.61,31-Aug-2010,243,45.0,0.0
River Water Discharge_Errakalva    ananthapalli,2011,37,131.68,22-Aug-2011,234,34.61,8.79
River Water Discharge_Errakalva    ananthapalli,2012,135,650.46,04-Nov-2012,309,42.22,10.86
River Water Discharge_Errakalva    ananthapalli,2013,95,287.58,27-Oct-2013,300,27.9,12.31
River Water Discharge_Errakalva    ananthapalli,2014,25,50.84,29-Jul-2014,210,29.73,13.34
River Water Discharge_Errakalva    ananthapalli,2015,4,33.01,21-Jun-2015,172,25.15,17.29
River Water Discharge_Errakalva    ananthapalli,2016,20,308.3,30-Sep-2016,274,119.53,84.76
River Water Discharge_Errakalva    ananthapalli,2017,66,128.11,07-Sep-2017,250,71.07,0.0
River Water Discharge_Errakalva    ananthapalli,2018,64,1252.91,20-Aug-2018,232,108.64,0.0
River Water Discharge_Errakalva    ananthapalli,2022,153,0.0,01-Apr-2022,91,0.0,0.0
River Water Discharge_Fekoghat,1988,136,45.31,10-Aug-1988,223,16.53,3.08
River Water Discharge_Fekoghat,1989,92,130.9,08-Aug-1989,220,16.73,2.1
River Water Discharge_Fekoghat,1990,153,331.66,04-Sep-1990,247,42.11,2.1
River Water Discharge_Fekoghat,1991,135,255.79,22-Jul-1991,203,32.53,1.24
River Water Discharge_Fekoghat,1992,72,129.53,08-Aug-1992,221,37.96,3.07
River Water Discharge_Fekoghat,1993,86,176.0,13-Sep-1993,256,45.25,5.56
River Water Discharge_Fekoghat,1994,123,275.31,20-Jul-1994,201,57.84,6.03
River Water Discharge_Fekoghat,1995,131,280.07,27-Sep-1995,270,39.07,1.89
River Water Discharge_Fekoghat,1996,125,218.96,26-Jul-1996,208,26.96,0.42
River Water Discharge_Fekoghat,1997,114,1487.95,28-Jun-1997,179,67.25,3.77
River Water Discharge_Fekoghat,1998,139,532.02,10-Sep-1998,253,22.61,1.13
River Water Discharge_Fekoghat,1999,122,684.95,07-Aug-1999,219,66.41,3.31
River Water Discharge_Fekoghat,2000,128,152.96,20-Sep-2000,264,23.29,1.33
River Water Discharge_Fekoghat,2001,123,597.54,31-Aug-2001,243,65.35,6.45
River Water Discharge_Fekoghat,2002,109,392.2,11-Sep-2002,254,43.88,2.2
River Water Discharge_Fekoghat,2003,122,509.3,08-Oct-2003,281,33.46,2.57
River Water Discharge_Fekoghat,2004,123,420.1,08-Aug-2004,221,62.91,2.86
River Water Discharge_Fekoghat,2005,117,375.02,14-Sep-2005,257,30.28,0.61
River Water Discharge_Fekoghat,2006,121,410.04,21-Sep-2006,264,59.13,3.1
River Water Discharge_Fekoghat,2007,128,650.4,06-Jul-2007,187,54.74,3.99
River Water Discharge_Fekoghat,2008,122,480.2,18-Jun-2008,170,48.14,21.45
River Water Discharge_Fekoghat,2009,127,195.05,07-Sep-2009,250,14.28,0.9
River Water Discharge_Fekoghat,2010,140,40.0,19-Sep-2010,262,5.6,1.01
River Water Discharge_Fekoghat,2011,123,200.0,19-Jun-2011,170,47.58,10.5
River Water Discharge_Fekoghat,2012,128,179.55,07-Sep-2012,251,28.23,0.96
River Water Discharge_Fekoghat,2013,123,569.46,21-Aug-2013,233,70.73,9.6
River Water Discharge_Fekoghat,2014,153,60.51,02-Sep-2014,245,13.76,1.27
River Water Discharge_Fekoghat,2015,124,78.3,28-Jul-2015,209,16.45,0.97
River Water Discharge_Fekoghat,2016,146,246.64,06-Sep-2016,250,31.52,0.0
River Water Discharge_Fekoghat,2017,72,442.17,28-Jul-2017,209,51.44,17.35
River Water Discharge_Fekoghat,2018,79,194.67,06-Aug-2018,218,11.49,0.99
River Water Discharge_Fekoghat,2019,147,59.0,29-Sep-2019,272,8.59,0.2
River Water Discharge_Fekoghat,2020,153,261.7,26-Aug-2020,239,26.0,0.75
River Water Discharge_Fekoghat,2021,153,378.05,30-Sep-2021,273,115.54,6.81
River Water Discharge_Fekoghat,2022,153,200.0,21-Aug-2022,233,19.36,2.8
River Water Discharge_Fekoghat,2023,153,170.0,02-Oct-2023,275,21.0,0.45
River Water Discharge_Fekoghat,2024,153,416.0,16-Sep-2024,260,47.97,3.0
River Water Discharge_Fekoghat,2025,61,310.0,30-Jun-2025,181,67.3,2.3
River Water Discharge_Gagadio   sanaliya,2016,1,30.2,16-Sep-2016,260,30.2,30.2
River Water Discharge_Gandlapet,1986,184,602.87,14-Aug-1986,226,14.07,0.0
River Water Discharge_Gandlapet,1987,365,9.49,20-Nov-1987,324,0.2,0.0
River Water Discharge_Gandlapet,1988,366,1325.8,20-Aug-1988,233,27.94,0.0
River Water Discharge_Gandlapet,1989,365,1154.9,24-Jul-1989,205,17.12,0.0
River Water Discharge_Gandlapet,1990,365,1656.0,30-Aug-1990,242,24.92,0.0
River Water Discharge_Gandlapet,1991,365,1240.0,12-Jul-1991,193,7.21,0.0
River Water Discharge_Gandlapet,1992,366,29.86,16-Aug-1992,229,0.62,0.0
River Water Discharge_Gandlapet,1993,365,359.6,30-Jul-1993,211,2.7,0.0
River Water Discharge_Gandlapet,1994,365,64.97,07-Oct-1994,280,1.3,0.0
River Water Discharge_Gandlapet,1995,365,1072.16,19-Oct-1995,292,13.43,0.0
River Water Discharge_Gandlapet,1996,366,254.0,02-Oct-1996,276,2.29,0.0
River Water Discharge_Gandlapet,1997,365,8.25,29-Oct-1997,302,0.03,0.0
River Water Discharge_Gandlapet,1998,365,327.8,16-Oct-1998,289,6.23,0.0
River Water Discharge_Gandlapet,1999,365,494.8,10-Sep-1999,253,5.36,0.0
River Water Discharge_Gandlapet,2000,366,808.54,11-Aug-2000,224,6.12,0.0
River Water Discharge_Gandlapet,2001,365,182.35,23-Aug-2001,235,1.14,0.0
River Water Discharge_Gandlapet,2002,365,12.9,25-Aug-2002,237,0.21,0.0
River Water Discharge_Gandlapet,2003,365,23.9,24-Aug-2003,236,0.09,0.0
River Water Discharge_Gandlapet,2004,362,4.83,12-Sep-2004,256,0.09,0.0
River Water Discharge_Gandlapet,2005,339,42.22,22-Sep-2005,265,0.52,0.0
River Water Discharge_Gandlapet,2006,365,457.46,05-Aug-2006,217,3.18,0.0
River Water Discharge_Gandlapet,2007,334,0.0,01-Jan-2007,1,0.0,0.0
River Water Discharge_Gandlapet,2008,366,0.0,01-Jan-2008,1,0.0,0.0
River Water Discharge_Gandlapet,2009,365,0.0,01-Jan-2009,1,0.0,0.0
River Water Discharge_Gandlapet,2010,365,86.16,24-Sep-2010,267,2.01,0.0
River Water Discharge_Gandlapet,2011,365,97.32,29-Jul-2011,210,1.95,0.0
River Water Discharge_Gandlapet,2012,366,136.87,03-Oct-2012,277,0.6,0.0
River Water Discharge_Gandlapet,2013,365,175.38,01-Aug-2013,213,12.09,0.0
River Water Discharge_Gandlapet,2014,151,0.0,01-Jan-2014,1,0.0,0.0
River Water Discharge_Gandlapet,2016,64,2.04,28-Sep-2016,272,0.15,0.0
River Water Discharge_Gandlapet,2017,6,0.71,28-Oct-2017,301,0.44,0.0
River Water Discharge_Gandlapet,2018,10,5.48,22-Aug-2018,234,1.44,0.0
River Water Discharge_Gandlapet,2019,38,19.87,24-Sep-2019,267,5.68,0.0
River Water Discharge_Gandlapet,2020,272,17.85,17-Aug-2020,230,0.5,0.0
River Water Discharge_Gandlapet,2021,240,639.17,23-Jul-2021,204,17.03,0.0
River Water Discharge_Gandlapet,2022,243,3250.89,03-Sep-2022,246,56.53,0.0
River Water Discharge_Gandlapet,2023,215,1467.37,28-Jul-2023,209,29.43,0.0
River Water Discharge_Gandlapet,2024,371,1121.8,02-Sep-2024,246,11.84,0.0
River Water Discharge_Gandlapet,2025,263,723.44,29-Aug-2025,241,9.07,0.0
River Water Discharge_Ganjem,2016,124,712.15,05-Jul-2016,187,168.92,4.91
River Water Discharge_Ganjem,2017,88,1070.93,21-Jul-2017,202,232.57,34.15
River Water Discharge_Ganjem,2018,166,1262.81,17-Aug-2018,229,155.17,0.83
River Water Discharge_Ganjem,2020,38,931.59,21-Sep-2020,265,224.92,90.01
River Water Discharge_Ganjem,2021,214,6901.0,23-Jul-2021,204,254.13,0.0
River Water Discharge_Ganjem,2022,365,1208.0,06-Jul-2022,187,93.1,0.0
River Water Discharge_Ganjem,2023,274,1371.8,20-Jul-2023,201,84.81,0.0
River Water Discharge_Ganjem,2024,100,1948.46,01-Aug-2024,214,351.31,65.93
River Water Discharge_Ganjem,2025,15,409.43,26-Jun-2025,177,220.06,133.74
River Water Discharge_Garimillapalli,2017,90,2.75,23-Nov-2017,327,0.47,0.0
River Water Discharge_Garimillapalli,2018,30,0.0,01-Jan-2018,1,0.0,0.0
River Water Discharge_Garimillapalli,2019,211,170.48,08-Aug-2019,220,12.32,0.0
River Water Discharge_Garimillapalli,2020,361,270.0,15-Aug-2020,228,13.96,0.0
River Water Discharge_Garimillapalli,2021,347,182.27,29-Sep-2021,272,11.36,0.0
River Water Discharge_Garimillapalli,2022,327,158.16,15-Jul-2022,196,13.58,0.0
River Water Discharge_Garimillapalli,2023,300,290.0,27-Jul-2023,208,10.23,0.0
River Water Discharge_Garimillapalli,2024,258,153.2,22-Jul-2024,204,9.07,0.0
River Water Discharge_Garimillapalli,2025,155,172.78,29-Aug-2025,241,10.55,0.15
River Water Discharge_Garimillapalli_2,2017,82,8.52,11-Aug-2017,223,1.22,0.0
River Water Discharge_Garimillapalli_2,2018,191,66.0,12-Aug-2018,224,5.83,0.0
River Water Discharge_Garimillapalli_2,2019,4,0.27,01-Jan-2019,1,0.19,0.15
River Water Discharge_Gaur at bhalawara,2019,214,235.85,15-Aug-2019,227,21.11,0.0
River Water Discharge_Gaur at bhalawara,2020,366,175.6,17-Aug-2020,230,11.05,0.0
River Water Discharge_Gaur at bhalawara,2021,365,33.46,16-Sep-2021,259,4.29,0.0
River Water Discharge_Gaur at bhalawara,2022,365,310.0,22-Aug-2022,234,8.69,0.0
River Water Discharge_Gaur at bhalawara,2023,365,950.3,03-Aug-2023,215,18.96,0.0
River Water Discharge_Gaur at bhalawara,2024,439,230.2,05-Aug-2024,218,18.35,0.0
River Water Discharge_Gaur at bhalawara,2025,276,600.0,06-Jul-2025,187,39.15,0.0
River Water Discharge_Gavachi(ver),2020,172,367.97,24-Aug-2020,237,22.96,0.0
River Water Discharge_Gavachi(ver),2021,163,362.48,29-Sep-2021,272,10.78,0.87
River Water Discharge_Gavachi(ver),2022,241,574.78,17-Aug-2022,229,23.95,0.0
River Water Discharge_Gavachi(ver),2023,264,111.63,15-Jul-2023,196,6.07,0.0
River Water Discharge_Gavachi(ver),2024,72,71.64,02-Jul-2024,184,5.41,0.2
River Water Discharge_Gidhade,1973,5,4478.13,01-Sep-1973,244,1324.32,0.0
River Water Discharge_Gidhade,1974,5,972.7,01-Aug-1974,213,357.48,0.0
River Water Discharge_Gidhade,1975,5,934.6,01-Sep-1975,244,552.2,0.0
River Water Discharge_Gidhade,1976,5,2972.0,01-Aug-1976,214,1126.86,0.0
River Water Discharge_Gidhade,1977,5,3091.8,01-Sep-1977,244,818.66,0.0
River Water Discharge_Gidhade,1978,5,8461.0,01-Sep-1978,244,1811.98,0.0
River Water Discharge_Gidhade,1979,5,984.13,01-Aug-1979,213,511.35,0.0
River Water Discharge_Gidhade,1980,5,2282.23,01-Aug-1980,214,773.3,0.0
River Water Discharge_Gidhade,1981,4,1738.83,01-Oct-1981,274,585.88,0.0
River Water Discharge_Gidhade,1982,4,431.91,01-Sep-1982,244,275.02,0.0
River Water Discharge_Gidhade,1983,5,2860.06,01-Sep-1983,244,1125.29,0.0
River Water Discharge_Gidhade,1984,5,607.47,01-Jul-1984,183,193.39,0.0
River Water Discharge_Gidhade,1985,4,1978.08,01-Aug-1985,213,531.26,0.0
River Water Discharge_Gidhade,1986,4,550.18,01-Aug-1986,213,137.54,0.0
River Water Discharge_Gidhade,1987,5,660.73,01-Jul-1987,182,266.87,0.0
River Water Discharge_Gidhade,1988,5,2035.83,01-Oct-1988,275,820.49,0.0
River Water Discharge_Gidhade,1989,5,2905.86,01-Sep-1989,244,1128.66,0.0
River Water Discharge_Gidhade,1990,7,7461.1,01-Sep-1990,244,1357.11,0.0
River Water Discharge_Gidhade,1991,12,7680.0,01-Aug-1991,213,704.47,0.24
River Water Discharge_Gidhade,1992,12,357.0,01-Sep-1992,245,52.97,0.0
River Water Discharge_Gidhade,1993,12,965.0,01-Oct-1993,274,159.51,0.0
River Water Discharge_Gidhade,1994,12,6538.0,01-Sep-1994,244,621.03,0.0
River Water Discharge_Gidhade,1995,12,305.7,01-Jul-1995,182,61.85,0.2
River Water Discharge_Gidhade,1996,12,1000.0,01-Sep-1996,245,135.17,0.0
River Water Discharge_Gidhade,1997,12,2121.0,01-Aug-1997,213,464.81,0.0
River Water Discharge_Gidhade,1998,12,1854.0,01-Aug-1998,213,265.58,0.0
River Water Discharge_Gidhade,1999,12,433.9,01-Oct-1999,274,83.6,0.0
River Water Discharge_Gidhade,2000,12,785.5,01-Jul-2000,183,84.1,0.0
River Water Discharge_Gidhade,2001,12,89.12,01-Sep-2001,244,15.49,0.0
River Water Discharge_Gidhade,2002,12,2133.0,01-Sep-2002,244,201.3,0.0
River Water Discharge_Gidhade,2003,12,1124.0,01-Oct-2003,274,224.1,0.0
River Water Discharge_Gidhade,2004,12,535.0,01-Aug-2004,214,73.27,0.0
River Water Discharge_Gidhade,2005,12,324.1,01-Aug-2005,213,45.69,0.0
River Water Discharge_Gidhade,2006,5,420.06,01-Aug-2006,213,219.16,2.79
River Water Discharge_Gidhade,2007,7,1873.05,01-Jul-2007,182,477.89,0.0
River Water Discharge_Gidhade,2008,7,1750.0,01-Sep-2008,245,304.65,0.0
River Water Discharge_Gidhade,2009,12,126.25,01-Aug-2009,213,10.52,0.0
River Water Discharge_Gidhade,2010,12,3441.2,01-Aug-2010,213,439.61,0.0
River Water Discharge_Gidhade,2011,12,1164.42,01-Sep-2011,244,115.52,0.0
River Water Discharge_Gidhade,2012,9,1196.49,01-Sep-2012,245,245.61,0.0
River Water Discharge_Gidhade,2013,3,879.53,01-Aug-2013,213,533.57,232.65
River Water Discharge_Gidhade,2014,2,3471.58,01-Sep-2014,244,2174.03,876.48
River Water Discharge_Gidhade,2015,10,4320.39,08-Aug-2015,220,1279.75,446.87
River Water Discharge_Gidhade,2017,18,2274.43,31-Aug-2017,243,678.94,147.39
River Water Discharge_Gidhade,2018,19,4200.6,22-Aug-2018,234,686.18,0.0
River Water Discharge_Gidhade,2019,1,568.21,29-Jul-2019,210,568.21,568.21
River Water Discharge_Gidhade,2023,19,5292.97,23-Jul-2023,204,1325.89,129.13
River Water Discharge_Gidhade,2024,87,1083542.0,23-Aug-2024,236,26174.54,144.53
River Water Discharge_Halia,1984,184,32.8,02-Aug-1984,215,1.89,0.0
River Water Discharge_Halia,1985,365,65.0,19-Jun-1985,170,1.84,0.0
River Water Discharge_Halia,1986,365,26.0,07-Nov-1986,311,0.78,0.0
River Water Discharge_Halia,1987,365,552.4,04-Nov-1987,308,4.25,0.0
River Water Discharge_Halia,1988,366,161.4,20-Sep-1988,264,5.25,0.01
River Water Discharge_Halia,1989,365,297.7,17-Jul-1989,198,4.51,0.05
River Water Discharge_Halia,1990,365,169.0,26-Oct-1990,299,2.3,0.04
River Water Discharge_Halia,1991,365,2647.0,22-Sep-1991,265,15.66,0.0
River Water Discharge_Halia,1992,366,7.62,01-Sep-1992,245,0.55,0.0
River Water Discharge_Halia,1993,365,107.7,09-Oct-1993,282,2.28,0.0
River Water Discharge_Halia,1994,365,825.3,06-Oct-1994,279,4.23,0.02
River Water Discharge_Halia,1995,365,130.5,19-Oct-1995,292,4.3,0.03
River Water Discharge_Halia,1996,366,43.16,06-Sep-1996,250,1.86,0.0
River Water Discharge_Halia,1997,365,45.78,24-Sep-1997,267,1.04,0.02
River Water Discharge_Halia,1998,365,419.2,15-Oct-1998,288,3.83,0.0
River Water Discharge_Halia,1999,365,31.2,07-Sep-1999,250,0.76,0.0
River Water Discharge_Halia,2000,366,551.3,23-Aug-2000,236,3.48,0.0
River Water Discharge_Halia,2001,365,600.0,01-Oct-2001,274,7.1,0.0
River Water Discharge_Halia,2002,365,2.44,09-Jan-2002,9,0.15,0.0
River Water Discharge_Halia,2003,365,144.3,24-Oct-2003,297,0.56,0.0
River Water Discharge_Halia,2004,366,280.3,09-Oct-2004,283,3.51,0.0
River Water Discharge_Halia,2005,365,3383.1,29-Oct-2005,302,27.54,0.0
River Water Discharge_Halia,2006,365,49.94,01-Nov-2006,305,5.69,0.0
River Water Discharge_Halia,2007,364,524.28,17-Sep-2007,260,16.74,0.27
River Water Discharge_Halia,2008,330,535.05,30-Nov-2008,335,15.55,0.0
River Water Discharge_Halia,2009,336,160.39,02-Oct-2009,275,5.96,0.0
River Water Discharge_Halia,2010,323,118.82,15-Sep-2010,258,13.73,0.1
River Water Discharge_Halia,2011,337,30.93,25-Aug-2011,237,7.71,0.0
River Water Discharge_Halia,2012,282,27.81,03-Oct-2012,277,1.49,0.0
River Water Discharge_Halia,2013,283,1125.87,25-Oct-2013,298,11.71,0.0
River Water Discharge_Halia,2014,325,44.49,21-Sep-2014,264,5.07,0.0
River Water Discharge_Halia,2015,315,31.36,15-Sep-2015,258,3.04,0.0
River Water Discharge_Halia,2016,300,291.15,23-Sep-2016,267,5.68,0.0
River Water Discharge_Halia,2017,218,22.72,05-Oct-2017,278,2.3,0.0
River Water Discharge_Halia,2018,355,29.65,19-Sep-2018,262,2.06,0.0
River Water Discharge_Halia,2019,360,252.78,18-Sep-2019,261,8.82,0.0
River Water Discharge_Halia,2020,366,522.13,14-Oct-2020,288,17.62,0.83
River Water Discharge_Halia,2021,365,436.54,30-Aug-2021,242,21.53,0.0
River Water Discharge_Halia,2022,365,212.0,16-Oct-2022,289,12.07,0.0
River Water Discharge_Halia,2023,364,128.62,01-Oct-2023,274,4.51,0.0
River Water Discharge_Halia,2024,368,128.92,15-Sep-2024,259,5.22,0.0
River Water Discharge_Halia,2025,211,8.51,08-Jan-2025,8,2.46,0.0
River Water Discharge_Hamdapur,2018,306,641.74,07-Jul-2018,188,22.46,0.0
River Water Discharge_Hamdapur,2019,304,651.76,31-Jul-2019,212,23.57,0.0
River Water Discharge_Hamdapur,2020,301,107.51,29-Jul-2020,211,19.94,0.0
River Water Discharge_Hamdapur,2021,139,205.18,08-Jul-2021,189,12.15,0.0
River Water Discharge_Hamdapur,2023,188,433.65,20-Aug-2023,232,33.95,0.0
River Water Discharge_Hamdapur,2024,236,645.49,23-Jul-2024,205,54.85,0.0
River Water Discharge_Hamdapur,2025,52,298.35,19-Aug-2025,231,62.3,8.28
River Water Discharge_Harur,2019,1,0.27,24-Sep-2019,267,0.27,0.27
River Water Discharge_Harur,2020,29,2.67,08-Dec-2020,343,0.56,0.16
River Water Discharge_Harur,2021,222,65.0,19-Nov-2021,323,2.41,0.03
River Water Discharge_Harur,2022,364,5.88,13-Dec-2022,347,0.85,0.0
River Water Discharge_Harur,2023,161,2.65,01-Jan-2023,1,0.34,0.0
River Water Discharge_Harur,2024,276,221.37,02-Dec-2024,337,2.55,0.0
River Water Discharge_Harur,2025,206,6.57,01-Jan-2025,1,0.53,0.0
River Water Discharge_Hathed at misrod,2019,371,109.5,12-Sep-2019,255,13.22,0.0
River Water Discharge_Hathed at misrod,2020,730,150.0,30-Aug-2020,243,18.4,1.12
River Water Discharge_Hathed at misrod,2021,944,110.06,22-Jun-2021,173,10.64,0.79
River Water Discharge_Hathed at misrod,2022,728,131.0,16-Jul-2022,197,10.65,0.0
River Water Discharge_Hathed at misrod,2023,381,321.1,16-Sep-2023,259,8.35,0.0
River Water Discharge_Hathed at misrod,2024,366,149.83,02-Aug-2024,215,6.2,0.0
River Water Discharge_Hathed at misrod,2025,300,260.17,23-Jul-2025,204,7.95,0.0
River Water Discharge_Hemavathy reservoir,2018,2,20.12,03-Sep-2018,246,18.85,17.58
River Water Discharge_Hiran at singaldeep,2019,214,74.21,09-Aug-2019,221,26.29,5.5
River Water Discharge_Hiran at singaldeep,2020,366,311.48,19-Aug-2020,232,33.83,2.76
River Water Discharge_Hiran at singaldeep,2021,365,384.7,25-Jul-2021,206,22.51,0.0
River Water Discharge_Hiran at singaldeep,2022,361,383.85,22-Aug-2022,234,25.03,0.0
River Water Discharge_Hiran at singaldeep,2023,365,830.51,05-Aug-2023,217,30.17,0.33
River Water Discharge_Hiran at singaldeep,2024,449,682.74,05-Aug-2024,218,26.51,0.0
River Water Discharge_Hiran at singaldeep,2025,293,232.0,08-Jul-2025,189,19.91,0.0
River Water Discharge_Hogenakkal,1996,88,18.8,19-Oct-1996,293,4.65,1.13
River Water Discharge_Hogenakkal,1997,365,65.97,27-Nov-1997,331,3.0,0.0
River Water Discharge_Hogenakkal,1998,338,24.53,21-Aug-1998,233,1.78,0.0
River Water Discharge_Hogenakkal,1999,342,112.2,29-Oct-1999,302,4.12,0.0
River Water Discharge_Hogenakkal,2000,341,122.62,06-Oct-2000,280,5.21,0.0
River Water Discharge_Hogenakkal,2001,364,21.89,28-Oct-2001,301,1.12,0.0
River Water Discharge_Hogenakkal,2002,364,31.95,28-Oct-2002,301,0.18,0.0
River Water Discharge_Hogenakkal,2003,362,21.87,06-Oct-2003,279,0.37,0.0
River Water Discharge_Hogenakkal,2004,357,71.47,17-Oct-2004,291,0.67,0.0
River Water Discharge_Hogenakkal,2005,318,251.4,24-Oct-2005,297,4.83,0.0
River Water Discharge_Hogenakkal,2006,307,5.75,09-Jan-2006,9,0.57,0.0
River Water Discharge_Hogenakkal,2007,362,7.8,25-Aug-2007,237,0.04,0.0
River Water Discharge_Hogenakkal,2008,347,13.56,23-Oct-2008,297,1.09,0.0
River Water Discharge_Hogenakkal,2009,358,1.02,04-Jan-2009,4,0.13,0.0
River Water Discharge_Hogenakkal,2010,363,19.04,08-Nov-2010,312,0.83,0.0
River Water Discharge_Hogenakkal,2011,348,18.35,25-Apr-2011,115,0.76,0.0
River Water Discharge_Hogenakkal,2012,357,2.58,15-Oct-2012,289,0.02,0.0
River Water Discharge_Hogenakkal,2013,355,24.24,09-Oct-2013,282,0.15,0.0
River Water Discharge_Hogenakkal,2014,357,8.53,30-Oct-2014,303,0.22,0.0
River Water Discharge_Hogenakkal,2015,356,40.14,10-Nov-2015,314,1.03,0.0
River Water Discharge_Hogenakkal,2016,363,1.41,03-Jan-2016,3,0.07,0.0
River Water Discharge_Hogenakkal,2017,163,56.79,11-Oct-2017,284,1.61,0.0
River Water Discharge_Hogenakkal,2021,66,14.0,19-Nov-2021,323,4.11,0.25
River Water Discharge_Hogenakkal,2022,239,78.77,17-Oct-2022,290,4.98,0.0
River Water Discharge_Hogenakkal,2023,207,11.83,07-Nov-2023,311,0.56,0.03
River Water Discharge_Hogenakkal,2024,142,7.89,03-Dec-2024,338,0.88,0.02
River Water Discharge_Hogenakkal,2025,38,1.17,01-Jan-2025,1,0.6,0.17
River Water Discharge_Hommaragalli,2019,168,811.18,14-Aug-2019,226,106.77,12.11
River Water Discharge_Hommaragalli,2020,263,1295.82,07-Aug-2020,220,64.11,1.3
River Water Discharge_Hommaragalli,2021,306,763.9,25-Jul-2021,206,68.87,7.78
River Water Discharge_Hommaragalli,2022,336,1231.92,10-Aug-2022,222,148.35,3.86
River Water Discharge_Hommaragalli,2023,318,922.58,27-Jul-2023,208,37.77,1.15
River Water Discharge_Hommaragalli,2024,288,1252.11,27-Jul-2024,209,59.4,6.83
River Water Discharge_Hommaragalli,2025,123,40.69,19-May-2025,139,20.69,1.83
River Water Discharge_Indra at khapriya,2019,398,157.8,11-Sep-2019,254,24.95,0.0
River Water Discharge_Indra at khapriya,2020,732,450.0,01-Sep-2020,245,22.38,3.0
River Water Discharge_Indra at khapriya,2021,730,49.74,21-Aug-2021,233,9.36,1.0
River Water Discharge_Indra at khapriya,2022,575,75.12,16-Aug-2022,228,6.82,0.0
River Water Discharge_Indra at khapriya,2023,365,180.2,16-Sep-2023,259,5.88,0.0
River Water Discharge_Indra at khapriya,2024,374,73.9,22-Jul-2024,204,4.17,0.0
River Water Discharge_Indra at khapriya,2025,267,112.14,24-Jul-2025,205,5.81,0.0
River Water Discharge_Jamner at sandalpur,2019,184,1500.0,28-Jul-2019,209,107.3,17.7
River Water Discharge_Jamner at sandalpur,2020,366,680.0,30-Aug-2020,243,49.51,0.0
River Water Discharge_Jamner at sandalpur,2021,365,160.8,18-Oct-2021,291,7.48,0.0
River Water Discharge_Jamner at sandalpur,2022,363,253.21,12-Jul-2022,193,15.4,0.0
River Water Discharge_Jamner at sandalpur,2023,365,315.87,16-Sep-2023,259,10.07,0.0
River Water Discharge_Jamner at sandalpur,2024,366,112.17,04-Sep-2024,248,9.27,0.0
River Water Discharge_Jamner at sandalpur,2025,259,269.66,04-Sep-2025,247,9.28,0.0
River Water Discharge_Jannapura,2018,49,2.0,02-Nov-2018,306,0.79,0.18
River Water Discharge_Jannapura,2019,209,774.08,30-Jul-2019,211,4.65,0.1
River Water Discharge_Jannapura,2020,248,4.67,12-Aug-2020,225,1.13,0.3
River Water Discharge_Jannapura,2021,259,23.03,07-Oct-2021,280,1.28,0.18
River Water Discharge_Jannapura,2022,336,9.32,15-Oct-2022,288,1.08,0.14
River Water Discharge_Jannapura,2023,277,36.7,16-Mar-2023,75,1.62,0.0
River Water Discharge_Jannapura,2024,189,2.66,29-Oct-2024,303,0.77,0.1
River Water Discharge_Jannapura,2025,22,4.5,26-Jun-2025,177,1.95,0.76
River Water Discharge_Jannepally,2018,1,0.0,29-Jul-2018,210,0.0,0.0
River Water Discharge_Jannepally,2019,34,34.96,08-Aug-2019,220,11.35,0.0
River Water Discharge_Jannepally,2020,183,9.37,24-Jul-2020,206,0.18,0.0
River Water Discharge_Jannepally,2021,205,258.75,28-Sep-2021,271,10.35,0.0
River Water Discharge_Jannepally,2022,158,26388.06,23-Jul-2022,204,229.68,0.0
River Water Discharge_Jannepally,2023,344,321.15,28-Jul-2023,209,20.13,0.0
River Water Discharge_Jannepally,2024,361,235.24,05-Sep-2024,249,17.21,0.0
River Water Discharge_Jannepally,2025,261,202.9,29-Aug-2025,241,22.94,0.0
River Water Discharge_Jaraikela,1972,153,3360.0,14-Aug-1972,227,236.27,18.0
River Water Discharge_Jaraikela,1973,365,2436.0,26-Sep-1973,269,173.25,0.7
River Water Discharge_Jaraikela,1974,365,3557.4,17-Aug-1974,229,75.22,1.3
River Water Discharge_Jaraikela,1975,365,4130.4,18-Jul-1975,199,170.78,1.0
River Water Discharge_Jaraikela,1976,366,8061.6,18-Sep-1976,262,152.53,1.8
River Water Discharge_Jaraikela,1977,365,10730.0,06-Aug-1977,218,259.44,1.71
River Water Discharge_Jaraikela,1978,365,5697.0,03-Sep-1978,246,208.31,0.9
River Water Discharge_Jaraikela,1979,365,816.31,09-Aug-1979,221,67.79,0.59
River Water Discharge_Jaraikela,1980,366,1371.93,11-Jul-1980,193,140.28,0.41
River Water Discharge_Jaraikela,1981,365,1088.88,07-Sep-1981,250,116.06,1.18
River Water Discharge_Jaraikela,1982,365,2250.52,21-Aug-1982,233,98.94,0.97
River Water Discharge_Jaraikela,1983,365,1351.0,19-Sep-1983,262,112.39,1.14
River Water Discharge_Jaraikela,1984,366,2610.83,27-Aug-1984,240,200.39,0.6
River Water Discharge_Jaraikela,1985,365,2663.04,17-Oct-1985,290,131.31,1.09
River Water Discharge_Jaraikela,1986,365,1817.91,28-Jul-1986,209,135.2,1.91
River Water Discharge_Jaraikela,1987,365,3465.19,28-Aug-1987,240,157.88,1.37
River Water Discharge_Jaraikela,1988,366,6422.0,28-Jun-1988,180,157.39,0.74
River Water Discharge_Jaraikela,1989,365,1665.85,22-Jun-1989,173,109.4,0.48
River Water Discharge_Jaraikela,1990,365,2293.3,15-Jul-1990,196,182.31,2.7
River Water Discharge_Jaraikela,1991,365,2152.9,13-Aug-1991,225,145.94,2.56
River Water Discharge_Jaraikela,1992,366,744.1,30-Aug-1992,243,62.48,2.2
River Water Discharge_Jaraikela,1993,365,2202.22,13-Jul-1993,194,118.78,1.32
River Water Discharge_Jaraikela,1994,365,5007.0,03-Aug-1994,215,250.45,1.11
River Water Discharge_Jaraikela,1995,365,4233.0,18-Sep-1995,261,150.83,2.44
River Water Discharge_Jaraikela,1996,366,4903.0,26-Jul-1996,208,219.5,1.54
River Water Discharge_Jaraikela,1997,365,12539.0,06-Aug-1997,218,226.3,0.88
River Water Discharge_Jaraikela,1998,365,3252.0,11-Sep-1998,254,151.59,2.96
River Water Discharge_Jaraikela,1999,365,1900.0,19-Oct-1999,292,197.34,1.69
River Water Discharge_Jaraikela,2000,366,3872.0,25-Jul-2000,207,119.67,2.34
River Water Discharge_Jaraikela,2001,365,4287.51,21-Jul-2001,202,171.46,1.86
River Water Discharge_Jaraikela,2002,365,1138.92,24-Jun-2002,175,96.95,1.76
River Water Discharge_Jaraikela,2003,365,2600.0,25-Oct-2003,298,133.46,0.89
River Water Discharge_Jaraikela,2004,366,4063.37,21-Aug-2004,234,112.46,1.82
River Water Discharge_Jaraikela,2005,364,1262.08,30-Jun-2005,181,81.8,0.99
River Water Discharge_Jaraikela,2006,365,2657.83,30-Jul-2006,211,136.97,1.54
River Water Discharge_Jaraikela,2007,365,4603.3,20-Aug-2007,232,184.32,1.68
River Water Discharge_Jaraikela,2008,366,1239.78,08-Jul-2008,190,155.16,2.2
River Water Discharge_Jaraikela,2009,365,2366.28,08-Sep-2009,251,71.13,1.71
River Water Discharge_Jaraikela,2010,365,571.09,16-Sep-2010,259,34.64,0.93
River Water Discharge_Jaraikela,2011,365,4032.07,20-Jun-2011,171,163.24,0.77
River Water Discharge_Jaraikela,2012,366,878.71,17-Aug-2012,230,93.55,1.02
River Water Discharge_Jaraikela,2013,365,1548.42,03-Oct-2013,276,80.42,0.0
River Water Discharge_Jaraikela,2014,365,957.01,10-Aug-2014,222,49.68,0.0
River Water Discharge_Jaraikela,2015,365,461.32,26-Jul-2015,207,46.33,0.0
River Water Discharge_Jaraikela,2016,366,722.07,19-Aug-2016,232,70.76,0.96
River Water Discharge_Jaraikela,2017,363,4959.2,27-Jul-2017,208,118.52,0.17
River Water Discharge_Jaraikela,2018,365,548.16,07-Sep-2018,250,54.15,1.7
River Water Discharge_Jaraikela,2019,378,2429.58,19-Aug-2019,231,73.33,1.44
River Water Discharge_Jaraikela,2020,239,377.69,26-Sep-2020,270,73.21,5.12
River Water Discharge_Jaraikela,2021,214,2693.3,16-Sep-2021,259,273.41,19.19
River Water Discharge_Jaraikela,2022,364,2275.0,21-Aug-2022,233,91.15,3.02
River Water Discharge_Jaraikela,2023,364,1813.7,05-Oct-2023,278,84.1,1.12
River Water Discharge_Jaraikela,2024,363,3120.0,18-Sep-2024,262,151.82,1.39
River Water Discharge_Jaraikela,2025,217,1700.0,26-Jul-2025,207,137.96,4.5
River Water Discharge_Jeeraguda,2019,32,61.28,04-Dec-2019,338,27.83,0.0
River Water Discharge_Jeeraguda,2020,317,545.99,25-Jul-2020,207,57.32,0.0
River Water Discharge_Jeeraguda,2021,365,169.22,24-Sep-2021,267,29.2,0.0
River Water Discharge_Jeeraguda,2022,355,454.96,10-Aug-2022,222,37.9,4.2
River Water Discharge_Jeeraguda,2023,361,230.72,18-Aug-2023,230,38.06,10.0
River Water Discharge_Jeeraguda,2024,363,1227.04,08-Sep-2024,252,62.71,7.0
River Water Discharge_Jeeraguda,2025,265,1158.8,27-Aug-2025,239,78.25,10.0
River Water Discharge_Jotasan,1995,7,24.49,01-Aug-1995,213,5.37,0.0
River Water Discharge_Jotasan,1996,12,14.47,01-Sep-1996,245,2.37,0.0
River Water Discharge_Jotasan,1997,12,44.2,01-Aug-1997,213,5.3,0.0
River Water Discharge_Jotasan,1998,12,12.8,01-Aug-1998,213,2.51,0.0
River Water Discharge_Jotasan,1999,12,14.1,01-Oct-1999,274,1.73,0.0
River Water Discharge_Jotasan,2000,12,7.5,22-Jul-2000,204,0.84,0.0
River Water Discharge_Jotasan,2001,12,3.29,01-Sep-2001,244,0.51,0.0
River Water Discharge_Jotasan,2002,12,3.02,01-Jul-2002,182,0.29,0.0
River Water Discharge_Jotasan,2003,12,12.87,01-Sep-2003,244,2.09,0.0
River Water Discharge_Jotasan,2004,12,12.0,01-Aug-2004,214,1.3,0.0
River Water Discharge_Jotasan,2005,12,54.79,01-Aug-2005,213,8.36,0.0
River Water Discharge_Jotasan,2006,12,438.44,01-Aug-2006,213,52.45,0.0
River Water Discharge_Jotasan,2007,12,29.3,01-Sep-2007,244,5.03,0.0
River Water Discharge_Jotasan,2008,12,7.36,01-Aug-2008,214,1.57,0.0
River Water Discharge_Jotasan,2009,12,6.84,01-Sep-2009,244,1.13,0.0
River Water Discharge_Jotasan,2010,12,40.75,01-Aug-2010,213,6.75,0.0
River Water Discharge_Jotasan,2011,12,27.97,01-Sep-2011,244,4.72,0.0
River Water Discharge_Jotasan,2012,9,14.77,01-Sep-2012,245,3.86,0.0
River Water Discharge_Jotasan,2013,5,0.5,01-Jan-2013,1,0.16,0.0
River Water Discharge_Jotasan,2014,7,10.21,01-Oct-2014,274,5.42,0.0
River Water Discharge_Jotasan,2015,95,1059.0,29-Jul-2015,210,28.9,0.0
River Water Discharge_Jotasan,2017,105,380.63,24-Jul-2017,205,37.8,0.0
River Water Discharge_Jotasan,2018,86,33.15,16-Jul-2018,197,4.48,0.0
River Water Discharge_Jotasan,2021,183,96.06,12-Sep-2021,255,6.9,0.31
River Water Discharge_Jotasan,2022,212,535.62,17-Aug-2022,229,23.43,0.19
River Water Discharge_Jotasan,2023,246,209.99,01-Aug-2023,213,15.07,0.0
River Water Discharge_Jotasan,2024,219,76.53,05-Sep-2024,249,9.72,0.0
River Water Discharge_Jotasan,2025,45,1.18,01-Jan-2025,1,0.44,0.12
River Water Discharge_K.m. vadi,1979,200,151.9,04-Aug-1979,216,20.44,0.0
River Water Discharge_K.m. vadi,1980,365,242.1,04-Jul-1980,186,14.89,0.0
River Water Discharge_K.m. vadi,1981,365,240.0,18-Aug-1981,230,15.91,0.0
River Water Discharge_K.m. vadi,1982,365,160.0,23-Jul-1982,204,8.06,0.0
River Water Discharge_K.m. vadi,1983,365,169.7,01-Jul-1983,182,9.62,0.0
River Water Discharge_K.m. vadi,1984,366,483.5,18-Jun-1984,170,15.85,0.0
River Water Discharge_K.m. vadi,1985,365,122.5,29-Jun-1985,180,3.79,0.0
River Water Discharge_K.m. vadi,1986,365,113.1,11-Aug-1986,223,4.38,0.0
River Water Discharge_K.m. vadi,1987,365,39.93,27-Aug-1987,239,0.7,0.0
River Water Discharge_K.m. vadi,1988,366,175.8,21-Jul-1988,203,4.2,0.0
River Water Discharge_K.m. vadi,1989,365,272.5,26-Jul-1989,207,4.94,0.0
River Water Discharge_K.m. vadi,1990,365,124.4,19-Aug-1990,231,5.18,0.0
River Water Discharge_K.m. vadi,1991,365,455.5,29-Jul-1991,210,14.94,0.0
River Water Discharge_K.m. vadi,1992,366,311.6,23-Jun-1992,175,21.92,0.0
River Water Discharge_K.m. vadi,1993,365,144.5,03-Aug-1993,215,9.42,0.0
River Water Discharge_K.m. vadi,1994,365,681.2,15-Jul-1994,196,21.79,0.0
River Water Discharge_K.m. vadi,1995,365,271.0,05-Sep-1995,248,9.01,0.0
River Water Discharge_K.m. vadi,1996,366,163.7,16-Oct-1996,290,9.97,0.0
River Water Discharge_K.m. vadi,1997,365,221.5,09-Aug-1997,221,15.43,0.0
River Water Discharge_K.m. vadi,1998,365,186.0,03-Jul-1998,184,9.87,0.0
River Water Discharge_K.m. vadi,1999,351,189.16,20-Jul-1999,201,10.65,0.0
River Water Discharge_K.m. vadi,2000,346,210.21,15-Jul-2000,197,10.55,0.0
River Water Discharge_K.m. vadi,2001,317,170.99,11-Jul-2001,192,7.11,0.0
River Water Discharge_K.m. vadi,2002,337,176.1,16-Oct-2002,289,3.5,0.0
River Water Discharge_K.m. vadi,2003,355,93.8,18-Jul-2003,199,1.98,0.0
River Water Discharge_K.m. vadi,2004,348,176.48,19-Jun-2004,171,7.51,0.0
River Water Discharge_K.m. vadi,2005,356,275.43,04-Aug-2005,216,17.85,0.0
River Water Discharge_K.m. vadi,2006,356,161.8,06-Jul-2006,187,12.37,0.0
River Water Discharge_K.m. vadi,2007,357,374.58,02-Jul-2007,183,21.87,0.0
River Water Discharge_K.m. vadi,2008,359,154.73,13-Aug-2008,226,7.21,0.0
River Water Discharge_K.m. vadi,2009,357,583.16,18-Jul-2009,199,14.07,0.0
River Water Discharge_K.m. vadi,2010,359,165.5,06-Nov-2010,310,6.16,0.0
River Water Discharge_K.m. vadi,2011,363,142.0,25-Oct-2011,298,11.43,0.0
River Water Discharge_K.m. vadi,2012,366,123.6,09-Aug-2012,222,4.0,0.0
River Water Discharge_K.m. vadi,2013,349,533.8,04-Aug-2013,216,14.01,0.0
River Water Discharge_K.m. vadi,2014,364,91.15,26-Jul-2014,207,9.34,0.0
River Water Discharge_K.m. vadi,2015,351,352.73,25-Jun-2015,176,6.87,0.0
River Water Discharge_K.m. vadi,2016,194,93.39,02-Jul-2016,184,1.46,0.0
River Water Discharge_K.m. vadi,2017,65,76.46,22-Jul-2017,203,13.84,0.2
River Water Discharge_K.m. vadi,2018,154,3258.48,15-Jun-2018,166,142.56,0.59
River Water Discharge_K.m. vadi,2019,165,2006.92,30-Sep-2019,273,43.85,0.12
River Water Discharge_K.m. vadi,2020,170,407.7,08-Aug-2020,221,29.46,1.14
River Water Discharge_K.m. vadi,2021,137,177.13,26-Jul-2021,207,32.32,0.42
River Water Discharge_K.m. vadi,2022,262,244.25,13-Aug-2022,225,45.68,0.35
River Water Discharge_K.m. vadi,2023,267,96.62,26-Jul-2023,207,4.36,0.0
River Water Discharge_K.m. vadi,2024,204,250.05,01-Aug-2024,214,27.02,0.35
River Water Discharge_K.m. vadi,2025,88,191.51,28-Jun-2025,179,41.57,0.26
River Water Discharge_Kalampur,1986,192,480.3,09-Aug-1986,221,61.76,2.1
River Water Discharge_Kalampur,1987,365,249.8,26-Aug-1987,238,26.64,0.0
River Water Discharge_Kalampur,1988,366,362.1,04-Aug-1988,217,33.95,0.22
River Water Discharge_Kalampur,1989,365,397.0,24-Jul-1989,205,43.25,0.0
River Water Discharge_Kalampur,1990,365,266.6,16-Jun-1990,167,31.14,0.0
River Water Discharge_Kalampur,1991,365,312.7,29-Jul-1991,210,33.13,0.0
River Water Discharge_Kalampur,1992,366,438.0,29-Jul-1992,211,42.52,0.0
River Water Discharge_Kalampur,1993,365,282.9,04-Aug-1993,216,33.28,0.0
River Water Discharge_Kalampur,1994,365,439.1,03-Aug-1994,215,39.24,0.0
River Water Discharge_Kalampur,1995,364,294.1,12-Jul-1995,193,42.66,0.0
River Water Discharge_Kalampur,1996,366,388.0,21-Jul-1996,203,38.14,0.0
River Water Discharge_Kalampur,1997,365,493.1,24-Jul-1997,205,36.61,0.0
River Water Discharge_Kalampur,1998,365,377.3,12-Oct-1998,285,46.59,0.0
River Water Discharge_Kalampur,1999,365,336.0,24-Oct-1999,297,42.74,0.0
River Water Discharge_Kalampur,2000,366,500.63,26-Aug-2000,239,30.01,0.0
River Water Discharge_Kalampur,2001,365,805.5,09-Jul-2001,190,39.19,0.0
River Water Discharge_Kalampur,2002,365,443.5,18-Aug-2002,230,27.34,0.0
River Water Discharge_Kalampur,2003,365,290.51,08-Oct-2003,281,27.2,0.0
River Water Discharge_Kalampur,2004,366,334.66,04-Aug-2004,217,30.12,0.0
River Water Discharge_Kalampur,2005,364,692.62,07-Sep-2005,250,45.02,0.0
River Water Discharge_Kalampur,2006,361,320.3,16-Jul-2006,197,42.21,0.0
River Water Discharge_Kalampur,2007,354,680.34,17-Jul-2007,198,45.13,0.0
River Water Discharge_Kalampur,2008,363,235.7,31-Aug-2008,244,25.41,0.0
River Water Discharge_Kalampur,2009,346,424.68,18-Jul-2009,199,28.57,0.0
River Water Discharge_Kalampur,2010,343,611.6,13-Jun-2010,164,38.92,0.0
River Water Discharge_Kalampur,2011,353,277.29,19-Jul-2011,200,34.28,0.0
River Water Discharge_Kalampur,2012,322,493.29,18-Aug-2012,231,20.12,0.0
River Water Discharge_Kalampur,2013,359,763.3,05-Aug-2013,217,48.02,0.0
River Water Discharge_Kalampur,2014,361,359.42,04-Aug-2014,216,46.2,0.0
River Water Discharge_Kalampur,2015,358,218.2,13-Aug-2015,225,31.0,0.0
River Water Discharge_Kalampur,2016,295,246.51,16-Jul-2016,198,24.76,0.0
River Water Discharge_Kalampur,2017,306,242.24,18-Sep-2017,261,30.24,0.0
River Water Discharge_Kalampur,2018,208,490.0,18-Aug-2018,230,84.36,0.0
River Water Discharge_Kalampur,2019,166,363.1,10-Aug-2019,222,62.31,0.81
River Water Discharge_Kalampur,2020,212,558.7,10-Aug-2020,223,64.78,1.83
River Water Discharge_Kalampur,2021,213,300.0,17-Oct-2021,290,73.69,2.75
River Water Discharge_Kalampur,2022,369,449.81,02-Aug-2022,214,46.91,0.0
River Water Discharge_Kalampur,2023,323,272.71,06-Jul-2023,187,26.74,0.61
River Water Discharge_Kalampur,2024,309,448.28,30-Jul-2024,212,31.94,1.0
River Water Discharge_Kalampur,2025,140,320.31,27-Jun-2025,178,47.82,1.09
River Water Discharge_Kalasapadu,2018,214,0.0,01-Jun-2018,152,0.0,0.0
River Water Discharge_Kalasapadu,2019,365,0.6,24-Sep-2019,267,0.01,0.0
River Water Discharge_Kalasapadu,2020,270,103.7,27-Sep-2020,271,2.7,0.0
River Water Discharge_Kalasapadu,2021,291,81.6,30-Nov-2021,334,1.17,0.05
River Water Discharge_Kalasapadu,2022,305,2.04,08-Sep-2022,251,0.35,0.0
River Water Discharge_Kalasapadu,2023,228,5.7,05-Sep-2023,248,0.27,0.0
River Water Discharge_Kalasapadu,2024,47,6.13,07-Dec-2024,342,1.21,0.0
River Water Discharge_Kalasapadu,2025,1,0.31,29-Jan-2025,29,0.31,0.31
River Water Discharge_Kalimachak at charuwa,2019,184,405.3,10-Sep-2019,253,59.6,2.0
River Water Discharge_Kalimachak at charuwa,2020,350,32.34,31-Aug-2020,244,5.05,0.43
River Water Discharge_Kalimachak at charuwa,2021,365,27.74,15-Jun-2021,166,6.66,0.0
River Water Discharge_Kalimachak at charuwa,2022,364,540.0,18-Jul-2022,199,10.44,0.0
River Water Discharge_Kalimachak at charuwa,2023,365,550.8,16-Sep-2023,259,9.76,0.0
River Water Discharge_Kalimachak at charuwa,2024,371,102.09,25-Aug-2024,238,5.81,0.0
River Water Discharge_Kalimachak at charuwa,2025,259,48.33,30-Aug-2025,242,4.77,0.0
River Water Discharge_Kallooppara,1985,196,586.9,25-Jun-1985,176,86.76,4.8
River Water Discharge_Kallooppara,1986,365,692.8,09-Aug-1986,221,40.79,0.0
River Water Discharge_Kallooppara,1987,365,373.3,26-Aug-1987,238,42.87,0.0
River Water Discharge_Kallooppara,1988,366,328.5,01-Jul-1988,183,51.35,0.0
River Water Discharge_Kallooppara,1989,365,523.4,20-Sep-1989,263,66.28,0.0
River Water Discharge_Kallooppara,1990,365,390.0,04-Nov-1990,308,44.81,0.0
River Water Discharge_Kallooppara,1991,365,639.7,09-Jun-1991,160,55.79,0.0
River Water Discharge_Kallooppara,1992,366,701.6,11-Oct-1992,285,75.53,0.3
River Water Discharge_Kallooppara,1993,365,650.3,08-Jun-1993,159,62.46,0.04
River Water Discharge_Kallooppara,1994,365,848.3,03-Aug-1994,215,60.8,0.92
River Water Discharge_Kallooppara,1995,365,627.1,31-Jul-1995,212,70.63,0.0
River Water Discharge_Kallooppara,1996,366,524.9,18-Oct-1996,292,57.67,0.0
River Water Discharge_Kallooppara,1997,365,570.0,25-Jul-1997,206,64.87,0.0
River Water Discharge_Kallooppara,1998,365,558.5,29-Jun-1998,180,62.74,0.0
River Water Discharge_Kallooppara,1999,365,534.4,08-Jun-1999,159,54.37,0.0
River Water Discharge_Kallooppara,2000,366,888.5,26-Aug-2000,239,39.55,0.4
River Water Discharge_Kallooppara,2001,365,785.6,09-Jul-2001,190,60.88,0.0
River Water Discharge_Kallooppara,2002,365,469.95,17-Aug-2002,229,38.93,0.0
River Water Discharge_Kallooppara,2003,365,307.5,25-Jun-2003,176,41.25,0.0
River Water Discharge_Kallooppara,2004,365,362.91,05-Aug-2004,218,45.86,0.0
River Water Discharge_Kallooppara,2005,361,699.11,05-Sep-2005,248,62.35,0.0
River Water Discharge_Kallooppara,2006,357,530.74,31-May-2006,151,62.43,0.0
River Water Discharge_Kallooppara,2007,363,747.87,23-Jun-2007,174,64.15,0.0
River Water Discharge_Kallooppara,2008,340,559.83,08-Sep-2008,252,43.34,0.0
River Water Discharge_Kallooppara,2009,362,464.86,18-Jul-2009,199,41.71,0.0
River Water Discharge_Kallooppara,2010,358,686.44,14-Jun-2010,165,69.93,0.0
River Water Discharge_Kallooppara,2011,345,585.19,08-Aug-2011,220,60.2,0.0
River Water Discharge_Kallooppara,2012,364,436.57,18-Aug-2012,231,30.71,0.0
River Water Discharge_Kallooppara,2013,362,699.94,06-Aug-2013,218,69.0,0.0
River Water Discharge_Kallooppara,2014,364,732.7,24-Aug-2014,236,69.21,0.0
River Water Discharge_Kallooppara,2015,355,483.9,28-Jun-2015,179,51.89,0.0
River Water Discharge_Kallooppara,2016,295,260.67,09-Jun-2016,161,29.86,0.0
River Water Discharge_Kallooppara,2017,176,601.09,28-Jun-2017,179,83.88,0.13
River Water Discharge_Kallooppara,2018,237,7338.81,22-Oct-2018,295,787.14,0.0
River Water Discharge_Kallooppara,2019,356,4170.27,12-Oct-2019,285,96.75,0.0
River Water Discharge_Kallooppara,2020,310,592.92,30-Jul-2020,212,45.13,0.0
River Water Discharge_Kallooppara,2021,339,1048.0,17-Oct-2021,290,97.11,0.0
River Water Discharge_Kallooppara,2022,369,680.0,02-Aug-2022,214,61.06,0.0
River Water Discharge_Kallooppara,2023,365,739.0,06-Jul-2023,187,47.13,0.0
River Water Discharge_Kallooppara,2024,366,645.03,27-Jun-2024,179,51.81,0.0
River Water Discharge_Kallooppara,2025,89,0.0,01-Jan-2025,1,0.0,0.0
River Water Discharge_Kalpadai,2018,215,4.78,25-Nov-2018,329,0.2,0.0
River Water Discharge_Kalpadai,2019,362,23.81,01-Dec-2019,335,0.59,0.0
River Water Discharge_Kalpadai,2020,327,35.34,20-Oct-2020,294,1.91,0.0
River Water Discharge_Kalpadai,2021,267,84.56,07-Jan-2021,7,3.2,0.0
River Water Discharge_Kalpadai,2022,323,57.39,12-Nov-2022,316,1.82,0.0
River Water Discharge_Kalpadai,2023,304,36.46,08-Nov-2023,312,1.1,0.0
River Water Discharge_Kalpadai,2024,193,88.67,02-Dec-2024,337,3.77,0.0
River Water Discharge_Kalpadai,2025,67,2.8,12-Mar-2025,71,0.71,0.0
River Water Discharge_Kamalapuram,1990,199,68.45,16-Nov-1990,320,1.98,0.0
River Water Discharge_Kamalapuram,1991,365,1066.0,17-Nov-1991,321,25.5,0.0
River Water Discharge_Kamalapuram,1992,366,32.54,22-Nov-1992,327,0.69,0.0
River Water Discharge_Kamalapuram,1993,365,121.3,06-Dec-1993,340,1.71,0.0
River Water Discharge_Kamalapuram,1994,365,79.16,05-Oct-1994,278,0.53,0.0
River Water Discharge_Kamalapuram,1995,365,138.0,18-Aug-1995,230,1.51,0.0
River Water Discharge_Kamalapuram,1996,366,1089.0,20-Oct-1996,294,39.41,0.0
River Water Discharge_Kamalapuram,1997,365,302.0,02-Oct-1997,275,7.21,0.0
River Water Discharge_Kamalapuram,1998,365,156.5,15-Oct-1998,288,4.63,0.0
River Water Discharge_Kamalapuram,1999,365,4.09,01-Jan-1999,1,0.07,0.0
River Water Discharge_Kamalapuram,2000,366,46.3,18-Sep-2000,262,0.37,0.0
River Water Discharge_Kamalapuram,2001,365,980.4,17-Oct-2001,290,10.78,0.0
River Water Discharge_Kamalapuram,2002,365,50.96,12-Jun-2002,163,0.4,0.0
River Water Discharge_Kamalapuram,2003,365,397.7,22-Oct-2003,295,2.87,0.0
River Water Discharge_Kamalapuram,2004,366,3.0,07-Sep-2004,251,0.01,0.0
River Water Discharge_Kamalapuram,2005,359,175.2,03-Nov-2005,307,4.79,0.0
River Water Discharge_Kamalapuram,2006,365,3.17,01-Jan-2006,1,0.02,0.0
River Water Discharge_Kamalapuram,2007,361,123.6,19-Sep-2007,262,0.63,0.0
River Water Discharge_Kamalapuram,2008,364,39.67,09-Sep-2008,253,0.75,0.0
River Water Discharge_Kamalapuram,2009,365,9.82,29-Sep-2009,272,0.06,0.0
River Water Discharge_Kamalapuram,2010,365,98.48,18-Nov-2010,322,0.35,0.0
River Water Discharge_Kamalapuram,2011,365,116.14,23-Aug-2011,235,0.91,0.0
River Water Discharge_Kamalapuram,2012,366,0.0,01-Jan-2012,1,0.0,0.0
River Water Discharge_Kamalapuram,2013,343,201.79,24-Oct-2013,297,2.79,0.0
River Water Discharge_Kamalapuram,2014,365,0.0,01-Jan-2014,1,0.0,0.0
River Water Discharge_Kamalapuram,2015,364,60.32,21-Nov-2015,325,2.13,0.0
River Water Discharge_Kamalapuram,2016,339,51.64,30-Jul-2016,212,0.25,0.0
River Water Discharge_Kamalapuram,2017,240,348.1,11-Oct-2017,284,4.25,0.0
River Water Discharge_Kamalapuram,2018,365,0.0,01-Jan-2018,1,0.0,0.0
River Water Discharge_Kamalapuram,2019,364,90.6,21-Sep-2019,264,0.53,0.0
River Water Discharge_Kamalapuram,2020,262,1069.0,27-Nov-2020,332,40.61,0.0
River Water Discharge_Kamalapuram,2021,184,1999.0,20-Nov-2021,324,133.06,0.23
River Water Discharge_Kamalapuram,2022,275,256.8,04-Aug-2022,216,24.36,0.0
River Water Discharge_Kamalapuram,2023,174,108.56,26-Sep-2023,269,2.49,0.0
River Water Discharge_Kamalapuram,2024,21,33.88,18-Oct-2024,292,6.8,0.41
River Water Discharge_Kamarajupeta,1999,5,19.44,01-Sep-1999,244,9.56,0.0
River Water Discharge_Kamarajupeta,2000,9,0.0,01-Jan-2000,1,0.0,0.0
River Water Discharge_Kamarajupeta,2001,1,0.0,01-Jun-2001,152,0.0,0.0
River Water Discharge_Kamarajupeta,2020,1,0.0,01-Jan-2020,1,0.0,0.0
River Water Discharge_Kanas (s),2019,2,4.92,29-Mar-2019,88,2.46,0.0
River Water Discharge_Kaner at mendhikheda,2019,214,175.0,09-Aug-2019,221,35.66,0.0
River Water Discharge_Kaner at mendhikheda,2020,366,159.0,23-Sep-2020,267,19.39,0.0
River Water Discharge_Kaner at mendhikheda,2021,365,155.0,24-Jul-2021,205,8.33,0.0
River Water Discharge_Kaner at mendhikheda,2022,365,320.0,10-Aug-2022,222,18.68,1.98
River Water Discharge_Kaner at mendhikheda,2023,365,500.0,16-Sep-2023,259,17.66,0.0
River Water Discharge_Kaner at mendhikheda,2024,418,317.0,16-Jul-2024,198,13.21,2.4
River Water Discharge_Kaner at mendhikheda,2025,362,324.2,31-Aug-2025,243,10.55,1.4
River Water Discharge_Kanodar,2017,1,1.2,24-Jul-2017,205,1.2,1.2
River Water Discharge_Karam at dahiwar,2019,214,150.0,30-Aug-2019,242,30.71,0.0
River Water Discharge_Karam at dahiwar,2020,245,180.0,22-Aug-2020,235,23.46,0.0
River Water Discharge_Karam at dahiwar,2021,365,26.08,16-Jul-2021,197,1.73,0.0
River Water Discharge_Karam at dahiwar,2022,363,21.0,13-Aug-2022,225,1.92,0.0
River Water Discharge_Karam at dahiwar,2023,365,192.0,17-Sep-2023,260,5.27,0.0
River Water Discharge_Karam at dahiwar,2024,377,110.0,23-Sep-2024,267,9.63,0.0
River Water Discharge_Karam at dahiwar,2025,267,97.0,20-Aug-2025,232,6.03,0.0
River Water Discharge_Karanjkuwa,2018,122,0.0,01-Jan-2018,1,0.0,0.0
River Water Discharge_Karanjkuwa,2019,730,9.71,06-Aug-2019,218,0.08,0.0
River Water Discharge_Karanjkuwa,2020,184,7.37,15-Aug-2020,228,0.09,0.0
River Water Discharge_Karanjkuwa,2021,306,0.0,01-Jun-2021,152,0.0,0.0
River Water Discharge_Karanjkuwa,2022,60,0.0,01-Jun-2022,152,0.0,0.0
River Water Discharge_Karanjkuwa,2023,306,0.0,01-Jun-2023,152,0.0,0.0
River Water Discharge_Karoti,2022,20,169.03,17-Aug-2022,229,37.23,0.49
River Water Discharge_Karoti,2023,25,23.56,30-Jul-2023,211,7.71,0.0
River Water Discharge_Karoti,2024,32,0.51,12-Sep-2024,256,0.03,0.0
River Water Discharge_Katangatola,2019,167,215.54,08-Sep-2019,251,26.92,0.0
River Water Discharge_Katangatola,2020,366,280.53,18-Aug-2020,231,15.49,0.0
River Water Discharge_Katangatola,2021,365,32.72,16-Sep-2021,259,3.15,0.29
River Water Discharge_Katangatola,2022,360,152.8,22-Aug-2022,234,10.51,0.0
River Water Discharge_Katangatola,2023,365,270.0,04-Aug-2023,216,9.17,0.0
River Water Discharge_Katangatola,2024,439,580.0,11-Sep-2024,255,12.43,0.62
River Water Discharge_Katangatola,2025,294,680.12,08-Jul-2025,189,21.42,0.0
River Water Discharge_Kattaleru   tiruvuru,1999,147,434.04,12-Sep-1999,255,55.82,2.36
River Water Discharge_Kattaleru   tiruvuru,2000,270,383.54,26-Aug-2000,239,21.43,0.09
River Water Discharge_Kattaleru   tiruvuru,2001,61,51.66,15-Aug-2001,227,5.85,0.38
River Water Discharge_Kattaleru   tiruvuru,2002,42,73.12,13-Aug-2002,225,11.15,0.23
River Water Discharge_Kattaleru   tiruvuru,2003,24,84.51,07-Aug-2003,219,18.75,3.9
River Water Discharge_Kattaleru   tiruvuru,2004,13,169.73,05-Aug-2004,218,50.99,6.51
River Water Discharge_Kattaleru   tiruvuru,2005,34,235.13,22-Sep-2005,265,25.19,5.13
River Water Discharge_Kattaleru   tiruvuru,2006,32,131.01,04-Aug-2006,216,24.55,9.27
River Water Discharge_Kattaleru   tiruvuru,2007,21,53.57,06-Aug-2007,218,32.38,15.27
River Water Discharge_Kattaleru   tiruvuru,2008,31,284.24,10-Aug-2008,223,42.24,9.27
River Water Discharge_Kattaleru   tiruvuru,2009,4,37.77,01-Oct-2009,274,13.59,2.49
River Water Discharge_Kattaleru   tiruvuru,2010,36,257.61,30-Aug-2010,242,91.8,2.49
River Water Discharge_Kattaleru   tiruvuru,2011,11,26.0,01-Sep-2011,244,16.62,11.26
River Water Discharge_Kattaleru   tiruvuru,2012,22,169.5,03-Nov-2012,308,46.96,16.14
River Water Discharge_Kattaleru   tiruvuru,2013,12,232.29,26-Oct-2013,299,81.45,21.0
River Water Discharge_Kattaleru   tiruvuru,2014,4,48.38,27-Oct-2014,300,26.45,14.17
River Water Discharge_Keesara,1965,359,500.0,20-Sep-1965,263,19.96,0.04
River Water Discharge_Keesara,1966,365,1484.9,06-Sep-1966,249,52.49,0.0
River Water Discharge_Keesara,1967,365,1092.4,24-Jul-1967,205,36.62,0.0
River Water Discharge_Keesara,1968,366,635.8,07-Sep-1968,251,17.11,0.0
River Water Discharge_Keesara,1969,365,7000.0,20-May-1969,140,103.85,0.0
River Water Discharge_Keesara,1970,365,2472.5,23-Aug-1970,235,88.37,0.7
River Water Discharge_Keesara,1971,365,324.5,12-Oct-1971,285,13.4,0.0
River Water Discharge_Keesara,1972,366,117.53,04-Jul-1972,186,5.69,0.0
River Water Discharge_Keesara,1973,365,936.9,10-Aug-1973,222,26.27,0.0
River Water Discharge_Keesara,1974,365,871.5,16-Oct-1974,289,23.37,0.0
River Water Discharge_Keesara,1975,365,1604.5,11-Sep-1975,254,85.98,0.0
River Water Discharge_Keesara,1976,366,4552.5,22-Jul-1976,204,89.52,0.0
River Water Discharge_Keesara,1977,365,1023.0,20-Nov-1977,324,13.63,0.0
River Water Discharge_Keesara,1978,365,5179.7,15-Aug-1978,227,138.09,0.0
River Water Discharge_Keesara,1979,365,477.2,24-Sep-1979,267,11.3,0.0
River Water Discharge_Keesara,1980,366,912.1,23-Aug-1980,236,44.35,0.1
River Water Discharge_Keesara,1981,365,3002.9,04-Aug-1981,216,63.09,0.0
River Water Discharge_Keesara,1982,365,1559.0,13-Aug-1982,225,44.23,0.0
River Water Discharge_Keesara,1983,365,6140.0,06-Oct-1983,279,151.0,0.0
River Water Discharge_Keesara,1984,366,664.4,12-Oct-1984,286,24.12,0.2
River Water Discharge_Keesara,1985,365,1133.1,14-Aug-1985,226,42.54,0.7
River Water Discharge_Keesara,1986,365,5950.0,13-Aug-1986,225,55.14,0.0
River Water Discharge_Keesara,1987,365,1508.4,11-Jul-1987,192,38.7,0.13
River Water Discharge_Keesara,1988,366,3390.0,30-Jul-1988,212,139.89,0.24
River Water Discharge_Keesara,1989,365,6750.0,24-Jul-1989,205,129.53,0.55
River Water Discharge_Keesara,1990,365,4090.0,02-Oct-1990,275,133.02,3.13
River Water Discharge_Keesara,1991,365,2757.0,22-Sep-1991,265,67.16,3.0
River Water Discharge_Keesara,1992,366,380.5,10-Oct-1992,284,29.08,0.0
River Water Discharge_Keesara,1993,365,297.1,08-Sep-1993,251,31.2,0.6
River Water Discharge_Keesara,1994,365,957.6,07-Oct-1994,280,75.15,0.2
River Water Discharge_Keesara,1995,365,1801.0,17-Oct-1995,290,66.8,0.85
River Water Discharge_Keesara,1996,366,2354.0,28-Aug-1996,241,92.21,0.2
River Water Discharge_Keesara,1997,365,727.6,29-Oct-1997,302,33.82,0.5
River Water Discharge_Keesara,1998,365,1478.0,16-Oct-1998,289,93.32,0.37
River Water Discharge_Keesara,1999,365,654.0,12-Sep-1999,255,53.84,1.92
River Water Discharge_Keesara,2000,366,3267.29,27-Aug-2000,240,93.51,0.02
River Water Discharge_Keesara,2001,365,264.36,05-Aug-2001,217,16.76,0.03
River Water Discharge_Keesara,2002,365,200.6,25-Aug-2002,237,9.42,0.0
River Water Discharge_Keesara,2003,365,763.41,08-Aug-2003,220,25.25,0.0
River Water Discharge_Keesara,2004,366,1064.0,05-Aug-2004,218,22.16,0.0
River Water Discharge_Keesara,2005,365,6157.17,21-Sep-2005,264,94.88,0.0
River Water Discharge_Keesara,2006,365,3798.98,05-Aug-2006,217,77.4,1.3
River Water Discharge_Keesara,2007,349,864.21,21-Sep-2007,264,48.87,0.11
River Water Discharge_Keesara,2008,320,4690.61,10-Aug-2008,223,155.57,0.0
River Water Discharge_Keesara,2009,351,227.57,02-Oct-2009,275,7.29,0.0
River Water Discharge_Keesara,2010,318,1578.0,08-Sep-2010,251,125.58,0.47
River Water Discharge_Keesara,2011,327,662.49,26-Aug-2011,238,36.47,1.84
River Water Discharge_Keesara,2012,348,3036.0,04-Sep-2012,248,67.19,0.0
River Water Discharge_Keesara,2013,319,1370.72,27-Oct-2013,300,63.84,0.0
River Water Discharge_Keesara,2014,349,514.76,28-Oct-2014,301,19.04,0.0
River Water Discharge_Keesara,2015,287,1194.34,22-Jun-2015,173,28.19,0.0
River Water Discharge_Keesara,2016,306,1769.33,24-Sep-2016,268,28.63,0.0
River Water Discharge_Keesara,2017,192,348.89,19-Jul-2017,200,37.84,0.0
River Water Discharge_Keesara,2018,350,2936.12,20-Aug-2018,232,53.72,0.0
River Water Discharge_Keesara,2019,365,584.35,03-Sep-2019,246,43.07,0.0
River Water Discharge_Keesara,2020,346,3442.07,16-Aug-2020,229,206.63,0.0
River Water Discharge_Keesara,2021,362,2705.5,23-Jul-2021,204,103.46,0.53
River Water Discharge_Keesara,2022,361,1530.0,09-Aug-2022,221,108.29,0.0
River Water Discharge_Keesara,2023,362,4837.66,28-Jul-2023,209,75.05,0.0
River Water Discharge_Keesara,2024,360,6040.0,02-Sep-2024,246,112.3,0.0
River Water Discharge_Keesara,2025,172,1796.26,02-Sep-2025,245,46.12,0.0
River Water Discharge_Kelo at raigarh,1995,153,19.17,21-Oct-1995,294,1.99,0.0
River Water Discharge_Kelo at raigarh,1996,214,468.95,26-Jul-1996,208,33.53,0.0
River Water Discharge_Kelo at raigarh,1997,365,1167.54,09-Sep-1997,252,22.34,0.0
River Water Discharge_Kelo at raigarh,1998,365,653.82,11-Sep-1998,254,15.36,0.0
River Water Discharge_Kelo at raigarh,1999,153,543.52,09-Aug-1999,221,52.2,0.0
River Water Discharge_Kelo at raigarh,2000,153,122.2,18-Aug-2000,231,16.98,0.0
River Water Discharge_Kelo at raigarh,2001,153,861.92,17-Jul-2001,198,57.07,0.0
River Water Discharge_Kelo at raigarh,2002,153,388.88,29-Aug-2002,241,41.36,0.0
River Water Discharge_Kelo at raigarh,2003,153,590.07,11-Sep-2003,254,58.16,0.0
River Water Discharge_Kelo at raigarh,2004,153,1403.0,12-Aug-2004,225,59.95,0.0
River Water Discharge_Kelo at raigarh,2005,120,1612.57,05-Aug-2005,217,78.53,7.29
River Water Discharge_Kelo at raigarh,2006,90,446.71,28-Jul-2006,209,50.28,3.76
River Water Discharge_Kelo at raigarh,2007,137,913.79,07-Jul-2007,188,48.56,0.0
River Water Discharge_Kelo at raigarh,2008,113,2013.74,15-Aug-2008,228,86.31,6.8
River Water Discharge_Kelo at raigarh,2009,153,463.61,21-Jul-2009,202,26.08,0.0
River Water Discharge_Kelo at raigarh,2010,153,321.25,03-Aug-2010,215,20.53,0.0
River Water Discharge_Kelo at raigarh,2011,117,722.9,08-Sep-2011,251,55.31,0.59
River Water Discharge_Kelo at raigarh,2012,121,402.0,12-Aug-2012,225,42.5,5.3
River Water Discharge_Kelo at raigarh,2013,153,595.35,30-Jul-2013,211,52.61,0.0
River Water Discharge_Kelo at raigarh,2014,153,421.48,31-Jul-2014,212,40.79,0.0
River Water Discharge_Kelo at raigarh,2015,214,547.72,11-Jul-2015,192,27.5,0.0
River Water Discharge_Kelo at raigarh,2016,282,453.96,11-Sep-2016,255,29.37,0.0
River Water Discharge_Kelo at raigarh,2017,136,365.23,21-Sep-2017,264,49.12,2.21
River Water Discharge_Kelo at raigarh,2018,151,502.82,07-Sep-2018,250,42.02,0.02
River Water Discharge_Kelo at raigarh,2019,58,26.96,06-Jul-2019,187,9.51,0.77
River Water Discharge_Kelo at raigarh,2020,61,407.94,03-Sep-2020,247,43.45,5.0
River Water Discharge_Kelo at raigarh,2021,154,225.0,25-Jul-2021,206,36.48,0.0
River Water Discharge_Kelo at raigarh,2022,153,732.16,16-Aug-2022,228,55.46,0.0
River Water Discharge_Kelo at raigarh,2023,153,680.0,04-Aug-2023,216,66.9,0.0
River Water Discharge_Kelo at raigarh,2024,91,195.87,28-Sep-2024,272,29.96,2.44
River Water Discharge_Kelo at raigarh,2025,102,590.0,05-Sep-2025,248,95.6,8.0
River Water Discharge_Kesrali,2016,2,382.5,01-Oct-2016,275,191.25,0.0
River Water Discharge_Khadakewada,2020,153,359.39,06-Aug-2020,219,9.6,0.0
River Water Discharge_Khadakewada,2021,92,533.92,24-Jul-2021,205,37.71,0.0
River Water Discharge_Khadka,2018,306,2162.84,17-Aug-2018,229,92.15,0.0
River Water Discharge_Khadka,2019,304,239.57,31-Jul-2019,212,25.26,0.0
River Water Discharge_Khadka,2020,306,404.21,19-Aug-2020,232,68.05,0.0
River Water Discharge_Khadka,2021,302,1783.27,19-Aug-2021,231,123.55,0.0
River Water Discharge_Khadka,2022,301,3005.51,14-Jul-2022,195,179.65,0.0
River Water Discharge_Khadka,2023,188,364.31,05-Jul-2023,186,32.0,0.0
River Water Discharge_Khadka,2024,240,2363.31,01-Sep-2024,245,189.45,14.03
River Water Discharge_Khadka,2025,52,2523.93,19-Aug-2025,231,449.36,59.71
River Water Discharge_Khandiovari,2017,97,207.81,27-Jul-2017,208,25.16,0.43
River Water Discharge_Khandiovari,2018,57,73.49,30-Aug-2018,242,9.35,1.09
River Water Discharge_Khandiovari,2021,273,60.74,13-Sep-2021,256,2.95,0.0
River Water Discharge_Khandiovari,2022,303,265.04,18-Jun-2022,169,19.32,0.0
River Water Discharge_Khandiovari,2023,287,103.49,19-Sep-2023,262,4.19,0.87
River Water Discharge_Khandiovari,2024,276,197.11,29-Aug-2024,242,9.29,0.0
River Water Discharge_Khandiovari,2025,153,2.79,07-May-2025,127,0.83,0.13
River Water Discharge_Khanditar,2000,366,2834.26,30-Jul-2000,212,316.37,28.03
River Water Discharge_Khanditar,2001,365,4435.4,24-Jul-2001,205,476.23,15.09
River Water Discharge_Khanditar,2002,365,1560.6,13-Sep-2002,256,286.25,80.98
River Water Discharge_Khanditar,2003,365,4895.76,12-Oct-2003,285,632.17,144.78
River Water Discharge_Khanditar,2004,366,4050.32,24-Aug-2004,237,434.39,170.79
River Water Discharge_Khanditar,2005,365,4845.17,31-Jul-2005,212,511.34,171.11
River Water Discharge_Khanditar,2006,365,4958.02,26-Aug-2006,238,484.45,125.29
River Water Discharge_Khanditar,2007,365,3555.36,30-Sep-2007,273,593.01,160.65
River Water Discharge_Khanditar,2008,366,3913.49,20-Sep-2008,264,616.75,130.14
River Water Discharge_Khanditar,2009,365,3398.84,23-Jul-2009,204,373.16,104.53
River Water Discharge_Khanditar,2010,365,483.89,07-Aug-2010,219,229.82,123.17
River Water Discharge_Khanditar,2011,365,5675.87,26-Sep-2011,269,587.44,91.82
River Water Discharge_Khanditar,2012,366,2396.04,21-Aug-2012,234,479.75,88.25
River Water Discharge_Khanditar,2013,365,3269.1,14-Oct-2013,287,634.94,168.46
River Water Discharge_Khanditar,2014,365,3814.75,06-Aug-2014,218,484.97,153.39
River Water Discharge_Khanditar,2015,365,2825.4,07-Aug-2015,219,345.27,116.07
River Water Discharge_Khanditar,2016,366,2825.77,05-Aug-2016,218,299.3,18.39
River Water Discharge_Khanditar,2017,365,3622.05,30-Jul-2017,211,303.0,33.57
River Water Discharge_Khanditar,2018,365,641030.0,03-Aug-2018,215,2118.84,53.62
River Water Discharge_Khanditar,2019,365,2646.0,09-Sep-2019,252,290.56,41.58
River Water Discharge_Khanditar,2020,366,5646.42,28-Aug-2020,241,427.57,0.0
River Water Discharge_Khanditar,2021,334,3680.56,15-Sep-2021,258,363.46,0.0
River Water Discharge_Khariya,2018,306,1542.8,21-Aug-2018,233,116.48,0.0
River Water Discharge_Khariya,2020,306,1040.98,30-Jul-2020,212,138.67,0.0
River Water Discharge_Khariya,2022,306,4756.97,07-Jul-2022,188,292.45,0.0
River Water Discharge_Khariya,2023,306,3304.89,16-Sep-2023,259,87.76,0.0
River Water Discharge_Khariya,2024,258,1949.61,29-Jul-2024,211,157.65,0.0
River Water Discharge_Kheda,1989,7,11.12,01-Sep-1989,244,1.78,0.0
River Water Discharge_Kheda,1990,12,493.0,01-Sep-1990,244,44.7,0.0
River Water Discharge_Kheda,1991,12,707.9,01-Aug-1991,213,59.19,0.0
River Water Discharge_Kheda,1992,12,0.9,01-Aug-1992,214,0.07,0.0
River Water Discharge_Kheda,1993,12,1.27,01-Aug-1993,213,0.11,0.0
River Water Discharge_Kheda,1994,12,154.8,01-Sep-1994,244,20.47,0.0
River Water Discharge_Kheda,1995,12,16.19,01-Aug-1995,213,1.35,0.0
River Water Discharge_Kheda,1996,12,15.05,01-Aug-1996,214,2.17,0.0
River Water Discharge_Kheda,1997,12,1721.0,01-Aug-1997,213,166.67,0.0
River Water Discharge_Kheda,1998,12,37.11,01-Oct-1998,274,5.76,0.0
River Water Discharge_Kheda,1999,12,3.5,01-Aug-1999,213,0.31,0.0
River Water Discharge_Kheda,2000,12,0.0,01-Jan-2000,1,0.0,0.0
River Water Discharge_Kheda,2001,12,0.0,01-Jan-2001,1,0.0,0.0
River Water Discharge_Kheda,2002,12,0.0,01-Jan-2002,1,0.0,0.0
River Water Discharge_Kheda,2003,12,85.36,01-Aug-2003,213,15.3,0.0
River Water Discharge_Kheda,2004,12,5.5,01-Nov-2004,306,0.91,0.0
River Water Discharge_Kheda,2005,12,1796.57,01-Jul-2005,182,156.24,0.0
River Water Discharge_Kheda,2006,12,160.67,01-Aug-2006,213,20.77,0.0
River Water Discharge_Kheda,2007,11,70.9,01-Sep-2007,244,15.47,0.0
River Water Discharge_Kheda,2008,12,19.47,01-Aug-2008,214,2.35,0.0
River Water Discharge_Kheda,2009,11,0.32,01-Aug-2009,213,0.03,0.0
River Water Discharge_Kheda,2010,12,34.48,01-Sep-2010,244,2.87,0.0
River Water Discharge_Kheda,2011,12,110.44,01-Sep-2011,244,12.64,0.0
River Water Discharge_Kheda,2012,12,5.88,01-Oct-2012,275,0.49,0.0
River Water Discharge_Kheda,2013,5,0.0,01-Jan-2013,1,0.0,0.0
River Water Discharge_Kheda,2015,59,276.7,29-Jul-2015,210,21.34,0.5
River Water Discharge_Kheda,2017,103,411.29,27-Jul-2017,208,26.92,2.37
River Water Discharge_Kheda,2018,42,22.25,29-Sep-2018,272,3.0,0.0
River Water Discharge_Kheda,2019,3,1.33,25-Jun-2019,176,0.89,0.59
River Water Discharge_Kheda,2021,83,23.4,14-Sep-2021,257,6.12,0.54
River Water Discharge_Kheda,2022,199,174.99,26-Aug-2022,238,30.82,1.11
River Water Discharge_Kheda,2023,221,331.62,19-Sep-2023,262,20.84,0.12
River Water Discharge_Kheda,2024,185,1007.03,28-Aug-2024,241,64.6,1.44
River Water Discharge_Kheda,2025,110,205.68,31-Aug-2025,243,19.53,0.78
River Water Discharge_Khedbrahma,2017,4,212.14,23-Jul-2017,204,150.33,24.52
River Water Discharge_Khorsi_balodabazar,2015,108,67.16,17-Aug-2015,229,8.77,0.65
River Water Discharge_Kodaganar dam,2017,31,0.0,01-Jul-2017,182,0.0,0.0
River Water Discharge_Kogaon,1972,99,2835.8,01-Jul-1972,183,135.45,2.1
River Water Discharge_Kogaon,1978,214,1437.0,29-Aug-1978,241,80.72,0.0
River Water Discharge_Kogaon,1979,365,2700.0,26-Jun-1979,177,30.1,0.0
River Water Discharge_Kogaon,1980,366,600.0,22-Jun-1980,174,20.54,0.1
River Water Discharge_Kogaon,1981,365,2550.0,16-Aug-1981,228,45.54,0.0
River Water Discharge_Kogaon,1982,365,396.0,15-Aug-1982,227,9.81,0.4
River Water Discharge_Kogaon,1983,365,1135.0,15-Sep-1983,258,30.77,0.0
River Water Discharge_Kogaon,1984,366,1250.0,10-Aug-1984,223,21.89,0.1
River Water Discharge_Kogaon,1985,365,1520.0,09-Oct-1985,282,14.14,0.1
River Water Discharge_Kogaon,1986,365,1600.0,15-Aug-1986,227,23.22,0.0
River Water Discharge_Kogaon,1987,365,3034.0,21-Aug-1987,233,12.23,0.0
River Water Discharge_Kogaon,1988,366,3500.0,03-Oct-1988,277,67.2,0.0
River Water Discharge_Kogaon,1989,365,4960.0,17-Aug-1989,229,81.88,0.0
River Water Discharge_Kogaon,1990,365,8300.0,23-Aug-1990,235,80.74,0.0
River Water Discharge_Kogaon,1991,365,2090.0,30-Jul-1991,211,21.93,0.0
River Water Discharge_Kogaon,1992,366,650.9,22-Jun-1992,174,6.66,0.0
River Water Discharge_Kogaon,1993,365,1015.0,16-Jul-1993,197,30.66,0.0
River Water Discharge_Kogaon,1994,365,5500.0,31-Aug-1994,243,66.94,0.0
River Water Discharge_Kogaon,1995,365,2005.0,29-Jun-1995,180,25.02,0.0
River Water Discharge_Kogaon,1996,366,1520.0,16-Sep-1996,260,42.32,0.0
River Water Discharge_Kogaon,1997,365,3800.0,23-Aug-1997,235,39.71,0.0
River Water Discharge_Kogaon,1998,365,5600.0,22-Sep-1998,265,73.11,0.0
River Water Discharge_Kogaon,1999,355,1185.0,20-Jun-1999,171,18.8,0.0
River Water Discharge_Kogaon,2000,366,1450.0,30-Jun-2000,182,12.32,0.0
River Water Discharge_Kogaon,2001,362,296.06,03-Oct-2001,276,4.08,0.0
River Water Discharge_Kogaon,2002,340,5900.0,03-Sep-2002,246,48.84,0.0
River Water Discharge_Kogaon,2003,358,3500.0,02-Jul-2003,183,49.92,0.0
River Water Discharge_Kogaon,2004,345,1096.0,06-Oct-2004,280,21.77,0.0
River Water Discharge_Kogaon,2005,363,124.84,02-Aug-2005,214,3.09,0.0
River Water Discharge_Kogaon,2006,351,4021.28,07-Aug-2006,219,48.58,0.0
River Water Discharge_Kogaon,2007,324,1255.14,01-Jul-2007,182,23.43,0.0
River Water Discharge_Kogaon,2008,360,226.55,11-Sep-2008,255,4.12,0.0
River Water Discharge_Kogaon,2009,352,657.47,03-Sep-2009,246,13.91,0.0
River Water Discharge_Kogaon,2010,365,3463.63,09-Sep-2010,252,48.56,0.0
River Water Discharge_Kogaon,2011,365,990.91,29-Aug-2011,241,32.68,0.0
River Water Discharge_Kogaon,2012,366,1457.52,06-Sep-2012,250,19.24,0.0
River Water Discharge_Kogaon,2013,365,1314.3,04-Jul-2013,185,45.39,0.0
River Water Discharge_Kogaon,2014,362,3753.29,08-Sep-2014,251,43.09,0.0
River Water Discharge_Kogaon,2015,334,1274.15,06-Aug-2015,218,14.73,0.0
River Water Discharge_Kogaon,2016,346,720.0,18-Sep-2016,262,21.43,0.0
River Water Discharge_Kogaon,2017,359,1579.2,13-Jul-2017,194,25.12,0.0
River Water Discharge_Kogaon,2018,320,2370.0,17-Aug-2018,229,27.09,0.0
River Water Discharge_Kogaon,2019,241,1113.66,09-Aug-2019,221,91.69,1.5
River Water Discharge_Kogaon,2020,365,280.35,12-Sep-2020,256,28.27,0.0
River Water Discharge_Kogaon,2021,365,163.42,29-Sep-2021,272,18.66,0.0
River Water Discharge_Kogaon,2022,365,739.13,19-Jul-2022,200,44.68,0.0
River Water Discharge_Kogaon,2023,365,2575.0,16-Sep-2023,259,62.91,0.0
River Water Discharge_Kogaon,2024,394,1335.0,02-Sep-2024,246,63.78,0.0
River Water Discharge_Kogaon,2025,313,632.16,30-Aug-2025,242,19.34,0.0
River Water Discharge_Kokkedoddy,2018,43,387.92,20-Nov-2018,324,11.97,0.98
River Water Discharge_Kokkedoddy,2019,292,82.5,09-Oct-2019,282,6.96,0.43
River Water Discharge_Kokkedoddy,2020,277,99.18,03-Sep-2020,247,13.29,0.08
River Water Discharge_Kokkedoddy,2021,296,107.09,20-Nov-2021,324,14.98,0.45
River Water Discharge_Kokkedoddy,2022,334,679.3,30-Aug-2022,242,39.71,0.0
River Water Discharge_Kokkedoddy,2023,322,85.17,08-Nov-2023,312,7.3,0.23
River Water Discharge_Kokkedoddy,2024,301,80.0,01-Aug-2024,214,6.75,0.47
River Water Discharge_Kokkedoddy,2025,163,89.75,21-May-2025,141,7.59,0.64
River Water Discharge_Kolar at mahgaon,2019,214,408.05,11-Sep-2019,254,195.85,0.0
River Water Discharge_Kolar at mahgaon,2020,366,456.55,30-Aug-2020,243,90.32,0.0
River Water Discharge_Kolar at mahgaon,2021,365,274.79,25-Jul-2021,206,14.74,0.0
River Water Discharge_Kolar at mahgaon,2022,363,383.85,16-Aug-2022,228,17.49,0.0
River Water Discharge_Kolar at mahgaon,2023,365,172.12,22-Jul-2023,203,5.17,0.0
River Water Discharge_Kolar at mahgaon,2024,366,557.59,21-Jul-2024,203,11.07,0.0
River Water Discharge_Kolar at mahgaon,2025,308,210.16,31-Aug-2025,243,8.3,0.0
River Water Discharge_Kolgaon,2018,541,6929.4,12-Jul-2018,193,69.19,0.0
River Water Discharge_Kolgaon,2019,669,2665.88,04-Aug-2019,216,81.16,0.0
River Water Discharge_Kolgaon,2020,577,4542.07,28-Sep-2020,272,134.49,0.0
River Water Discharge_Kolgaon,2021,290,5853.62,23-Jul-2021,204,533.5,0.0
River Water Discharge_Kolgaon,2023,247,2604.84,27-Sep-2023,270,222.46,0.0
River Water Discharge_Kolgaon,2024,242,9275.09,02-Sep-2024,246,508.96,37.71
River Water Discharge_Kolgaon,2025,62,15534.89,17-Aug-2025,229,3024.61,335.31
River Water Discharge_Koli(bk),2018,306,984.64,17-Aug-2018,229,22.19,0.0
River Water Discharge_Koli(bk),2019,305,180.46,03-Aug-2019,215,11.61,0.0
River Water Discharge_Koli(bk),2020,305,292.43,29-Jul-2020,211,37.68,0.0
River Water Discharge_Koli(bk),2021,291,881.29,19-Aug-2021,231,55.73,0.0
River Water Discharge_Koli(bk),2022,300,761.68,10-Aug-2022,222,79.15,0.0
River Water Discharge_Koli(bk),2023,191,220.66,05-Jul-2023,186,21.07,0.0
River Water Discharge_Koli(bk),2024,238,1200.67,01-Sep-2024,245,120.0,6.78
River Water Discharge_Koli(bk),2025,52,684.69,30-Aug-2025,242,173.05,25.65
River Water Discharge_Koliari   rampur,2017,2,3.45,01-Aug-2017,213,3.45,3.45
River Water Discharge_Kondazhy,2019,48,575.73,05-Sep-2019,248,160.02,0.0
River Water Discharge_Kondazhy,2020,179,640.97,07-Aug-2020,220,44.93,0.0
River Water Discharge_Kondazhy,2021,259,469.87,16-Jul-2021,197,43.45,0.0
River Water Discharge_Kondazhy,2022,347,451.16,05-Aug-2022,217,25.9,0.0
River Water Discharge_Kondazhy,2023,297,304.86,25-Jul-2023,206,12.8,0.0
River Water Discharge_Kondazhy,2024,147,496.28,19-Jul-2024,201,41.3,0.82
River Water Discharge_Kondazhy,2025,3,2.9,16-Jan-2025,16,2.69,2.44
River Water Discharge_Kothapalle (sileru),2020,16,213.42,20-Jun-2020,172,119.49,51.2
River Water Discharge_Kothapalle (sileru),2021,211,441.1,28-Sep-2021,271,114.1,14.0
River Water Discharge_Kothapalle (sileru),2022,351,527.7,12-Jul-2022,193,111.15,6.53
River Water Discharge_Kothapalle (sileru),2023,358,629.0,13-Sep-2023,256,122.39,14.12
River Water Discharge_Kothapalle (sileru),2024,357,790.0,28-Jul-2024,210,136.9,0.0
River Water Discharge_Kothapalle (sileru),2025,243,375.0,27-Aug-2025,239,136.96,0.0
River Water Discharge_Kottapuram,2019,28,7.56,14-Sep-2019,257,2.78,0.56
River Water Discharge_Kottapuram,2020,177,63.4,10-Aug-2020,223,4.82,0.14
River Water Discharge_Kottapuram,2021,217,56.64,21-Oct-2021,294,9.12,0.22
River Water Discharge_Kottapuram,2022,326,31.12,24-Jul-2022,205,3.09,0.0
River Water Discharge_Kottapuram,2023,267,27.21,25-Jul-2023,206,1.5,0.0
River Water Discharge_Kottapuram,2024,196,85.2,01-Aug-2024,214,8.52,0.0
River Water Discharge_Kottapuram,2025,11,1.35,04-Jan-2025,4,0.41,0.1
River Water Discharge_Kovvada kalva near dommeru,1999,101,22.7,09-Oct-1999,282,7.31,0.0
River Water Discharge_Kovvada kalva near dommeru,2000,4,37.0,01-Sep-2000,245,12.72,1.63
River Water Discharge_Kovvada kalva near dommeru,2001,5,136.0,01-Sep-2001,244,44.01,1.08
River Water Discharge_Kovvada kalva near dommeru,2002,4,10.6,08-Aug-2002,220,3.3,0.21
River Water Discharge_Kovvada kalva near dommeru,2003,29,88.01,23-Jun-2003,174,23.38,0.21
River Water Discharge_Kovvada kalva near dommeru,2004,13,9.83,01-Oct-2004,275,2.01,0.19
River Water Discharge_Kovvada kalva near dommeru,2005,6,53.91,01-Nov-2005,305,20.56,0.65
River Water Discharge_Kovvada kalva near dommeru,2006,9,90.33,04-Aug-2006,216,22.38,0.19
River Water Discharge_Kovvada kalva near dommeru,2007,5,64.73,01-Sep-2007,244,37.01,6.76
River Water Discharge_Kovvada kalva near dommeru,2008,4,22.78,01-Aug-2008,214,12.79,4.97
River Water Discharge_Kovvada kalva near dommeru,2009,5,8.91,01-Oct-2009,274,8.06,7.29
River Water Discharge_Kovvada kalva near dommeru,2010,5,112.58,01-Sep-2010,244,56.07,3.23
River Water Discharge_Kovvada kalva near dommeru,2011,24,15.22,03-Aug-2011,215,2.84,1.85
River Water Discharge_Kovvada kalva near dommeru,2012,5,36.02,06-Sep-2012,250,15.4,7.47
River Water Discharge_Kovvada kalva near dommeru,2013,5,70.01,01-Nov-2013,305,20.64,6.25
River Water Discharge_Kovvada kalva near dommeru,2014,4,90.86,30-Jul-2014,211,46.0,15.45
River Water Discharge_Kovvada kalva near dommeru,2015,8,75.55,22-Jun-2015,173,47.82,11.25
River Water Discharge_Kovvada kalva near dommeru,2016,4,72.01,01-Oct-2016,275,49.55,11.11
River Water Discharge_Kovvada kalva near dommeru,2017,1,41.44,01-Jul-2017,182,41.44,41.44
River Water Discharge_Kovvada kalva near dommeru,2018,50,102.34,20-Aug-2018,232,27.11,0.0
River Water Discharge_Kovvada kalva near dommeru,2022,153,0.0,01-Apr-2022,91,0.0,0.0
River Water Discharge_Kovvadakalva   pragadapalli,1999,47,11.46,09-Oct-1999,282,4.39,1.96
River Water Discharge_Kovvadakalva   pragadapalli,2000,3,33.3,15-Aug-2000,228,16.11,7.04
River Water Discharge_Kovvadakalva   pragadapalli,2001,3,203.18,01-Oct-2001,274,88.31,30.19
River Water Discharge_Kovvadakalva   pragadapalli,2002,1,5.36,11-Oct-2002,284,5.36,5.36
River Water Discharge_Kovvadakalva   pragadapalli,2003,12,22.48,16-Dec-2003,350,6.59,1.16
River Water Discharge_Kovvadakalva   pragadapalli,2004,1,54.1,03-Aug-2004,216,54.1,54.1
River Water Discharge_Kovvadakalva   pragadapalli,2005,5,317.47,20-Sep-2005,263,75.46,2.36
River Water Discharge_Kovvadakalva   pragadapalli,2006,3,27.28,16-Sep-2006,259,15.87,4.22
River Water Discharge_Kovvadakalva   pragadapalli,2007,5,48.48,01-Aug-2007,213,30.84,9.21
River Water Discharge_Kovvadakalva   pragadapalli,2008,3,65.88,01-Aug-2008,214,45.72,22.8
River Water Discharge_Kovvadakalva   pragadapalli,2010,1,287.43,20-Jun-2010,171,287.43,287.43
River Water Discharge_Kovvadakalva   pragadapalli,2011,1,11.73,27-Aug-2011,239,11.73,11.73
River Water Discharge_Kovvadakalva   pragadapalli,2012,2,19.58,01-Oct-2012,275,19.58,19.58
River Water Discharge_Kovvadakalva   pragadapalli,2013,1,21.04,27-Oct-2013,300,21.04,21.04
River Water Discharge_Kovvadakalva   pragadapalli,2014,1,67.33,12-Sep-2014,255,67.33,67.33
River Water Discharge_Kovvadakalva   pragadapalli,2017,1,0.0,01-Nov-2017,305,0.0,0.0
River Water Discharge_Kovvadakalva   pragadapalli,2018,30,0.0,01-Nov-2018,305,0.0,0.0
River Water Discharge_Kovvadakalva   pragadapalli,2022,153,0.0,01-Apr-2022,91,0.0,0.0
River Water Discharge_Koyna,1972,92,66.5,02-Dec-1972,337,6.56,0.0
River Water Discharge_Koyna,1973,365,512.1,08-Sep-1973,251,12.46,0.0
River Water Discharge_Koyna,1974,365,85.5,08-Jan-1974,8,9.68,0.0
River Water Discharge_Koyna,1975,365,1070.3,15-Aug-1975,227,25.17,0.0
River Water Discharge_Koyna,1976,366,1925.0,03-Aug-1976,216,57.16,0.0
River Water Discharge_Koyna,1977,365,1661.6,04-Sep-1977,247,40.45,0.0
River Water Discharge_Koyna,1978,365,1429.7,26-Aug-1978,238,46.23,0.0
River Water Discharge_Koyna,1979,365,811.9,15-Aug-1979,227,18.49,0.0
River Water Discharge_Koyna,1980,366,1833.7,06-Aug-1980,219,41.48,0.1
River Water Discharge_Koyna,1981,365,454.7,23-Aug-1981,235,16.96,0.0
River Water Discharge_Koyna,1982,365,252.1,13-Aug-1982,225,13.61,0.0
River Water Discharge_Koyna,1983,365,1050.9,17-Aug-1983,229,31.96,0.0
River Water Discharge_Koyna,1984,366,747.2,13-Aug-1984,226,26.64,0.0
River Water Discharge_Koyna,1985,365,147.8,01-Aug-1985,213,22.11,0.0
River Water Discharge_Koyna,1986,344,941.4,13-Aug-1986,225,33.08,0.0
River Water Discharge_Koyna,1987,357,196.1,08-Jul-1987,189,19.71,0.0
River Water Discharge_Koyna,1988,361,1000.0,24-Sep-1988,268,34.23,0.0
River Water Discharge_Koyna,1989,365,269.5,24-Jul-1989,205,26.96,0.0
River Water Discharge_Koyna,1990,359,2371.0,17-Aug-1990,229,79.69,0.0
River Water Discharge_Koyna,1991,365,1317.0,15-Aug-1991,227,82.0,0.0
River Water Discharge_Koyna,1992,366,428.3,06-Sep-1992,250,35.7,0.0
River Water Discharge_Koyna,1993,365,565.9,07-Sep-1993,250,48.23,0.0
River Water Discharge_Koyna,1994,365,2505.0,03-Sep-1994,246,116.62,0.92
River Water Discharge_Koyna,1995,365,117.3,01-Sep-1995,244,22.8,0.0
River Water Discharge_Koyna,1996,366,158.0,04-Oct-1996,278,24.29,0.0
River Water Discharge_Koyna,1997,365,2592.0,23-Aug-1997,235,79.39,0.0
River Water Discharge_Koyna,1998,365,551.0,08-Oct-1998,281,34.82,0.0
River Water Discharge_Koyna,1999,365,1453.0,09-Aug-1999,221,64.49,0.0
River Water Discharge_Koyna,2000,366,180.0,12-Jul-2000,194,24.49,0.0
River Water Discharge_Koyna,2001,365,275.0,09-Jul-2001,190,20.56,0.0
River Water Discharge_Koyna,2002,365,752.3,06-Sep-2002,249,26.28,0.0
River Water Discharge_Koyna,2003,365,65.32,08-May-2003,128,22.46,0.0
River Water Discharge_Koyna,2004,366,2793.26,12-Aug-2004,225,52.51,0.09
River Water Discharge_Koyna,2005,365,3174.0,02-Aug-2005,214,107.49,0.09
River Water Discharge_Koyna,2006,365,3020.59,30-Jul-2006,211,125.21,0.11
River Water Discharge_Koyna,2007,151,53.88,05-Jan-2007,5,23.73,1.54
River Water Discharge_Kudlur,1999,301,39.5,24-Oct-1999,297,2.76,0.0
River Water Discharge_Kudlur,2000,366,62.04,05-Feb-2000,36,1.83,0.0
River Water Discharge_Kudlur,2001,365,50.56,19-Apr-2001,109,0.99,0.0
River Water Discharge_Kudlur,2002,365,1.51,07-Nov-2002,311,0.17,0.0
River Water Discharge_Kudlur,2003,365,2.59,21-Mar-2003,80,0.21,0.0
River Water Discharge_Kudlur,2004,366,2.75,14-Nov-2004,319,0.26,0.0
River Water Discharge_Kudlur,2005,353,77.64,02-Nov-2005,306,2.13,0.0
River Water Discharge_Kudlur,2006,331,46.18,20-Nov-2006,324,1.19,0.0
River Water Discharge_Kudlur,2007,362,48.11,20-Dec-2007,354,0.86,0.0
River Water Discharge_Kudlur,2008,360,30.52,26-Aug-2008,239,1.65,0.0
River Water Discharge_Kudlur,2009,364,27.95,22-May-2009,142,0.64,0.0
River Water Discharge_Kudlur,2010,359,137.73,06-Nov-2010,310,3.82,0.0
River Water Discharge_Kudlur,2011,356,44.15,04-May-2011,124,1.2,0.19
River Water Discharge_Kudlur,2012,364,21.56,13-Oct-2012,287,0.3,0.0
River Water Discharge_Kudlur,2013,361,16.77,07-Sep-2013,250,0.08,0.0
River Water Discharge_Kudlur,2014,353,70.55,28-Sep-2014,271,1.05,0.0
River Water Discharge_Kudlur,2015,363,21.29,18-Aug-2015,230,0.41,0.0
River Water Discharge_Kudlur,2016,220,4.53,02-Jun-2016,154,0.04,0.0
River Water Discharge_Kudlur,2017,219,15.82,02-Dec-2017,336,1.4,0.0
River Water Discharge_Kudlur,2018,189,49.39,29-Sep-2018,272,1.85,0.02
River Water Discharge_Kudlur,2019,126,35.75,12-Oct-2019,285,2.26,0.0
River Water Discharge_Kudlur,2020,62,4.7,25-Aug-2020,238,0.64,0.0
River Water Discharge_Kudlur,2021,86,35.03,12-Nov-2021,316,5.21,0.25
River Water Discharge_Kudlur,2022,284,32.96,21-May-2022,141,2.77,0.0
River Water Discharge_Kudlur,2023,355,8.97,09-Dec-2023,343,0.54,0.03
River Water Discharge_Kudlur,2024,243,29.17,21-May-2024,142,1.43,0.01
River Water Discharge_Kudlur,2025,124,1.52,11-Aug-2025,223,0.36,0.0
River Water Discharge_Kukshi,2016,153,193.03,04-Aug-2016,217,19.08,0.0
River Water Discharge_Kukshi,2020,466,82.07,26-Aug-2020,239,6.64,0.0
River Water Discharge_Kukshi,2021,413,34.54,08-Sep-2021,251,1.02,0.0
River Water Discharge_Kukshi,2022,59,0.0,01-Jan-2022,1,0.0,0.0
River Water Discharge_Kundanpur,2000,366,34.95,18-Jul-2000,200,0.57,0.0
River Water Discharge_Kundanpur,2001,365,47.25,03-Jul-2001,184,0.76,0.0
River Water Discharge_Kundanpur,2002,242,9.57,16-Jun-2002,167,0.11,0.0
River Water Discharge_Kundanpur,2003,164,62.09,02-Aug-2003,214,3.62,0.0
River Water Discharge_Kundanpur,2004,107,350.48,12-Aug-2004,225,20.4,0.27
River Water Discharge_Kundanpur,2005,116,708.19,28-Jul-2005,209,18.63,0.17
River Water Discharge_Kundanpur,2006,117,969.97,19-Aug-2006,231,64.89,0.29
River Water Discharge_Kundanpur,2007,130,668.34,09-Jul-2007,190,35.71,1.52
River Water Discharge_Kundanpur,2008,91,243.8,11-Jul-2008,193,18.49,1.19
River Water Discharge_Kundanpur,2009,85,155.85,29-Aug-2009,241,14.08,1.37
River Water Discharge_Kundanpur,2010,98,615.73,06-Aug-2010,218,39.19,1.99
River Water Discharge_Kundanpur,2011,108,327.34,09-Aug-2011,221,31.91,0.6
River Water Discharge_Kundanpur,2012,111,640.58,13-Aug-2012,226,41.5,0.65
River Water Discharge_Kundanpur,2013,126,332.1,30-Sep-2013,273,39.85,4.33
River Water Discharge_Kundanpur,2015,122,172.11,24-Jul-2015,205,12.77,0.0
River Water Discharge_Kundanpur,2016,153,394.65,04-Aug-2016,217,30.24,0.0
River Water Discharge_Kundanpur,2017,214,176.06,26-Jul-2017,207,11.59,0.0
River Water Discharge_Kundanpur,2018,358,155.5,22-Aug-2018,234,5.56,0.0
River Water Discharge_Kundanpur,2020,456,210.8,22-Aug-2020,235,11.43,0.0
River Water Discharge_Kundanpur,2021,466,77.13,16-Sep-2021,259,8.56,0.0
River Water Discharge_Kundanpur,2022,59,0.0,01-Jan-2022,1,0.0,0.0
River Water Discharge_Kunturla (machkund),2018,296,857.57,25-Feb-2018,56,14.82,0.0
River Water Discharge_Kunturla (machkund),2019,334,110.0,06-Sep-2019,249,13.1,1.6
River Water Discharge_Kunturla (machkund),2020,348,140.0,13-Oct-2020,287,12.9,1.29
River Water Discharge_Kunturla (machkund),2021,364,127.0,28-Sep-2021,271,10.12,2.0
River Water Discharge_Kunturla (machkund),2022,361,82.88,07-Oct-2022,280,12.41,1.75
River Water Discharge_Kunturla (machkund),2023,361,129.99,06-Dec-2023,340,11.9,0.0
River Water Discharge_Kunturla (machkund),2024,361,218.3,20-Jul-2024,202,14.68,2.0
River Water Discharge_Kunturla (machkund),2025,260,231.66,18-Aug-2025,230,14.56,2.5
River Water Discharge_Kurubhata,1978,275,756.0,01-Jul-1978,182,96.91,0.5
River Water Discharge_Kurubhata,1979,365,1148.6,09-Aug-1979,221,29.39,0.8
River Water Discharge_Kurubhata,1980,331,1720.5,24-Aug-1980,237,98.91,0.02
River Water Discharge_Kurubhata,1981,365,789.2,23-Aug-1981,235,54.92,0.4
River Water Discharge_Kurubhata,1982,365,1780.1,15-Aug-1982,227,58.68,0.6
River Water Discharge_Kurubhata,1983,365,870.6,03-Aug-1983,215,74.48,0.38
River Water Discharge_Kurubhata,1984,366,847.9,09-Aug-1984,222,84.78,0.3
River Water Discharge_Kurubhata,1985,365,2119.0,08-Aug-1985,220,80.82,1.1
River Water Discharge_Kurubhata,1986,365,1660.0,27-Jul-1986,208,79.89,1.1
River Water Discharge_Kurubhata,1987,365,1925.0,29-Aug-1987,241,67.05,0.8
River Water Discharge_Kurubhata,1988,366,930.0,11-Aug-1988,224,71.19,1.23
River Water Discharge_Kurubhata,1989,365,1809.0,28-Jul-1989,209,68.19,0.15
River Water Discharge_Kurubhata,1990,365,1167.0,20-Jul-1990,201,88.38,0.45
River Water Discharge_Kurubhata,1991,365,2005.0,24-Jul-1991,205,97.34,1.5
River Water Discharge_Kurubhata,1992,366,1120.0,05-Sep-1992,249,51.45,1.04
River Water Discharge_Kurubhata,1993,317,1334.47,27-Sep-1993,270,100.42,0.26
River Water Discharge_Kurubhata,1994,316,1962.71,20-Jul-1994,201,184.04,0.17
River Water Discharge_Kurubhata,1995,365,2200.0,18-Jul-1995,199,57.9,0.98
River Water Discharge_Kurubhata,1996,336,1625.0,26-Jul-1996,208,95.8,0.26
River Water Discharge_Kurubhata,1997,305,1033.0,09-Sep-1997,252,83.52,0.13
River Water Discharge_Kurubhata,1998,365,1828.0,14-Sep-1998,257,107.03,2.3
River Water Discharge_Kurubhata,1999,290,2160.0,08-Aug-1999,220,144.61,0.49
River Water Discharge_Kurubhata,2000,280,800.0,03-Sep-2000,247,46.6,0.55
River Water Discharge_Kurubhata,2001,263,1978.26,24-Jul-2001,205,162.58,0.75
River Water Discharge_Kurubhata,2002,280,1671.0,12-Sep-2002,255,77.21,2.16
River Water Discharge_Kurubhata,2003,292,1919.0,02-Sep-2003,245,116.13,0.24
River Water Discharge_Kurubhata,2004,274,1909.77,12-Aug-2004,225,83.6,0.12
River Water Discharge_Kurubhata,2005,274,1979.57,05-Aug-2005,217,87.22,0.97
River Water Discharge_Kurubhata,2006,250,1501.64,31-Jul-2006,212,74.49,0.54
River Water Discharge_Kurubhata,2007,348,1094.0,07-Jul-2007,188,59.92,0.0
River Water Discharge_Kurubhata,2008,303,1544.92,19-Sep-2008,263,81.06,0.93
River Water Discharge_Kurubhata,2009,365,649.5,21-Jul-2009,202,31.18,0.28
River Water Discharge_Kurubhata,2010,289,961.67,21-Sep-2010,264,50.5,0.12
River Water Discharge_Kurubhata,2011,253,2005.23,10-Sep-2011,253,140.8,0.26
River Water Discharge_Kurubhata,2012,290,1460.0,12-Aug-2012,225,70.4,0.29
River Water Discharge_Kurubhata,2013,355,1144.04,30-Aug-2013,242,72.84,0.29
River Water Discharge_Kurubhata,2014,365,1337.33,04-Aug-2014,216,56.17,0.15
River Water Discharge_Kurubhata,2015,365,1400.0,12-Jul-2015,193,59.99,0.32
River Water Discharge_Kurubhata,2016,366,1170.72,08-Aug-2016,221,73.33,0.27
River Water Discharge_Kurubhata,2017,363,2693.63,01-Sep-2017,244,83.74,0.0
River Water Discharge_Kurubhata,2018,329,965.01,27-Jul-2018,208,57.66,0.0
River Water Discharge_Kurubhata,2019,291,1668.13,30-Sep-2019,273,79.61,0.0
River Water Discharge_Kurubhata,2020,430,2131.72,28-Aug-2020,241,172.07,1.8
River Water Discharge_Kurubhata,2021,314,830.33,16-Sep-2021,259,56.38,0.32
River Water Discharge_Kurubhata,2022,343,1782.97,16-Aug-2022,228,90.58,0.29
River Water Discharge_Kurubhata,2023,365,1950.0,03-Aug-2023,215,68.84,0.11
River Water Discharge_Kurubhata,2024,365,1260.0,25-Aug-2024,238,53.48,0.12
River Water Discharge_Kurubhata,2025,264,1470.0,05-Sep-2025,248,105.92,0.42
River Water Discharge_Lakkavalli,2018,15,3.94,15-Dec-2018,349,3.27,2.99
River Water Discharge_Lakkavalli,2019,253,592.69,07-Sep-2019,250,38.87,0.0
River Water Discharge_Lakkavalli,2020,284,261.29,19-Feb-2020,50,16.18,3.98
River Water Discharge_Lakkavalli,2021,322,729.5,08-Aug-2021,220,27.55,0.0
River Water Discharge_Lakkavalli,2022,364,1687.0,09-Aug-2022,221,49.04,0.0
River Water Discharge_Lakkavalli,2023,326,117.11,13-Mar-2023,72,11.62,5.04
River Water Discharge_Lakkavalli,2024,216,2385.33,01-Aug-2024,214,46.51,3.56
River Water Discharge_Lakkavalli,2025,147,249.21,05-Apr-2025,95,15.57,7.58
River Water Discharge_Lakshmananpatti,2017,25,0.0,06-Jun-2017,157,0.0,0.0
River Water Discharge_Lakshmananpatti,2021,58,42.17,14-Jan-2021,14,11.31,0.33
River Water Discharge_Lakshmananpatti,2022,243,28.78,03-Jan-2022,3,3.11,0.0
River Water Discharge_Lakshmananpatti,2023,221,4.37,06-Nov-2023,310,0.73,0.0
River Water Discharge_Lakshmananpatti,2024,124,41.6,14-Dec-2024,349,3.97,0.0
River Water Discharge_Lakshmananpatti,2025,77,3.09,22-Jan-2025,22,0.76,0.16
River Water Discharge_Lasur,2014,214,0.0,01-Jun-2014,152,0.0,0.0
River Water Discharge_Lasur,2015,90,0.0,01-Jan-2015,1,0.0,0.0
River Water Discharge_Lasur,2016,1,0.0,01-Sep-2016,245,0.0,0.0
River Water Discharge_Lohara,2019,1,4817.0,31-Aug-2019,243,4817.0,4817.0
River Water Discharge_Lohara,2020,21,115.88,12-Oct-2020,286,41.74,12.41
River Water Discharge_Lohara,2021,88,162866.0,25-Aug-2021,237,1922.5,0.34
River Water Discharge_Lohara,2022,96,602.05,08-Aug-2022,220,94.68,0.94
River Water Discharge_Lohara,2023,60,73.42,27-Sep-2023,270,31.29,0.0
River Water Discharge_Lohara,2024,102,296.99,03-Sep-2024,247,44.87,0.0
River Water Discharge_Lonkheda,2018,122,0.0,01-Jan-2018,1,0.0,0.0
River Water Discharge_Lonkheda,2019,306,214.21,09-Aug-2019,221,2.06,0.0
River Water Discharge_Lonkheda,2020,184,45.16,15-Aug-2020,228,2.41,0.0
River Water Discharge_Lonkheda,2021,306,0.2,08-Sep-2021,251,0.0,0.0
River Water Discharge_Lonkheda,2022,60,0.0,01-Jun-2022,152,0.0,0.0
River Water Discharge_Lonkheda,2023,306,0.0,01-Jun-2023,152,0.0,0.0
River Water Discharge_M.h. halli,1978,77,44.8,13-Nov-1978,317,36.28,16.9
River Water Discharge_M.h. halli,1979,365,650.0,11-Aug-1979,223,73.9,0.6
River Water Discharge_M.h. halli,1980,366,1115.0,10-Jul-1980,192,98.49,2.0
River Water Discharge_M.h. halli,1981,365,1311.4,19-Aug-1981,231,99.19,1.9
River Water Discharge_M.h. halli,1982,365,386.2,04-Aug-1982,216,51.6,1.6
River Water Discharge_M.h. halli,1983,365,436.2,01-Oct-1983,274,45.71,0.4
River Water Discharge_M.h. halli,1984,366,781.4,19-Jul-1984,201,75.16,18.5
River Water Discharge_M.h. halli,1985,365,128.7,12-May-1985,132,27.5,2.2
River Water Discharge_M.h. halli,1986,365,870.5,10-Aug-1986,222,28.3,4.9
River Water Discharge_M.h. halli,1987,365,213.5,08-Feb-1987,39,24.89,8.5
River Water Discharge_M.h. halli,1988,366,337.8,24-Sep-1988,268,25.66,8.7
River Water Discharge_M.h. halli,1989,365,355.5,06-Jan-1989,6,31.16,8.5
River Water Discharge_M.h. halli,1990,365,496.0,22-Aug-1990,234,35.94,12.04
River Water Discharge_M.h. halli,1991,365,2172.0,28-Jul-1991,209,61.76,15.85
River Water Discharge_M.h. halli,1992,366,1012.0,15-Aug-1992,228,72.61,13.71
River Water Discharge_M.h. halli,1993,365,455.9,16-Aug-1993,228,47.95,12.98
River Water Discharge_M.h. halli,1994,365,2170.0,16-Jul-1994,197,87.62,13.82
River Water Discharge_M.h. halli,1995,365,353.4,05-Sep-1995,248,22.27,11.46
River Water Discharge_M.h. halli,1996,366,245.6,07-Jan-1996,7,23.07,4.83
River Water Discharge_M.h. halli,1997,365,455.0,08-Aug-1997,220,23.65,6.5
River Water Discharge_M.h. halli,1998,365,161.0,17-Sep-1998,260,17.22,8.3
River Water Discharge_M.h. halli,1999,303,617.8,08-Aug-1999,220,27.63,7.18
River Water Discharge_M.h. halli,2000,343,380.81,23-Sep-2000,267,40.95,6.94
River Water Discharge_M.h. halli,2001,336,195.5,08-Jun-2001,159,16.99,3.12
River Water Discharge_M.h. halli,2002,365,180.32,26-Apr-2002,116,12.01,1.85
River Water Discharge_M.h. halli,2003,365,131.71,10-May-2003,130,10.01,1.06
River Water Discharge_M.h. halli,2004,366,66.13,18-Oct-2004,292,11.9,1.73
River Water Discharge_M.h. halli,2005,351,1064.2,02-Aug-2005,214,24.73,1.07
River Water Discharge_M.h. halli,2006,342,409.6,17-Aug-2006,229,26.05,5.44
River Water Discharge_M.h. halli,2007,357,358.36,26-Sep-2007,269,25.91,0.53
River Water Discharge_M.h. halli,2008,358,792.1,14-Aug-2008,227,34.55,3.68
River Water Discharge_M.h. halli,2009,356,1037.0,19-Jul-2009,200,34.22,3.7
River Water Discharge_M.h. halli,2010,360,150.35,23-Nov-2010,327,22.94,2.55
River Water Discharge_M.h. halli,2011,365,359.0,05-Sep-2011,248,34.49,7.71
River Water Discharge_M.h. halli,2012,366,184.0,06-Oct-2012,280,18.09,0.0
River Water Discharge_M.h. halli,2013,363,1110.0,02-Aug-2013,214,30.64,0.0
River Water Discharge_M.h. halli,2014,356,489.03,06-Aug-2014,218,21.08,0.0
River Water Discharge_M.h. halli,2015,350,174.45,24-Aug-2015,236,16.7,0.0
River Water Discharge_M.h. halli,2016,248,231.13,09-Sep-2016,253,20.71,0.0
River Water Discharge_M.h. halli,2017,147,121.12,25-Feb-2017,56,24.33,0.0
River Water Discharge_M.h. halli,2018,259,15261.56,19-Jul-2018,200,140.93,0.0
River Water Discharge_M.h. halli,2019,97,8437.06,31-Jul-2019,212,235.79,1.29
River Water Discharge_M.h. halli,2020,213,901.88,08-Aug-2020,221,33.49,6.9
River Water Discharge_M.h. halli,2021,129,179.99,31-Jul-2021,212,33.38,11.48
River Water Discharge_M.h. halli,2022,228,161.23,30-Jul-2022,211,11.43,3.48
River Water Discharge_M.h. halli,2023,165,88.81,08-Jun-2023,159,24.3,2.87
River Water Discharge_M.h. halli,2024,134,91.0,17-Aug-2024,230,24.02,4.66
River Water Discharge_M.h. halli,2025,54,839.6,19-Jul-2025,200,203.82,5.64
River Water Discharge_Maan at gopalpura,2019,214,285.0,11-Aug-2019,223,35.16,0.0
River Water Discharge_Maan at gopalpura,2020,310,45.3,22-Sep-2020,266,15.55,0.0
River Water Discharge_Maan at gopalpura,2021,365,27.42,11-Jun-2021,162,7.47,0.0
River Water Discharge_Maan at gopalpura,2022,365,76.5,10-Oct-2022,283,10.43,0.0
River Water Discharge_Maan at gopalpura,2023,365,120.0,18-Sep-2023,261,5.91,0.0
River Water Discharge_Maan at gopalpura,2024,394,110.3,28-Sep-2024,272,10.54,0.0
River Water Discharge_Maan at gopalpura,2025,268,267.06,31-Aug-2025,243,6.58,0.0
River Water Discharge_Machak at barangi,2019,215,500.0,11-Aug-2019,223,68.17,10.5
River Water Discharge_Machak at barangi,2020,366,417.87,17-Aug-2020,230,9.49,0.6
River Water Discharge_Machak at barangi,2021,365,98.24,17-Sep-2021,260,4.55,0.0
River Water Discharge_Machak at barangi,2022,365,480.0,18-Jul-2022,199,16.4,0.0
River Water Discharge_Machak at barangi,2023,365,750.3,16-Sep-2023,259,12.34,0.0
River Water Discharge_Machak at barangi,2024,366,113.6,25-Aug-2024,238,8.29,0.0
River Water Discharge_Machak at barangi,2025,284,158.61,30-Aug-2025,242,9.45,0.0
River Water Discharge_Machna at shahpur,2019,184,551.31,15-Sep-2019,258,8.87,0.14
River Water Discharge_Machna at shahpur,2020,366,62.91,12-Aug-2020,225,2.29,0.01
River Water Discharge_Machna at shahpur,2021,365,95.83,23-Jul-2021,204,9.09,0.0
River Water Discharge_Machna at shahpur,2022,364,150.13,13-Jul-2022,194,16.78,0.0
River Water Discharge_Machna at shahpur,2023,365,270.0,16-Sep-2023,259,2.41,0.0
River Water Discharge_Machna at shahpur,2024,366,100.01,02-Sep-2024,246,9.52,0.0
River Water Discharge_Machna at shahpur,2025,291,78.25,30-Aug-2025,242,2.74,0.0
River Water Discharge_Machrewa at bakori,2019,428,385.76,09-Aug-2019,221,46.93,7.2
River Water Discharge_Machrewa at bakori,2020,732,1050.0,29-Aug-2020,242,14.92,0.0
River Water Discharge_Machrewa at bakori,2021,730,32.8,26-Sep-2021,269,3.87,0.15
River Water Discharge_Machrewa at bakori,2022,516,155.75,16-Aug-2022,228,4.46,0.0
River Water Discharge_Machrewa at bakori,2023,365,758.62,28-Jun-2023,179,9.31,0.61
River Water Discharge_Machrewa at bakori,2024,366,558.2,01-Aug-2024,214,18.08,0.0
River Water Discharge_Machrewa at bakori,2025,243,600.0,08-Jul-2025,189,9.75,0.0
River Water Discharge_Madhira,1984,214,346.3,12-Oct-1984,286,11.98,0.0
River Water Discharge_Madhira,1985,365,865.1,11-Oct-1985,284,17.73,0.4
River Water Discharge_Madhira,1986,365,1268.8,13-Aug-1986,225,18.43,0.0
River Water Discharge_Madhira,1987,365,110.8,13-Nov-1987,317,7.99,0.08
River Water Discharge_Madhira,1988,366,859.7,19-Sep-1988,263,30.32,0.17
River Water Discharge_Madhira,1989,365,1238.0,31-Aug-1989,243,44.63,0.22
River Water Discharge_Madhira,1990,343,946.7,02-Oct-1990,275,46.11,1.5
River Water Discharge_Madhira,1991,365,1306.0,22-Sep-1991,265,22.1,1.0
River Water Discharge_Madhira,1992,366,147.9,10-Oct-1992,284,9.12,0.1
River Water Discharge_Madhira,1993,365,80.44,28-Aug-1993,240,10.37,0.14
River Water Discharge_Madhira,1994,365,419.1,07-Oct-1994,280,20.74,0.15
River Water Discharge_Madhira,1995,365,554.6,16-Oct-1995,289,15.24,0.46
River Water Discharge_Madhira,1996,366,356.1,28-Aug-1996,241,22.38,0.39
River Water Discharge_Madhira,1997,365,91.39,12-Sep-1997,255,10.04,0.41
River Water Discharge_Madhira,1998,365,411.0,16-Oct-1998,289,19.8,0.18
River Water Discharge_Madhira,1999,365,303.9,26-Aug-1999,238,16.87,0.41
River Water Discharge_Madhira,2000,366,867.1,27-Aug-2000,240,23.22,0.05
River Water Discharge_Madhira,2001,365,98.37,15-Aug-2001,227,4.2,0.0
River Water Discharge_Madhira,2002,365,73.22,14-Oct-2002,287,3.42,0.0
River Water Discharge_Madhira,2003,365,142.4,08-Aug-2003,220,3.1,0.0
River Water Discharge_Madhira,2004,366,303.75,05-Aug-2004,218,5.81,0.0
River Water Discharge_Madhira,2005,365,2309.07,21-Sep-2005,264,26.16,0.0
River Water Discharge_Madhira,2006,345,802.23,20-Sep-2006,263,19.66,1.76
River Water Discharge_Madhira,2007,364,431.27,06-Oct-2007,279,15.35,0.37
River Water Discharge_Madhira,2008,362,1853.58,10-Aug-2008,223,26.38,0.0
River Water Discharge_Madhira,2009,349,65.3,02-Oct-2009,275,2.61,0.0
River Water Discharge_Madhira,2010,360,412.45,22-May-2010,142,30.1,0.25
River Water Discharge_Madhira,2011,357,211.59,26-Aug-2011,238,14.41,0.0
River Water Discharge_Madhira,2012,361,441.26,03-Nov-2012,308,15.98,0.0
River Water Discharge_Madhira,2013,362,301.71,26-Oct-2013,299,12.44,0.0
River Water Discharge_Madhira,2014,365,173.06,28-Oct-2014,301,7.52,0.0
River Water Discharge_Madhira,2015,353,347.33,21-Jun-2015,172,6.99,0.0
River Water Discharge_Madhira,2016,307,76.88,10-Oct-2016,284,1.9,0.0
River Water Discharge_Madhira,2017,125,172.14,04-Oct-2017,277,12.05,0.0
River Water Discharge_Madhira,2018,321,1410.58,20-Aug-2018,232,16.56,0.0
River Water Discharge_Madhira,2019,230,213.69,19-Sep-2019,262,11.87,0.0
River Water Discharge_Madhira,2020,265,1062.14,14-Oct-2020,288,40.66,0.0
River Water Discharge_Madhira,2021,310,988.33,23-Jul-2021,204,24.29,0.0
River Water Discharge_Madhira,2022,337,260.91,08-Aug-2022,220,22.54,0.0
River Water Discharge_Madhira,2023,364,649.48,27-Jul-2023,208,13.64,0.0
River Water Discharge_Madhira,2024,357,1180.0,01-Sep-2024,245,24.82,0.0
River Water Discharge_Madhira,2025,160,82.5,21-Aug-2025,233,6.11,2.03
River Water Discharge_Madhya bharat paper ltd (mbpl),2019,1,0.0,13-Oct-2019,286,0.0,0.0
River Water Discharge_Magaral,1971,37,259.8,17-Dec-1971,351,15.52,0.0
River Water Discharge_Magaral,1972,366,1200.6,09-Dec-1972,344,9.53,0.0
River Water Discharge_Magaral,1973,365,14.3,17-Dec-1973,351,0.09,0.0
River Water Discharge_Magaral,1974,365,0.0,01-Jan-1974,1,0.0,0.0
River Water Discharge_Magaral,1975,365,51.4,27-Nov-1975,331,0.42,0.0
River Water Discharge_Magaral,1976,366,428.1,26-Nov-1976,331,2.86,0.0
River Water Discharge_Magaral,1977,365,680.0,14-Nov-1977,318,19.6,0.0
River Water Discharge_Magaral,1978,365,71.2,29-Dec-1978,363,1.41,0.0
River Water Discharge_Magaral,1979,365,217.0,19-Nov-1979,323,5.22,0.0
River Water Discharge_Magaral,1980,366,0.3,01-Jan-1980,1,0.0,0.0
River Water Discharge_Magaral,1981,365,12.5,31-Oct-1981,304,0.1,0.0
River Water Discharge_Magaral,1982,365,0.0,01-Jan-1982,1,0.0,0.0
River Water Discharge_Magaral,1983,365,319.8,26-Dec-1983,360,2.39,0.0
River Water Discharge_Magaral,1984,366,177.0,08-Mar-1984,68,3.46,0.0
River Water Discharge_Magaral,1985,365,1595.7,13-Nov-1985,317,10.49,0.0
River Water Discharge_Magaral,1986,365,54.7,19-Feb-1986,50,0.91,0.0
River Water Discharge_Magaral,1987,365,4.98,26-Dec-1987,360,0.02,0.0
River Water Discharge_Magaral,1988,366,0.0,01-Jan-1988,1,0.0,0.0
River Water Discharge_Magaral,1989,365,0.0,01-Jan-1989,1,0.0,0.0
River Water Discharge_Magaral,1990,365,0.0,01-Jan-1990,1,0.0,0.0
River Water Discharge_Magaral,1991,365,799.9,18-Nov-1991,322,9.11,0.0
River Water Discharge_Magaral,1992,366,187.8,18-Nov-1992,323,1.72,0.0
River Water Discharge_Magaral,1993,365,109.5,06-Dec-1993,340,0.95,0.0
River Water Discharge_Magaral,1994,365,304.5,06-Nov-1994,310,2.42,0.0
River Water Discharge_Magaral,1995,365,11.21,25-Aug-1995,237,0.32,0.0
River Water Discharge_Magaral,1996,366,947.0,16-Dec-1996,351,21.68,0.0
River Water Discharge_Magaral,1997,365,402.0,08-Dec-1997,342,19.8,0.0
River Water Discharge_Magaral,1998,363,337.0,08-Nov-1998,312,12.41,0.0
River Water Discharge_Magaral,1999,365,11.14,01-Jan-1999,1,0.25,0.0
River Water Discharge_Magaral,2000,366,0.12,02-Jan-2000,2,0.0,0.0
River Water Discharge_Magaral,2001,365,1.23,12-Oct-2001,285,0.01,0.0
River Water Discharge_Magaral,2002,365,0.0,01-Jan-2002,1,0.0,0.0
River Water Discharge_Magaral,2003,365,0.0,01-Jan-2003,1,0.0,0.0
River Water Discharge_Magaral,2004,366,0.0,01-Jan-2004,1,0.0,0.0
River Water Discharge_Magaral,2005,357,606.6,05-Dec-2005,339,9.57,0.0
River Water Discharge_Magaral,2006,359,20.59,09-Jan-2006,9,0.27,0.0
River Water Discharge_Magaral,2007,364,218.45,20-Dec-2007,354,1.14,0.0
River Water Discharge_Magaral,2008,364,225.7,29-Nov-2008,334,1.53,0.0
River Water Discharge_Magaral,2009,365,0.0,01-Jan-2009,1,0.0,0.0
River Water Discharge_Magaral,2010,362,55.22,14-Dec-2010,348,1.69,0.0
River Water Discharge_Magaral,2011,354,27.4,28-Nov-2011,332,0.34,0.0
River Water Discharge_Magaral,2012,363,23.57,01-Jan-2012,1,0.23,0.0
River Water Discharge_Magaral,2013,365,0.0,01-Jan-2013,1,0.0,0.0
River Water Discharge_Magaral,2014,365,0.0,01-Jan-2014,1,0.0,0.0
River Water Discharge_Magaral,2015,352,1037.0,03-Dec-2015,337,13.41,0.0
River Water Discharge_Magaral,2016,364,0.94,02-Jan-2016,2,0.01,0.0
River Water Discharge_Magaral,2017,362,94.15,03-Dec-2017,337,0.63,0.0
River Water Discharge_Magaral,2018,365,0.0,01-Jan-2018,1,0.0,0.0
River Water Discharge_Magaral,2019,365,0.0,01-Jan-2019,1,0.0,0.0
River Water Discharge_Magaral,2020,182,21.71,10-Dec-2020,345,1.05,0.0
River Water Discharge_Magaral,2021,111,1629.37,20-Nov-2021,324,110.23,0.0
River Water Discharge_Magaral,2022,270,390.68,15-Nov-2022,319,17.63,0.0
River Water Discharge_Magaral,2023,194,127.61,29-Sep-2023,272,4.56,0.0
River Water Discharge_Magaral,2024,52,2073.51,02-Dec-2024,337,204.66,0.0
River Water Discharge_Magaral,2025,35,33.41,01-Jan-2025,1,8.78,0.22
River Water Discharge_Mahanadi_ arang,2015,153,985.62,21-Sep-2015,264,69.02,0.38
River Water Discharge_Mahanadi_ arang,2019,326,1168.0,09-Aug-2019,221,40.4,0.0
River Water Discharge_Mahanadi_ arang,2020,155,1849.0,28-Aug-2020,241,107.94,0.84
River Water Discharge_Mahanadi_ kasdol,2008,12,666.78,01-Aug-2008,214,128.63,2.7
River Water Discharge_Mahanadi_ kasdol,2015,173,9200.0,31-Jan-2015,31,671.8,0.57
River Water Discharge_Malpur,2018,62,0.0,01-Jan-2018,1,0.0,0.0
River Water Discharge_Malpur,2022,60,0.0,01-Jun-2022,152,0.0,0.0
River Water Discharge_Manakkad,2019,103,113.18,13-Sep-2019,256,53.63,16.1
River Water Discharge_Manakkad,2020,229,241.55,10-Aug-2020,223,63.36,17.29
River Water Discharge_Manakkad,2021,336,435.1,22-Oct-2021,295,111.93,28.68
River Water Discharge_Manakkad,2022,358,359.52,31-Aug-2022,243,80.76,0.0
River Water Discharge_Manakkad,2023,323,194.56,05-Jul-2023,186,49.13,0.0
River Water Discharge_Manakkad,2024,273,323.45,18-Jul-2024,200,54.48,1.88
River Water Discharge_Manakkad,2025,75,65.99,28-Jan-2025,28,41.51,19.08
River Water Discharge_Mandal,2018,122,0.0,01-Jan-2018,1,0.0,0.0
River Water Discharge_Mandal,2019,180,293.31,09-Aug-2019,221,2.64,0.0
River Water Discharge_Mandal,2020,184,120.92,20-Aug-2020,233,0.84,0.0
River Water Discharge_Mandal,2021,306,80.73,29-Sep-2021,272,1.06,0.0
River Water Discharge_Mandal,2022,60,0.0,01-Jun-2022,152,0.0,0.0
River Water Discharge_Mandal,2023,306,50.59,17-Aug-2023,229,0.85,0.0
River Water Discharge_Mandalapadu,2003,6,0.0,01-Jan-2003,1,0.0,0.0
River Water Discharge_Mandalapadu,2004,9,0.0,01-Jan-2004,1,0.0,0.0
River Water Discharge_Mandalapadu,2005,10,6.2,01-Oct-2005,274,0.62,0.0
River Water Discharge_Mandalapadu,2006,5,0.0,01-Jan-2006,1,0.0,0.0
River Water Discharge_Mandalapadu,2008,1,0.0,01-Mar-2008,61,0.0,0.0
River Water Discharge_Manendragarh,1989,195,179.5,22-Jun-1989,173,11.5,0.33
River Water Discharge_Manendragarh,1990,344,2329.0,12-Jul-1990,193,20.61,0.0
River Water Discharge_Manendragarh,1991,304,465.3,23-Aug-1991,235,15.4,0.17
River Water Discharge_Manendragarh,1992,305,97.51,12-Sep-1992,256,9.06,0.0
River Water Discharge_Manendragarh,1993,365,709.41,16-Sep-1993,259,8.98,0.0
River Water Discharge_Manendragarh,1994,365,541.54,08-Oct-1994,281,17.75,0.0
River Water Discharge_Manendragarh,1995,359,310.78,18-Jul-1995,199,9.01,0.0
River Water Discharge_Manendragarh,1996,366,290.71,04-Sep-1996,248,13.97,0.0
River Water Discharge_Manendragarh,1997,365,130.0,07-Aug-1997,219,8.56,0.0
River Water Discharge_Manendragarh,1998,365,990.0,19-Jul-1998,200,13.03,0.0
River Water Discharge_Manendragarh,1999,365,175.5,03-Aug-1999,215,12.5,0.0
River Water Discharge_Manendragarh,2000,366,240.0,03-Sep-2000,247,10.01,0.0
River Water Discharge_Manendragarh,2001,365,374.32,13-Jul-2001,194,17.05,0.0
River Water Discharge_Manendragarh,2002,365,355.27,12-Sep-2002,255,7.01,0.0
River Water Discharge_Manendragarh,2003,365,328.11,27-Sep-2003,270,14.53,0.0
River Water Discharge_Manendragarh,2004,366,170.0,08-Aug-2004,221,9.21,0.0
River Water Discharge_Manendragarh,2005,365,169.7,01-Jul-2005,182,13.18,0.0
River Water Discharge_Manendragarh,2006,365,174.77,31-Jul-2006,212,8.66,0.0
River Water Discharge_Manendragarh,2007,365,115.0,02-Sep-2007,245,5.06,0.0
River Water Discharge_Manendragarh,2008,364,212.2,07-Aug-2008,220,9.68,0.0
River Water Discharge_Manendragarh,2009,365,112.85,21-Jul-2009,202,4.75,0.0
River Water Discharge_Manendragarh,2010,365,119.07,05-Aug-2010,217,5.98,0.0
River Water Discharge_Manendragarh,2011,346,447.97,05-Sep-2011,248,14.85,0.0
River Water Discharge_Manendragarh,2012,362,235.44,10-Jul-2012,192,8.53,0.0
River Water Discharge_Manendragarh,2013,365,85.0,28-Jul-2013,209,7.34,0.0
River Water Discharge_Manendragarh,2014,346,279.2,05-Aug-2014,217,9.3,0.0
River Water Discharge_Manendragarh,2015,365,127.84,09-Jul-2015,190,3.26,0.0
River Water Discharge_Manendragarh,2016,366,278.93,13-Aug-2016,226,10.52,0.0
River Water Discharge_Manendragarh,2017,319,278.96,13-Aug-2017,225,5.71,0.0
River Water Discharge_Manendragarh,2018,358,632.85,07-Sep-2018,250,7.95,0.0
River Water Discharge_Manendragarh,2019,333,217.32,02-Aug-2019,214,12.02,0.0
River Water Discharge_Manendragarh,2020,296,461.47,05-Aug-2020,218,21.03,0.0
River Water Discharge_Manendragarh,2021,244,199.84,10-Aug-2021,222,15.35,0.0
River Water Discharge_Manendragarh,2022,365,397.89,13-Aug-2022,225,33.48,0.0
River Water Discharge_Manendragarh,2023,365,662.0,23-Aug-2023,235,64.97,0.0
River Water Discharge_Manendragarh,2024,372,850.0,03-Aug-2024,216,44.92,0.0
River Water Discharge_Manendragarh,2025,275,460.0,07-Jul-2025,188,44.75,0.0
River Water Discharge_Mangaon,2013,4,149.79,01-Aug-2013,213,75.53,5.47
River Water Discharge_Mangaon,2014,4,395.7,01-Sep-2014,244,98.92,0.0
River Water Discharge_Mangaon,2015,334,240.0,24-Jun-2015,175,12.91,0.0
River Water Discharge_Mangaon,2016,245,682.11,03-Aug-2016,216,52.25,0.0
River Water Discharge_Mangaon,2017,334,498.0,08-Nov-2017,312,35.96,0.0
River Water Discharge_Mangaon,2018,334,765.58,10-Jul-2018,191,31.15,0.0
River Water Discharge_Mangaon,2019,365,1301.06,03-Aug-2019,215,48.69,0.0
River Water Discharge_Mangaon,2020,342,690.29,06-Aug-2020,219,26.61,0.0
River Water Discharge_Mangaon,2021,331,880.74,22-Jul-2021,203,26.3,0.0
River Water Discharge_Mangaon,2022,347,448.06,10-Aug-2022,222,28.44,0.0
River Water Discharge_Mangaon,2023,276,880.24,21-Jul-2023,202,42.49,0.0
River Water Discharge_Mangaon,2024,364,713.06,25-Jul-2024,207,37.56,0.0
River Water Discharge_Mangaon,2025,249,839.99,20-Aug-2025,232,53.65,0.0
River Water Discharge_Mangapet,2003,6,0.0,01-Jan-2003,1,0.0,0.0
River Water Discharge_Mangapet,2004,10,3.0,13-Jul-2004,195,0.56,0.0
River Water Discharge_Mangapet,2005,9,1.15,01-Oct-2005,274,0.25,0.0
River Water Discharge_Mangapet,2006,6,2.73,01-Oct-2006,274,0.45,0.0
River Water Discharge_Mangapet,2008,1,0.0,01-Mar-2008,61,0.0,0.0
River Water Discharge_Manikal,2019,60,12.59,09-Nov-2019,313,3.79,0.1
River Water Discharge_Manikal,2020,223,81.22,09-Sep-2020,253,4.27,0.0
River Water Discharge_Manikal,2021,297,50.55,18-Oct-2021,291,5.72,0.0
River Water Discharge_Manikal,2022,354,75.94,04-Aug-2022,216,4.87,0.0
River Water Discharge_Manikal,2023,359,96.06,05-Jul-2023,186,4.64,0.0
River Water Discharge_Manikal,2024,241,77.84,30-Jul-2024,212,5.84,0.0
River Water Discharge_Manikal,2025,26,7.75,01-Jul-2025,182,0.53,0.11
River Water Discharge_Manot,1976,16,11.0,16-Dec-1976,351,7.38,5.2
River Water Discharge_Manot,1977,365,2125.0,07-Aug-1977,219,128.46,0.2
River Water Discharge_Manot,1978,344,960.0,06-Aug-1978,218,92.69,0.8
River Water Discharge_Manot,1979,365,2380.0,09-Aug-1979,221,31.16,0.1
River Water Discharge_Manot,1980,366,3277.1,09-Sep-1980,253,145.39,0.0
River Water Discharge_Manot,1981,365,1687.7,28-Jul-1981,209,61.69,0.1
River Water Discharge_Manot,1982,365,1242.0,16-Aug-1982,228,60.56,0.1
River Water Discharge_Manot,1983,365,2423.0,08-Sep-1983,251,86.26,0.1
River Water Discharge_Manot,1984,366,5660.0,18-Aug-1984,231,105.91,0.2
River Water Discharge_Manot,1985,365,4850.0,08-Aug-1985,220,116.01,0.2
River Water Discharge_Manot,1986,365,5762.0,08-Jul-1986,189,113.68,0.2
River Water Discharge_Manot,1987,365,6180.0,15-Sep-1987,258,124.55,0.3
River Water Discharge_Manot,1988,366,4130.0,04-Aug-1988,217,103.91,0.19
River Water Discharge_Manot,1989,365,950.0,14-Aug-1989,226,44.94,0.15
River Water Discharge_Manot,1990,365,2300.0,25-Jun-1990,176,136.4,0.4
River Water Discharge_Manot,1991,365,6520.0,23-Aug-1991,235,104.7,0.26
River Water Discharge_Manot,1992,366,3340.0,11-Sep-1992,255,81.22,0.28
River Water Discharge_Manot,1993,365,2980.0,17-Aug-1993,229,90.04,0.02
River Water Discharge_Manot,1994,365,4410.0,21-Jul-1994,202,174.48,0.05
River Water Discharge_Manot,1995,365,3300.0,09-Aug-1995,221,107.56,0.34
River Water Discharge_Manot,1996,366,1650.0,27-Jul-1996,209,73.62,0.34
River Water Discharge_Manot,1997,365,3160.0,01-Aug-1997,213,104.62,0.43
River Water Discharge_Manot,1998,365,2010.0,06-Jul-1998,187,90.19,1.76
River Water Discharge_Manot,1999,348,4390.0,18-Sep-1999,261,108.23,0.88
River Water Discharge_Manot,2000,362,3000.0,20-Jul-2000,202,65.57,0.84
River Water Discharge_Manot,2001,363,3600.0,13-Jul-2001,194,111.64,0.6
River Water Discharge_Manot,2002,365,1940.0,09-Sep-2002,252,63.7,0.3
River Water Discharge_Manot,2003,364,4980.0,29-Aug-2003,241,140.71,0.02
River Water Discharge_Manot,2004,354,1786.0,13-Aug-2004,226,76.8,0.66
River Water Discharge_Manot,2005,351,4485.86,06-Aug-2005,218,159.13,0.01
River Water Discharge_Manot,2006,331,2070.67,28-Jul-2006,209,69.48,0.02
River Water Discharge_Manot,2007,304,970.67,06-Sep-2007,249,28.4,0.01
River Water Discharge_Manot,2008,330,1264.66,01-Aug-2008,214,62.07,0.02
River Water Discharge_Manot,2009,353,484.27,21-Jul-2009,202,32.57,0.07
River Water Discharge_Manot,2010,361,1900.27,03-Aug-2010,215,55.85,0.0
River Water Discharge_Manot,2011,354,2439.3,07-Sep-2011,250,117.46,0.19
River Water Discharge_Manot,2012,365,1041.53,22-Aug-2012,235,66.03,0.0
River Water Discharge_Manot,2013,364,1572.52,09-Aug-2013,221,85.55,0.58
River Water Discharge_Manot,2014,365,3474.62,06-Aug-2014,218,68.87,0.27
River Water Discharge_Manot,2015,303,1178.44,04-Aug-2015,216,47.57,0.82
River Water Discharge_Manot,2016,308,950.0,07-Aug-2016,220,77.55,0.01
River Water Discharge_Manot,2017,365,316.9,09-Aug-2017,221,38.62,0.0
River Water Discharge_Manot,2018,361,676.9,08-Sep-2018,251,56.03,0.0
River Water Discharge_Manot,2019,333,1914.0,12-Sep-2019,255,130.51,0.0
River Water Discharge_Manot,2020,366,1721.2,29-Aug-2020,242,114.08,3.11
River Water Discharge_Manot,2021,366,1185.56,25-Jul-2021,206,72.1,1.67
River Water Discharge_Manot,2022,365,2450.0,21-Aug-2022,233,104.61,1.15
River Water Discharge_Manot,2023,365,4750.0,04-Aug-2023,216,93.8,1.55
River Water Discharge_Manot,2024,429,2492.6,04-Aug-2024,217,106.94,1.5
River Water Discharge_Manot,2025,293,2218.6,27-Jul-2025,208,116.37,1.87
River Water Discharge_Maruthankuzhy,2011,11,6.48,01-Dec-2011,335,3.04,0.65
River Water Discharge_Mat sekawi,2013,365,350.21,28-Aug-2013,240,46.04,0.2
River Water Discharge_Mat sekawi,2014,365,363.46,20-Sep-2014,263,32.1,0.24
River Water Discharge_Mat sekawi,2015,365,735.93,07-Sep-2015,250,55.35,0.43
River Water Discharge_Mat sekawi,2016,182,189.2,10-Jul-2016,192,39.48,1.18
River Water Discharge_Mat sekawi,2017,114,453.14,26-Aug-2017,238,75.94,1.0
River Water Discharge_Mat sekawi,2020,153,285.39,01-Aug-2020,214,58.33,6.44
River Water Discharge_Mat sekawi,2021,365,279.34,12-Aug-2021,224,24.19,3.56
River Water Discharge_Mat sekawi,2022,365,148.03,21-Jun-2022,172,12.7,2.02
River Water Discharge_Mat sekawi,2023,365,147.47,08-Aug-2023,220,7.93,1.38
River Water Discharge_Mat sekawi,2024,333,184.21,28-May-2024,149,9.79,1.66
River Water Discharge_Mat sekawi,2025,231,193.78,03-Jun-2025,154,18.39,1.8
River Water Discharge_Mat-2,2018,120,3.63,04-Jan-2018,4,1.47,0.32
River Water Discharge_Mat-2,2019,281,91.82,01-Sep-2019,244,4.84,0.1
River Water Discharge_Mat-2,2020,153,85.23,06-Oct-2020,280,31.25,5.41
River Water Discharge_Mat-2,2021,364,31.72,15-Sep-2021,258,9.54,1.08
River Water Discharge_Mat-2,2022,365,31.72,15-Sep-2022,258,7.9,1.38
River Water Discharge_Mat-2,2023,365,151.06,08-Aug-2023,220,13.46,0.68
River Water Discharge_Mat-2,2024,260,103.5,02-Jul-2024,184,13.22,0.13
River Water Discharge_Mat-2,2025,110,17.1,03-Jul-2025,184,9.2,1.65
River Water Discharge_Mat-i,2013,61,2.99,01-Nov-2013,305,1.13,0.6
River Water Discharge_Mat-i,2014,365,81.96,19-Sep-2014,262,4.62,0.18
River Water Discharge_Mat-i,2015,120,801.0,08-Feb-2015,39,8.3,0.27
River Water Discharge_Mat-i,2017,198,162.4,12-Aug-2017,224,19.54,1.09
River Water Discharge_Mat-i,2018,354,254.8,12-Jun-2018,163,10.43,0.26
River Water Discharge_Mat-i,2019,342,112.76,13-Jul-2019,194,8.78,0.16
River Water Discharge_Mat-i,2020,327,81.97,11-Jul-2020,193,14.39,0.32
River Water Discharge_Mat-i,2021,364,163.0,16-Aug-2021,228,9.42,0.32
River Water Discharge_Mat-i,2022,365,45.06,20-Jun-2022,171,9.3,1.21
River Water Discharge_Mat-i,2023,365,43.71,08-Aug-2023,220,4.59,0.0
River Water Discharge_Mat-i,2024,398,228.93,28-May-2024,149,11.48,0.23
River Water Discharge_Mat-i,2025,254,121.51,30-May-2025,150,5.98,1.29
River Water Discharge_Mayambadi,2018,209,37.33,16-Nov-2018,320,0.86,0.0
River Water Discharge_Mayambadi,2019,363,21.75,02-Dec-2019,336,1.2,0.0
River Water Discharge_Mayambadi,2020,320,19.15,08-Oct-2020,282,2.08,0.0
River Water Discharge_Mayambadi,2021,287,38.09,07-Jan-2021,7,2.96,0.01
River Water Discharge_Mayambadi,2022,365,35.45,12-Nov-2022,316,1.81,0.0
River Water Discharge_Mayambadi,2023,313,13.73,08-Nov-2023,312,0.86,0.0
River Water Discharge_Mayambadi,2024,219,35.74,02-Dec-2024,337,2.43,0.0
River Water Discharge_Mayambadi,2025,100,2.25,12-Mar-2025,71,0.45,0.0
River Water Discharge_Meghraj,2017,3,83.6,01-Sep-2017,244,43.51,0.0
River Water Discharge_Mirawadi,2018,179,1000.0,22-Aug-2018,234,74.58,0.0
River Water Discharge_Mirawadi,2019,335,1985.71,08-Aug-2019,220,104.33,0.0
River Water Discharge_Mirawadi,2020,329,1162.0,15-Oct-2020,289,54.94,0.0
River Water Discharge_Mirawadi,2021,342,561.46,14-Sep-2021,257,29.4,0.0
River Water Discharge_Mirawadi,2022,310,1695.97,17-Sep-2022,260,82.69,0.0
River Water Discharge_Mirawadi,2023,31,0.0,01-May-2023,121,0.0,0.0
River Water Discharge_Morane,1978,39,147.3,01-Sep-1978,244,7.65,0.04
River Water Discharge_Morane,1979,12,36.0,01-Aug-1979,213,6.88,0.1
River Water Discharge_Morane,1980,12,9.0,01-Sep-1980,245,2.42,0.2
River Water Discharge_Morane,1981,12,7.0,01-Oct-1981,274,2.0,0.1
River Water Discharge_Morane,1982,12,18.6,01-Sep-1982,244,2.48,0.0
River Water Discharge_Morane,1983,12,16.0,01-Oct-1983,274,3.18,0.1
River Water Discharge_Morane,1984,12,10.9,01-Oct-1984,275,2.88,0.0
River Water Discharge_Morane,1985,11,37.8,01-Aug-1985,213,3.63,0.0
River Water Discharge_Morane,1986,9,1.0,01-Jan-1986,1,0.42,0.1
River Water Discharge_Morane,1987,7,17.75,01-Jul-1987,182,3.52,0.0
River Water Discharge_Morane,1988,7,109.2,01-Oct-1988,275,24.79,0.0
River Water Discharge_Morane,1989,11,21.6,01-Sep-1989,244,4.57,0.0
River Water Discharge_Morane,1990,7,35.37,01-Jun-1990,152,13.9,0.0
River Water Discharge_Morane,1991,26,40.0,13-Jul-1991,194,6.51,0.0
River Water Discharge_Morane,1992,6,2.3,01-Aug-1992,214,0.83,0.0
River Water Discharge_Morane,1993,5,30.42,01-Oct-1993,274,7.63,0.0
River Water Discharge_Morane,1994,5,42.54,01-Sep-1994,244,19.91,1.6
River Water Discharge_Morane,1995,5,3.86,01-Aug-1995,213,0.77,0.0
River Water Discharge_Morane,1996,5,18.0,01-Sep-1996,245,6.07,0.0
River Water Discharge_Morane,1997,3,45.22,01-Aug-1997,213,24.13,2.44
River Water Discharge_Morane,1998,5,13.31,09-Jul-1998,190,8.81,4.3
River Water Discharge_Morane,1999,4,35.27,08-Jul-1999,189,27.72,16.78
River Water Discharge_Morane,2000,1,45.61,14-Oct-2000,288,45.61,45.61
River Water Discharge_Morane,2001,2,9.72,08-Oct-2001,281,6.59,3.46
River Water Discharge_Morane,2002,4,69.86,26-Aug-2002,238,29.43,1.5
River Water Discharge_Morane,2003,6,139.51,01-Oct-2003,274,34.6,3.39
River Water Discharge_Morane,2004,49,43.9,17-Aug-2004,230,18.43,2.27
River Water Discharge_Morane,2017,51,185.87,13-Oct-2017,286,16.23,0.1
River Water Discharge_Morane,2018,25,97.23,24-Aug-2018,236,9.57,0.27
River Water Discharge_Morane,2019,17,8.55,18-Feb-2019,49,6.46,0.14
River Water Discharge_Morane,2020,8,56.03,07-Sep-2020,251,27.39,2.28
River Water Discharge_Morane,2021,4,2.53,03-Dec-2021,337,1.31,0.4
River Water Discharge_Morane,2022,125,743.85,08-Jul-2022,189,85.98,0.47
River Water Discharge_Morane,2023,13,36.39,11-Sep-2023,254,13.42,0.39
River Water Discharge_Morane,2024,110,877.09,14-Oct-2024,288,80.42,0.53
River Water Discharge_Mukki,2020,53,12.58,17-Jun-2020,169,3.62,0.0
River Water Discharge_Mukkodlu,2018,48,4.46,02-Nov-2018,306,3.1,1.91
River Water Discharge_Mukkodlu,2019,291,115.79,07-Aug-2019,219,8.03,0.35
River Water Discharge_Mukkodlu,2020,274,71.21,22-Sep-2020,266,10.55,0.64
River Water Discharge_Mukkodlu,2021,278,67.34,14-Sep-2021,257,10.79,0.67
River Water Discharge_Mukkodlu,2022,335,342.0,12-Jul-2022,193,31.41,0.73
River Water Discharge_Mukkodlu,2023,317,84.04,07-Jul-2023,188,10.11,0.68
River Water Discharge_Mukkodlu,2024,269,63.92,02-Jul-2024,184,10.17,0.25
River Water Discharge_Mukkodlu,2025,119,4.89,21-May-2025,141,1.94,0.81
River Water Discharge_Mundakayam_gd,2011,7,76.18,06-Jun-2011,157,23.02,5.4
River Water Discharge_Munugodu,2017,76,10.69,26-Sep-2017,269,2.45,0.0
River Water Discharge_Munugodu,2018,326,45.94,04-Oct-2018,277,3.63,0.0
River Water Discharge_Munugodu,2019,299,13374.0,18-Sep-2019,261,281.77,0.0
River Water Discharge_Munugodu,2020,105,14.52,05-Jan-2020,5,7.07,0.54
River Water Discharge_Munugodu,2021,262,16.82,20-Oct-2021,293,6.09,0.0
River Water Discharge_Munugodu,2022,308,400.0,16-Oct-2022,289,18.97,0.1
River Water Discharge_Munugodu,2023,364,627.5,06-Dec-2023,340,7.35,0.0
River Water Discharge_Munugodu,2024,342,680.0,01-Sep-2024,245,8.39,0.0
River Water Discharge_Munugodu,2025,191,105.0,26-Jan-2025,26,6.5,0.5
River Water Discharge_Murli,2018,306,910.23,17-Aug-2018,229,55.32,0.0
River Water Discharge_Murli,2019,364,904.39,04-Aug-2019,216,32.65,0.0
River Water Discharge_Murli,2020,305,4624.95,24-Sep-2020,268,351.69,0.0
River Water Discharge_Murli,2021,304,4570.61,28-Sep-2021,271,435.51,0.0
River Water Discharge_Murli,2022,304,2438.76,14-Jul-2022,195,185.4,0.0
River Water Discharge_Murli,2023,213,177.93,20-Aug-2023,232,15.75,0.0
River Water Discharge_Murli,2024,213,1787.85,01-Sep-2024,245,181.66,2.21
River Water Discharge_Murli,2025,52,864.03,17-Aug-2025,229,301.12,60.25
River Water Discharge_Muthanga (ponkuzhi),2011,365,97.58,09-Sep-2011,252,11.3,0.0
River Water Discharge_Muthankera,1973,214,1220.0,18-Jun-1973,169,172.68,9.9
River Water Discharge_Muthankera,1974,365,1109.2,27-Jul-1974,208,73.86,1.7
River Water Discharge_Muthankera,1975,365,1150.0,14-Aug-1975,226,95.53,1.1
River Water Discharge_Muthankera,1976,366,733.2,24-Jul-1976,206,54.98,3.0
River Water Discharge_Muthankera,1977,365,713.9,27-Jul-1977,208,68.0,3.2
River Water Discharge_Muthankera,1978,365,539.0,25-Jun-1978,176,89.66,2.2
River Water Discharge_Muthankera,1979,365,2050.0,03-Aug-1979,215,112.97,2.5
River Water Discharge_Muthankera,1980,366,1890.0,03-Jul-1980,185,143.64,0.0
River Water Discharge_Muthankera,1981,365,838.1,19-Aug-1981,231,99.72,0.8
River Water Discharge_Muthankera,1982,365,669.0,03-Aug-1982,215,63.08,1.8
River Water Discharge_Muthankera,1983,365,695.0,23-Jul-1983,204,69.92,0.0
River Water Discharge_Muthankera,1984,366,763.9,18-Jun-1984,170,92.44,0.0
River Water Discharge_Muthankera,1985,365,1072.5,27-Jun-1985,178,71.18,0.8
River Water Discharge_Muthankera,1986,365,818.5,09-Aug-1986,221,63.74,0.9
River Water Discharge_Muthankera,1987,365,427.3,26-Aug-1987,238,39.02,0.0
River Water Discharge_Muthankera,1988,366,950.8,19-Jul-1988,201,65.06,0.62
River Water Discharge_Muthankera,1989,365,1355.0,25-Jul-1989,206,62.94,0.0
River Water Discharge_Muthankera,1990,365,685.9,17-Aug-1990,229,72.7,0.0
River Water Discharge_Muthankera,1991,365,1030.0,29-Jul-1991,210,83.11,0.49
River Water Discharge_Muthankera,1992,366,1584.0,22-Jun-1992,174,103.87,0.2
River Water Discharge_Muthankera,1993,365,589.4,02-Aug-1993,214,70.71,3.96
River Water Discharge_Muthankera,1994,365,1160.0,15-Jul-1994,196,108.59,1.38
River Water Discharge_Muthankera,1995,365,765.0,02-Sep-1995,245,72.33,0.5
River Water Discharge_Muthankera,1996,366,600.2,25-Jul-1996,207,80.69,0.0
River Water Discharge_Muthankera,1997,365,782.7,11-Jul-1997,192,80.65,1.01
River Water Discharge_Muthankera,1998,365,882.1,02-Jul-1998,183,80.82,1.0
River Water Discharge_Muthankera,1999,365,770.2,20-Jul-1999,201,71.54,0.4
River Water Discharge_Muthankera,2000,366,875.93,27-Aug-2000,240,72.37,0.38
River Water Discharge_Muthankera,2001,365,907.62,09-Jul-2001,190,70.75,0.81
River Water Discharge_Muthankera,2002,365,591.6,18-Aug-2002,230,52.64,1.34
River Water Discharge_Muthankera,2003,365,409.25,17-Jul-2003,198,43.51,0.69
River Water Discharge_Muthankera,2004,366,969.2,06-Aug-2004,219,83.66,0.0
River Water Discharge_Muthankera,2005,356,1043.0,28-Jul-2005,209,98.76,0.0
River Water Discharge_Muthankera,2006,335,816.7,05-Jul-2006,186,104.2,1.64
River Water Discharge_Muthankera,2007,364,1595.0,18-Jul-2007,199,116.18,0.08
River Water Discharge_Muthankera,2008,358,617.18,30-Jul-2008,212,61.7,1.65
River Water Discharge_Muthankera,2009,344,1180.0,18-Jul-2009,199,76.93,0.92
River Water Discharge_Muthankera,2010,350,550.57,30-Jul-2010,211,60.28,2.42
River Water Discharge_Muthankera,2011,358,574.8,19-Jun-2011,170,83.3,2.01
River Water Discharge_Muthankera,2012,352,493.93,07-Aug-2012,220,44.76,0.0
River Water Discharge_Muthankera,2013,339,833.19,03-Aug-2013,215,98.49,0.0
River Water Discharge_Muthankera,2014,351,789.7,02-Aug-2014,214,99.37,0.91
River Water Discharge_Muthankera,2015,338,792.73,27-Jun-2015,178,61.46,0.0
River Water Discharge_Muthankera,2016,323,572.02,29-Jun-2016,181,38.59,1.0
River Water Discharge_Muthankera,2017,296,524.11,20-Jul-2017,201,50.95,0.23
River Water Discharge_Muthankera,2018,340,2150.0,10-Aug-2018,222,166.57,0.24
River Water Discharge_Muthankera,2019,365,2357.0,10-Aug-2019,222,95.57,1.29
River Water Discharge_Muthankera,2020,366,1595.0,08-Aug-2020,221,76.55,1.08
River Water Discharge_Muthankera,2021,283,652.16,24-Jul-2021,205,64.99,0.26
River Water Discharge_Muthankera,2022,339,812.8,17-Jul-2022,198,100.7,1.16
River Water Discharge_Muthankera,2023,323,730.91,25-Jul-2023,206,42.91,0.73
River Water Discharge_Muthankera,2024,294,784.91,02-Aug-2024,215,73.75,0.27
River Water Discharge_Muthankera,2025,174,661.53,27-May-2025,147,100.26,1.16
River Water Discharge_Nagaram,2019,148,9910.0,30-Sep-2019,273,100.58,0.0
River Water Discharge_Nagaram,2020,347,1681.23,15-Oct-2020,289,66.16,0.0
River Water Discharge_Nagaram,2021,329,1192.61,24-Jul-2021,205,21.58,0.0
River Water Discharge_Nagaram,2022,293,400.0,11-Sep-2022,254,7.67,0.0
River Water Discharge_Nagaram,2023,268,3718.11,28-Jul-2023,209,159.02,0.0
River Water Discharge_Nagaram,2024,179,530.25,02-Sep-2024,246,23.46,0.0
River Water Discharge_Nagaram,2025,54,44.71,04-Sep-2025,247,8.84,0.0
River Water Discharge_Nagari,2019,42,3.7,29-Dec-2019,363,2.45,1.32
River Water Discharge_Nagari,2020,292,14.41,22-Sep-2020,266,2.37,0.0
River Water Discharge_Nagari,2021,307,25.53,23-Sep-2021,266,2.91,0.0
River Water Discharge_Nagari,2022,293,677.98,19-Jul-2022,200,18.98,0.0
River Water Discharge_Nagari,2023,272,233.85,22-Jul-2023,203,14.65,0.0
River Water Discharge_Nagari,2024,256,365.99,22-Jul-2024,204,18.73,0.0
River Water Discharge_Nagari,2025,82,142.27,27-Jul-2025,208,8.39,0.0
River Water Discharge_Nandalur,2013,2,0.0,01-Jun-2013,152,0.0,0.0
River Water Discharge_Nandalur,2014,12,0.0,01-Jan-2014,1,0.0,0.0
River Water Discharge_Nandalur,2015,12,1229.0,17-Nov-2015,321,118.55,0.0
River Water Discharge_Nandalur,2016,219,10.33,09-May-2016,130,0.09,0.0
River Water Discharge_Nandalur,2017,360,391.5,10-Oct-2017,283,3.79,0.0
River Water Discharge_Nandalur,2018,363,9.99,31-May-2018,151,0.08,0.0
River Water Discharge_Nandalur,2019,365,0.0,01-Jan-2019,1,0.0,0.0
River Water Discharge_Nandalur,2020,254,2926.0,27-Nov-2020,332,41.7,0.0
River Water Discharge_Nandalur,2021,311,10460.0,19-Nov-2021,323,99.11,0.0
River Water Discharge_Nandalur,2022,306,148.4,14-Dec-2022,348,14.48,0.0
River Water Discharge_Nandalur,2023,170,122.2,06-Dec-2023,340,3.5,0.0
River Water Discharge_Nandalur,2024,56,55.6,05-Dec-2024,340,10.15,0.0
River Water Discharge_Nandalur,2025,32,13.7,01-Jan-2025,1,2.6,0.06
River Water Discharge_Nandipalli,1990,214,319.0,10-Sep-1990,253,9.75,0.0
River Water Discharge_Nandipalli,1991,365,258.9,18-Nov-1991,322,6.71,0.13
River Water Discharge_Nandipalli,1992,366,13.78,16-Nov-1992,321,1.15,0.0
River Water Discharge_Nandipalli,1993,365,132.6,12-Nov-1993,316,1.87,0.0
River Water Discharge_Nandipalli,1994,365,167.6,06-Oct-1994,279,1.67,0.0
River Water Discharge_Nandipalli,1995,365,95.74,31-Aug-1995,243,1.23,0.0
River Water Discharge_Nandipalli,1996,366,640.3,19-Oct-1996,293,14.73,0.0
River Water Discharge_Nandipalli,1997,365,10.55,10-Aug-1997,222,1.59,0.0
River Water Discharge_Nandipalli,1998,365,227.5,14-Oct-1998,287,7.6,0.0
River Water Discharge_Nandipalli,1999,365,5.16,07-Oct-1999,280,0.21,0.0
River Water Discharge_Nandipalli,2000,351,176.7,24-Aug-2000,237,2.05,0.0
River Water Discharge_Nandipalli,2001,365,1008.0,17-Oct-2001,290,5.37,0.0
River Water Discharge_Nandipalli,2002,365,12.8,11-Jun-2002,162,0.07,0.0
River Water Discharge_Nandipalli,2003,365,302.72,22-Oct-2003,295,1.11,0.0
River Water Discharge_Nandipalli,2004,366,5.41,05-Oct-2004,279,0.02,0.0
River Water Discharge_Nandipalli,2005,350,812.0,29-Oct-2005,302,4.28,0.0
River Water Discharge_Nandipalli,2006,362,10.91,07-Nov-2006,311,0.55,0.0
River Water Discharge_Nandipalli,2007,351,1183.73,23-Jun-2007,174,9.36,0.0
River Water Discharge_Nandipalli,2008,339,519.21,29-Nov-2008,334,6.53,0.0
River Water Discharge_Nandipalli,2009,346,74.08,08-Nov-2009,312,3.74,0.0
River Water Discharge_Nandipalli,2010,356,329.86,08-Dec-2010,342,7.5,0.0
River Water Discharge_Nandipalli,2011,365,112.02,28-Nov-2011,332,3.33,0.0
River Water Discharge_Nandipalli,2012,335,12.45,23-Oct-2012,297,1.25,0.0
River Water Discharge_Nandipalli,2013,345,591.51,24-Oct-2013,297,3.28,0.0
River Water Discharge_Nandipalli,2014,361,2.0,28-Oct-2014,301,0.12,0.0
River Water Discharge_Nandipalli,2015,362,136.34,17-Nov-2015,321,0.52,0.0
River Water Discharge_Nandipalli,2016,364,2.47,31-Jul-2016,213,0.02,0.0
River Water Discharge_Nandipalli,2017,362,31.72,17-Sep-2017,260,0.54,0.0
River Water Discharge_Nandipalli,2018,364,4.85,09-Nov-2018,313,0.05,0.0
River Water Discharge_Nandipalli,2019,330,32.66,21-Sep-2019,264,0.18,0.0
River Water Discharge_Nandipalli,2020,239,411.23,27-Nov-2020,332,18.44,0.0
River Water Discharge_Nandipalli,2021,184,361.23,30-Nov-2021,334,17.54,2.29
River Water Discharge_Nandipalli,2022,364,46.25,13-Dec-2022,347,5.95,0.93
River Water Discharge_Nandipalli,2023,325,33.61,04-Sep-2023,247,2.96,0.32
River Water Discharge_Nandipalli,2024,124,56.63,06-Dec-2024,341,3.83,0.1
River Water Discharge_Nandipalli,2025,83,9.58,05-Apr-2025,95,1.45,0.13
River Water Discharge_Nandre,2018,130,23.25,24-Nov-2018,328,2.91,0.0
River Water Discharge_Nandre,2019,302,123.0,25-Sep-2019,268,11.55,0.0
River Water Discharge_Nandre,2020,326,680.0,16-Oct-2020,290,31.98,0.0
River Water Discharge_Nandre,2021,365,44.0,20-Jun-2021,171,1.94,0.0
River Water Discharge_Nandre,2022,365,338.22,15-Oct-2022,288,18.84,0.0
River Water Discharge_Nandre,2023,365,34.98,03-Oct-2023,276,1.14,0.0
River Water Discharge_Nandre,2024,369,193.17,26-Sep-2024,270,25.43,0.0
River Water Discharge_Nandre,2025,248,280.0,28-May-2025,148,24.08,0.0
River Water Discharge_Narasingarayainpet,2018,214,0.0,01-Jun-2018,152,0.0,0.0
River Water Discharge_Narasingarayainpet,2019,365,4.9,19-Sep-2019,262,0.05,0.0
River Water Discharge_Narasingarayainpet,2020,232,46.84,28-Nov-2020,333,3.73,0.0
River Water Discharge_Narasingarayainpet,2021,332,1623.0,19-Nov-2021,323,41.58,0.0
River Water Discharge_Narasingarayainpet,2022,333,35.58,02-Jan-2022,2,3.99,0.0
River Water Discharge_Narasingarayainpet,2023,186,8.08,05-Dec-2023,339,0.86,0.0
River Water Discharge_Narasingarayainpet,2024,87,14.66,05-Dec-2024,340,2.42,0.12
River Water Discharge_Narasingarayainpet,2025,72,5.23,01-Jan-2025,1,1.56,0.26
River Water Discharge_Narmadapuram,1972,106,2941.7,16-Sep-1972,260,321.7,77.9
River Water Discharge_Narmadapuram,1973,365,31600.0,30-Aug-1973,242,1450.02,23.5
River Water Discharge_Narmadapuram,1974,365,28435.3,20-Aug-1974,232,547.74,28.8
River Water Discharge_Narmadapuram,1975,365,13865.2,25-Aug-1975,237,902.2,19.4
River Water Discharge_Narmadapuram,1976,366,10350.0,05-Aug-1976,218,507.38,32.8
River Water Discharge_Narmadapuram,1977,365,15436.6,09-Aug-1977,221,1229.73,15.0
River Water Discharge_Narmadapuram,1978,365,18400.0,26-Aug-1978,238,935.69,26.4
River Water Discharge_Narmadapuram,1979,365,11200.7,10-Aug-1979,222,255.62,15.7
River Water Discharge_Narmadapuram,1980,366,21893.4,30-Aug-1980,243,914.09,14.3
River Water Discharge_Narmadapuram,1981,365,5853.6,17-Aug-1981,229,366.92,20.0
River Water Discharge_Narmadapuram,1982,365,16885.7,23-Aug-1982,235,590.17,21.4
River Water Discharge_Narmadapuram,1983,365,22020.0,10-Sep-1983,253,832.78,26.9
River Water Discharge_Narmadapuram,1984,366,28600.0,19-Aug-1984,232,909.62,30.0
River Water Discharge_Narmadapuram,1985,365,12470.0,10-Aug-1985,222,611.87,19.0
River Water Discharge_Narmadapuram,1986,365,20680.0,24-Jul-1986,205,776.37,32.1
River Water Discharge_Narmadapuram,1987,365,15945.0,18-Sep-1987,261,399.73,19.59
River Water Discharge_Narmadapuram,1988,366,16800.0,05-Aug-1988,218,641.62,15.0
River Water Discharge_Narmadapuram,1989,365,10800.0,08-Aug-1989,220,378.86,18.87
River Water Discharge_Narmadapuram,1990,365,12810.0,23-Aug-1990,235,994.67,46.74
River Water Discharge_Narmadapuram,1991,365,20000.0,25-Aug-1991,237,717.24,12.8
River Water Discharge_Narmadapuram,1992,366,9750.0,13-Sep-1992,257,523.05,56.58
River Water Discharge_Narmadapuram,1993,365,12100.0,06-Aug-1993,218,648.69,49.0
River Water Discharge_Narmadapuram,1994,365,20200.0,22-Jul-1994,203,1690.85,72.5
River Water Discharge_Narmadapuram,1995,365,10100.0,12-Aug-1995,224,580.22,100.4
River Water Discharge_Narmadapuram,1996,366,3450.0,27-Jul-1996,209,364.06,87.39
River Water Discharge_Narmadapuram,1997,365,11860.0,26-Jul-1997,207,675.04,67.84
River Water Discharge_Narmadapuram,1998,365,18000.0,15-Sep-1998,258,595.39,125.5
River Water Discharge_Narmadapuram,1999,362,27800.0,19-Sep-1999,262,1359.33,42.0
River Water Discharge_Narmadapuram,2000,366,5600.0,29-Jul-2000,211,384.17,68.0
River Water Discharge_Narmadapuram,2001,358,6280.0,16-Jul-2001,197,473.58,67.81
River Water Discharge_Narmadapuram,2002,365,14560.0,19-Aug-2002,231,542.93,88.34
River Water Discharge_Narmadapuram,2003,364,12539.0,28-Jul-2003,209,938.14,85.42
River Water Discharge_Narmadapuram,2004,366,12500.0,23-Aug-2004,236,515.26,64.7
River Water Discharge_Narmadapuram,2005,364,14279.56,06-Jul-2005,187,939.2,18.5
River Water Discharge_Narmadapuram,2006,343,14924.0,01-Sep-2006,244,643.02,62.42
River Water Discharge_Narmadapuram,2007,355,9373.05,09-Jul-2007,190,388.33,9.55
River Water Discharge_Narmadapuram,2008,358,6239.87,02-Aug-2008,215,367.54,37.54
River Water Discharge_Narmadapuram,2009,365,20983.97,10-Sep-2009,253,465.48,48.93
River Water Discharge_Narmadapuram,2010,365,4784.35,05-Sep-2010,248,383.99,55.26
River Water Discharge_Narmadapuram,2011,365,9075.81,24-Jul-2011,205,802.59,58.76
River Water Discharge_Narmadapuram,2012,366,16972.88,07-Aug-2012,220,679.58,38.96
River Water Discharge_Narmadapuram,2013,365,23529.48,23-Aug-2013,235,1202.49,92.5
River Water Discharge_Narmadapuram,2014,365,4751.59,09-Aug-2014,221,406.68,83.77
River Water Discharge_Narmadapuram,2015,323,2796.64,14-Aug-2015,226,280.6,86.01
River Water Discharge_Narmadapuram,2016,337,8000.0,09-Jul-2016,191,673.04,10.9
River Water Discharge_Narmadapuram,2017,365,1450.0,22-Jul-2017,203,239.89,34.8
River Water Discharge_Narmadapuram,2018,579,1750.0,01-Sep-2018,244,304.96,26.0
River Water Discharge_Narmadapuram,2019,730,15700.0,11-Sep-2019,254,1051.58,33.5
River Water Discharge_Narmadapuram,2020,732,30100.0,30-Aug-2020,243,801.61,111.0
River Water Discharge_Narmadapuram,2021,944,2430.0,17-Sep-2021,260,343.89,11.0
River Water Discharge_Narmadapuram,2022,880,18606.0,23-Aug-2022,235,792.68,69.9
River Water Discharge_Narmadapuram,2023,730,14706.0,16-Sep-2023,259,674.53,58.8
River Water Discharge_Narmadapuram,2024,518,11517.9,13-Sep-2024,257,584.72,89.1
River Water Discharge_Narmadapuram,2025,262,16000.0,31-Jul-2025,212,983.36,76.3
River Water Discharge_Navalgund,1991,214,217.9,10-Jun-1991,161,13.78,0.0
River Water Discharge_Navalgund,1992,366,185.5,18-Nov-1992,323,6.82,0.0
River Water Discharge_Navalgund,1993,365,333.5,18-Oct-1993,291,7.02,0.0
River Water Discharge_Navalgund,1994,365,169.9,26-Oct-1994,299,10.24,0.0
River Water Discharge_Navalgund,1995,365,270.0,19-Oct-1995,292,7.92,0.0
River Water Discharge_Navalgund,1996,366,407.8,29-Sep-1996,273,10.45,0.0
River Water Discharge_Navalgund,1997,365,192.0,28-Nov-1997,332,9.71,0.0
River Water Discharge_Navalgund,1998,365,320.0,15-Oct-1998,288,9.79,0.0
River Water Discharge_Navalgund,1999,365,333.3,14-Oct-1999,287,9.3,0.0
River Water Discharge_Navalgund,2000,366,270.0,18-Sep-2000,262,9.66,0.0
River Water Discharge_Navalgund,2001,365,356.0,23-Sep-2001,266,5.19,0.0
River Water Discharge_Navalgund,2002,365,138.6,19-Oct-2002,292,2.66,0.0
River Water Discharge_Navalgund,2003,365,155.0,08-Oct-2003,281,2.03,0.0
River Water Discharge_Navalgund,2004,366,263.3,06-Jun-2004,158,5.89,0.0
River Water Discharge_Navalgund,2005,365,338.07,01-Sep-2005,244,10.51,0.0
River Water Discharge_Navalgund,2006,151,50.0,25-May-2006,145,5.63,0.0
River Water Discharge_Navalgund,2017,4,281.81,23-Jul-2017,204,159.65,64.36
River Water Discharge_Noornagar,2016,366,1342.34,07-Aug-2016,220,29.92,0.0
River Water Discharge_Noornagar,2017,365,334.77,22-Sep-2017,265,4.72,0.0
River Water Discharge_Noornagar,2018,518,1245.15,21-Aug-2018,233,19.06,0.0
River Water Discharge_Noornagar,2019,365,1602.06,05-Sep-2019,248,38.63,0.0
River Water Discharge_Noornagar,2020,489,1251.25,28-Aug-2020,241,28.64,0.0
River Water Discharge_Noornagar,2021,212,183.44,25-Jun-2021,176,7.18,0.0
River Water Discharge_Noornagar,2022,245,2226.73,16-Aug-2022,228,62.63,0.0
River Water Discharge_Noornagar,2023,31,0.0,01-Jan-2023,1,0.0,0.0
River Water Discharge_Odendurai,2017,74,27.77,05-Dec-2017,339,3.2,0.14
River Water Discharge_Odendurai,2018,5,4.2,14-Dec-2018,348,2.47,1.18
River Water Discharge_Odendurai,2019,142,54.1,02-Dec-2019,336,6.77,0.0
River Water Discharge_Odendurai,2020,98,6.64,03-Jan-2020,3,1.69,0.45
River Water Discharge_Odendurai,2021,302,41.21,03-May-2021,123,3.51,0.0
River Water Discharge_Odendurai,2022,349,15.41,17-Jan-2022,17,2.28,0.0
River Water Discharge_Odendurai,2023,356,38.24,23-Nov-2023,327,2.1,0.12
River Water Discharge_Odendurai,2024,365,61.74,04-Nov-2024,309,2.16,0.13
River Water Discharge_Odendurai,2025,173,2.86,12-Mar-2025,71,0.61,0.06
River Water Discharge_Orsang at bodeli,2017,3,12.42,01-Sep-2017,244,8.37,5.67
River Water Discharge_Ozerkheda,1984,137,896.6,05-Aug-1984,218,93.53,0.0
River Water Discharge_Ozerkheda,1985,152,798.9,18-Jul-1985,199,66.59,0.0
River Water Discharge_Ozerkheda,1986,91,971.9,18-Jul-1986,199,99.46,0.0
River Water Discharge_Ozerkheda,1987,121,769.1,07-Jul-1987,188,47.31,0.0
River Water Discharge_Ozerkheda,1988,149,1574.85,16-Jul-1988,198,82.09,0.0
River Water Discharge_Ozerkheda,1989,150,726.9,25-Jul-1989,206,56.61,0.0
River Water Discharge_Ozerkheda,1990,146,1111.57,03-Jul-1990,184,91.3,0.0
River Water Discharge_Ozerkheda,1991,214,878.8,27-Jul-1991,208,54.99,0.0
River Water Discharge_Ozerkheda,1992,366,770.9,12-Aug-1992,225,20.57,0.0
River Water Discharge_Ozerkheda,1993,365,1117.0,13-Jul-1993,194,29.9,0.0
River Water Discharge_Ozerkheda,1994,365,1306.0,13-Jul-1994,194,55.49,0.0
River Water Discharge_Ozerkheda,1995,365,650.0,03-Sep-1995,246,28.18,0.0
River Water Discharge_Ozerkheda,1996,347,264.0,24-Jul-1996,206,24.0,0.0
River Water Discharge_Ozerkheda,1997,342,635.5,31-Jul-1997,212,37.88,0.0
River Water Discharge_Ozerkheda,1998,354,477.9,17-Sep-1998,260,32.25,0.0
River Water Discharge_Ozerkheda,1999,365,1144.0,16-Jul-1999,197,29.17,0.0
River Water Discharge_Ozerkheda,2000,366,774.8,13-Jul-2000,195,14.53,0.0
River Water Discharge_Ozerkheda,2001,364,284.0,16-Aug-2001,228,18.81,0.0
River Water Discharge_Ozerkheda,2002,365,1414.32,29-Jun-2002,180,27.25,0.0
River Water Discharge_Ozerkheda,2003,365,1144.86,28-Jul-2003,209,33.54,0.0
River Water Discharge_Ozerkheda,2004,366,2700.0,03-Aug-2004,216,49.65,0.0
River Water Discharge_Ozerkheda,2005,334,1660.13,29-Jun-2005,180,59.16,0.0
River Water Discharge_Ozerkheda,2006,361,1080.1,08-Aug-2006,220,42.95,0.0
River Water Discharge_Ozerkheda,2007,350,934.6,09-Aug-2007,221,29.91,0.0
River Water Discharge_Ozerkheda,2008,215,1421.0,12-Aug-2008,225,51.53,0.0
River Water Discharge_Ozerkheda,2009,346,1678.0,23-Jul-2009,204,17.51,0.0
River Water Discharge_Ozerkheda,2010,325,398.53,27-Jul-2010,208,23.74,0.0
River Water Discharge_Ozerkheda,2011,359,1288.82,29-Aug-2011,241,47.38,0.0
River Water Discharge_Ozerkheda,2012,357,1365.33,11-Sep-2012,255,39.0,0.0
River Water Discharge_Ozerkheda,2013,365,577.08,12-Jul-2013,193,32.52,0.0
River Water Discharge_Ozerkheda,2014,364,1266.92,31-Jul-2014,212,31.75,0.0
River Water Discharge_Ozerkheda,2015,365,251.67,28-Jul-2015,209,23.37,6.88
River Water Discharge_Ozerkheda,2016,366,1440.19,02-Aug-2016,215,32.98,0.0
River Water Discharge_Ozerkheda,2017,261,1140.35,15-Jul-2017,196,48.82,0.0
River Water Discharge_Ozerkheda,2018,53,298.79,23-Aug-2018,235,100.89,0.0
River Water Discharge_Ozerkheda,2019,101,3575.25,04-Aug-2019,216,164.93,3.22
River Water Discharge_Ozerkheda,2020,49,347.85,14-Aug-2020,227,89.82,3.55
River Water Discharge_Ozerkheda,2022,156,1617.09,12-Jul-2022,193,95.96,0.0
River Water Discharge_Ozerkheda,2023,218,1098.98,28-Jul-2023,209,42.77,0.0
River Water Discharge_Ozerkheda,2024,73,2.15,01-Jan-2024,1,0.4,0.0
River Water Discharge_Pachegaon,1983,7,97.65,01-Oct-1983,274,17.24,0.0
River Water Discharge_Pachegaon,1984,12,48.51,01-Sep-1984,245,4.17,0.0
River Water Discharge_Pachegaon,1985,12,0.0,01-Jan-1985,1,0.0,0.0
River Water Discharge_Pachegaon,1986,12,0.0,20-Jan-1986,20,0.0,0.0
River Water Discharge_Pachegaon,1987,12,0.2,01-Sep-1987,244,0.02,0.0
River Water Discharge_Pachegaon,1988,11,315.0,01-Oct-1988,275,28.9,0.0
River Water Discharge_Pachegaon,1989,12,82.59,01-Oct-1989,274,8.35,0.0
River Water Discharge_Pachegaon,1990,12,29.12,01-Sep-1990,244,2.71,0.0
River Water Discharge_Pachegaon,1991,12,361.79,01-Aug-1991,213,49.96,0.0
River Water Discharge_Pachegaon,1992,12,0.0,01-Jan-1992,1,0.0,0.0
River Water Discharge_Pachegaon,1993,12,0.58,01-Nov-1993,305,0.05,0.0
River Water Discharge_Pachegaon,1994,12,229.57,01-Sep-1994,244,36.74,0.0
River Water Discharge_Pachegaon,1995,12,13.8,01-Sep-1995,244,1.15,0.0
River Water Discharge_Pachegaon,1996,12,53.42,01-Aug-1996,214,6.3,0.0
River Water Discharge_Pachegaon,1997,12,119.4,01-Aug-1997,213,10.19,0.0
River Water Discharge_Pachegaon,1998,12,22.81,01-Sep-1998,244,4.32,0.0
River Water Discharge_Pachegaon,1999,12,31.53,01-Oct-1999,274,4.46,0.0
River Water Discharge_Pachegaon,2000,83,47.1,08-Jun-2000,160,5.98,0.0
River Water Discharge_Pachegaon,2001,22,35.61,20-Aug-2001,232,4.36,0.0
River Water Discharge_Pachegaon,2002,16,54.71,01-Jul-2002,182,3.42,0.0
River Water Discharge_Pachegaon,2003,12,8.98,01-Aug-2003,213,1.05,0.0
River Water Discharge_Pachegaon,2004,11,50.36,01-Oct-2004,275,4.58,0.0
River Water Discharge_Pachegaon,2005,12,284.71,01-Jul-2005,182,48.11,0.0
River Water Discharge_Pachegaon,2006,12,563.93,01-Aug-2006,213,64.96,0.0
River Water Discharge_Pachegaon,2007,12,164.88,01-Oct-2007,274,26.24,0.0
River Water Discharge_Pachegaon,2008,12,6.32,01-Oct-2008,275,0.53,0.0
River Water Discharge_Pachegaon,2009,12,0.0,01-Jan-2009,1,0.0,0.0
River Water Discharge_Pachegaon,2010,12,184.99,01-Sep-2010,244,20.84,0.0
River Water Discharge_Pachegaon,2011,12,177.96,01-Sep-2011,244,14.83,0.0
River Water Discharge_Pachegaon,2012,12,180.37,01-Dec-2012,336,15.03,0.0
River Water Discharge_Pachegaon,2013,12,0.0,01-Jan-2013,1,0.0,0.0
River Water Discharge_Pachegaon,2014,5,0.0,01-Jan-2014,1,0.0,0.0
River Water Discharge_Pachegaon,2016,204,550.68,12-Aug-2016,225,16.81,0.0
River Water Discharge_Pachegaon,2017,68,834.88,21-Sep-2017,264,74.4,0.0
River Water Discharge_Pachegaon,2018,43,370.48,03-Nov-2018,307,44.82,0.0
River Water Discharge_Pachegaon,2019,61,555.38,08-Aug-2019,220,118.81,0.0
River Water Discharge_Pachegaon,2020,74,921.17,23-Oct-2020,297,77.74,0.78
River Water Discharge_Pachegaon,2021,97,938.5,15-Sep-2021,258,35.04,0.31
River Water Discharge_Pachegaon,2022,155,635.76,10-Sep-2022,253,66.28,0.0
River Water Discharge_Pachegaon,2023,196,727.79,29-Nov-2023,333,11.95,0.0
River Water Discharge_Pachegaon,2024,244,724.24,26-Aug-2024,239,26.37,0.0
River Water Discharge_Pachegaon,2025,144,439.58,16-Sep-2025,259,41.54,0.0
River Water Discharge_Padampur,2015,184,193.92,28-Aug-2015,240,20.66,0.0
River Water Discharge_Padampur,2016,366,200.0,13-Sep-2016,257,18.96,0.0
River Water Discharge_Padampur,2017,353,221.14,17-Jul-2017,198,14.35,0.0
River Water Discharge_Padampur,2018,204,2289.88,27-Aug-2018,239,63.6,0.0
River Water Discharge_Padampur,2019,183,826.92,14-Aug-2019,226,62.11,0.0
River Water Discharge_Padampur,2020,143,1931.9,28-Aug-2020,241,122.63,0.0
River Water Discharge_Padampur,2021,184,2296.33,14-Sep-2021,257,45.84,0.66
River Water Discharge_Padampur,2022,365,1489.96,14-Aug-2022,226,34.61,0.0
River Water Discharge_Padampur,2023,365,1493.96,03-Aug-2023,215,43.2,0.0
River Water Discharge_Padampur,2024,202,1022.02,25-Jul-2024,207,70.71,0.35
River Water Discharge_Padampur,2025,109,797.0,26-Jul-2025,207,179.16,2.25
River Water Discharge_Palakmati at sohagpur,2019,428,520.95,24-Aug-2019,236,28.53,0.0
River Water Discharge_Palakmati at sohagpur,2020,732,210.52,24-Aug-2020,237,5.13,0.0
River Water Discharge_Palakmati at sohagpur,2021,730,45.28,02-Sep-2021,245,3.34,0.0
River Water Discharge_Palakmati at sohagpur,2022,516,245.74,16-Aug-2022,228,13.19,0.0
River Water Discharge_Palakmati at sohagpur,2023,365,125.5,16-Sep-2023,259,14.31,0.0
River Water Discharge_Palakmati at sohagpur,2024,370,152.85,22-Jul-2024,204,11.84,0.0
River Water Discharge_Palakmati at sohagpur,2025,256,108.96,30-Jul-2025,211,6.19,0.0
River Water Discharge_Paleru bridge,1965,214,461.01,14-Jul-1965,195,9.6,0.12
River Water Discharge_Paleru bridge,1966,365,18.8,25-Jul-1966,206,0.82,0.09
River Water Discharge_Paleru bridge,1967,365,129.39,25-Jul-1967,206,3.84,0.0
River Water Discharge_Paleru bridge,1968,366,10.94,07-Sep-1968,251,0.37,0.03
River Water Discharge_Paleru bridge,1969,365,427.0,20-May-1969,140,11.21,0.06
River Water Discharge_Paleru bridge,1970,365,825.3,23-Aug-1970,235,14.44,0.36
River Water Discharge_Paleru bridge,1971,365,51.0,03-Oct-1971,276,2.43,0.21
River Water Discharge_Paleru bridge,1972,366,28.0,05-Nov-1972,310,1.95,0.06
River Water Discharge_Paleru bridge,1973,365,45.0,03-Oct-1973,276,3.85,0.04
River Water Discharge_Paleru bridge,1974,365,442.8,16-Oct-1974,289,10.67,0.1
River Water Discharge_Paleru bridge,1975,365,492.6,09-Sep-1975,252,28.6,0.7
River Water Discharge_Paleru bridge,1976,366,460.3,26-Aug-1976,239,25.64,0.7
River Water Discharge_Paleru bridge,1977,365,139.5,04-Oct-1977,277,9.93,0.2
River Water Discharge_Paleru bridge,1978,365,1164.8,16-Aug-1978,228,29.69,2.0
River Water Discharge_Paleru bridge,1979,365,208.7,28-Sep-1979,271,11.47,0.2
River Water Discharge_Paleru bridge,1980,366,109.4,02-Aug-1980,215,17.84,1.5
River Water Discharge_Paleru bridge,1981,365,223.8,04-Aug-1981,216,12.95,0.4
River Water Discharge_Paleru bridge,1982,365,183.7,12-Aug-1982,224,10.08,0.2
River Water Discharge_Paleru bridge,1983,365,2249.5,06-Oct-1983,279,29.6,0.1
River Water Discharge_Paleru bridge,1984,366,202.9,12-Oct-1984,286,9.9,0.2
River Water Discharge_Paleru bridge,1985,365,587.6,14-Aug-1985,226,16.89,0.6
River Water Discharge_Paleru bridge,1986,365,406.4,13-Aug-1986,225,12.57,0.5
River Water Discharge_Paleru bridge,1987,365,104.0,13-Nov-1987,317,10.0,1.0
River Water Discharge_Paleru bridge,1988,366,1086.0,20-Sep-1988,264,35.62,0.65
River Water Discharge_Paleru bridge,1989,365,1564.0,24-Jul-1989,205,32.98,1.0
River Water Discharge_Paleru bridge,1990,365,537.6,03-Oct-1990,276,21.38,3.74
River Water Discharge_Paleru bridge,1991,365,378.3,22-Sep-1991,265,19.18,5.03
River Water Discharge_Paleru bridge,1992,366,69.63,02-Sep-1992,246,9.68,0.28
River Water Discharge_Paleru bridge,1993,365,154.3,10-Oct-1993,283,13.75,1.75
River Water Discharge_Paleru bridge,1994,365,348.7,06-Oct-1994,279,18.67,0.68
River Water Discharge_Paleru bridge,1995,365,448.9,19-Oct-1995,292,15.07,0.39
River Water Discharge_Paleru bridge,1996,366,220.7,28-Aug-1996,241,14.32,0.27
River Water Discharge_Paleru bridge,1997,365,130.2,24-Sep-1997,267,14.59,0.1
River Water Discharge_Paleru bridge,1998,365,344.6,16-Oct-1998,289,20.64,0.38
River Water Discharge_Paleru bridge,1999,365,174.2,29-Sep-1999,272,14.8,0.3
River Water Discharge_Paleru bridge,2000,366,592.3,24-Aug-2000,237,17.59,0.27
River Water Discharge_Paleru bridge,2001,365,148.7,30-Sep-2001,273,5.2,0.04
River Water Discharge_Paleru bridge,2002,365,160.0,13-Oct-2002,286,3.58,0.02
River Water Discharge_Paleru bridge,2003,365,11.13,08-Aug-2003,220,0.42,0.0
River Water Discharge_Paleru bridge,2004,366,24.03,22-Sep-2004,266,1.55,0.0
River Water Discharge_Paleru bridge,2005,365,665.73,22-Sep-2005,265,17.51,0.01
River Water Discharge_Paleru bridge,2006,360,276.02,20-Sep-2006,263,14.33,0.01
River Water Discharge_Paleru bridge,2007,151,21.67,23-Apr-2007,113,8.89,1.25
River Water Discharge_Paleru bridge,2014,268,158.25,27-Oct-2014,300,6.12,0.0
River Water Discharge_Paleru bridge,2015,289,33.6,19-Jun-2015,170,2.11,0.0
River Water Discharge_Paleru bridge,2016,257,22.99,24-Sep-2016,268,0.77,0.0
River Water Discharge_Paleru bridge,2017,178,11.37,01-Sep-2017,244,2.53,0.0
River Water Discharge_Paleru bridge,2018,357,215.6,20-Aug-2018,232,6.04,0.0
River Water Discharge_Paleru bridge,2019,365,2263.23,28-Sep-2019,271,11.94,0.0
River Water Discharge_Paleru bridge,2020,195,429.19,27-Sep-2020,271,22.37,0.0
River Water Discharge_Paleru bridge,2021,344,296.33,24-Jul-2021,205,15.78,0.0
River Water Discharge_Paleru bridge,2022,334,535.0,24-Jul-2022,205,33.31,1.1
River Water Discharge_Paleru bridge,2023,362,375.0,29-Jul-2023,210,7.44,0.0
River Water Discharge_Paleru bridge,2024,366,2521.5,02-Sep-2024,246,26.38,0.0
River Water Discharge_Paleru bridge,2025,225,198.67,23-Jul-2025,204,6.62,0.0
River Water Discharge_Pallamala,2018,213,19.09,23-Nov-2018,327,0.23,0.0
River Water Discharge_Pallamala,2019,341,43.98,02-Dec-2019,336,1.19,0.0
River Water Discharge_Pallamala,2020,295,575.5,26-Nov-2020,331,8.12,0.0
River Water Discharge_Pallamala,2021,321,767.0,19-Nov-2021,323,11.33,0.07
River Water Discharge_Pallamala,2022,339,637.38,10-Dec-2022,344,5.32,0.0
River Water Discharge_Pallamala,2023,297,1324.09,05-Dec-2023,339,9.5,0.0
River Water Discharge_Pallamala,2024,110,308.9,13-Dec-2024,348,10.22,0.0
River Water Discharge_Pallamala,2025,60,9.92,01-Jan-2025,1,3.16,0.19
River Water Discharge_Pallippady,2019,122,92.58,04-Sep-2019,247,25.08,0.0
River Water Discharge_Pallippady,2020,200,106.16,30-Jul-2020,212,19.62,0.0
River Water Discharge_Pallippady,2021,300,131.04,18-Oct-2021,291,23.79,2.03
River Water Discharge_Pallippady,2022,355,316.55,05-Aug-2022,217,28.82,0.0
River Water Discharge_Pallippady,2023,354,160.26,07-Jul-2023,188,18.46,0.0
River Water Discharge_Pallippady,2024,299,222.81,31-Jul-2024,213,23.02,0.0
River Water Discharge_Pallippady,2025,65,6.8,07-Feb-2025,38,4.46,2.03
River Water Discharge_Panam at santrod,2017,3,46.45,01-Aug-2017,213,32.9,5.8
River Water Discharge_Parmanpur,2001,123,10000.0,17-Jul-2001,198,357.28,0.0
River Water Discharge_Parmanpur,2002,122,922.96,11-Sep-2002,254,95.68,0.0
River Water Discharge_Parmanpur,2003,153,1653.25,01-Sep-2003,244,191.24,0.0
River Water Discharge_Parmanpur,2004,103,700.0,12-Aug-2004,225,80.88,0.0
River Water Discharge_Parmanpur,2005,108,2150.0,31-Jul-2005,212,168.63,30.8
River Water Discharge_Parmanpur,2006,106,1629.72,22-Aug-2006,234,184.62,2.62
River Water Discharge_Parmanpur,2007,137,1921.27,07-Jul-2007,188,162.16,0.0
River Water Discharge_Parmanpur,2008,119,3624.55,18-Sep-2008,262,171.44,16.36
River Water Discharge_Parmanpur,2009,153,401.81,22-Jul-2009,203,49.8,0.0
River Water Discharge_Parmanpur,2010,153,203.63,02-Aug-2010,214,31.1,0.0
River Water Discharge_Parmanpur,2011,107,1932.1,07-Sep-2011,250,182.0,1.42
River Water Discharge_Parmanpur,2012,118,2357.1,16-Aug-2012,229,191.68,6.4
River Water Discharge_Parmanpur,2013,153,941.41,31-Jul-2013,212,78.64,0.0
River Water Discharge_Parmanpur,2014,153,3108.23,05-Aug-2014,217,98.93,0.0
River Water Discharge_Parmanpur,2015,214,1469.02,11-Jul-2015,192,70.33,0.0
River Water Discharge_Parmanpur,2016,305,630.0,04-Sep-2016,248,33.76,0.0
River Water Discharge_Parmanpur,2017,153,731.41,25-Jul-2017,206,93.73,0.0
River Water Discharge_Parmanpur,2018,237,681.67,08-Aug-2018,220,52.16,0.0
River Water Discharge_Parmanpur,2020,88,2862.54,27-Aug-2020,240,159.55,11.02
River Water Discharge_Parmanpur,2021,97,588.47,24-Jul-2021,205,47.88,2.71
River Water Discharge_Parmanpur,2022,102,671.62,20-Aug-2022,232,51.51,0.0
River Water Discharge_Parmanpur,2023,149,1040.0,03-Aug-2023,215,162.78,0.0
River Water Discharge_Parmanpur,2024,153,295.92,25-Aug-2024,238,26.69,0.0
River Water Discharge_Parmanpur,2025,73,2500.0,06-Jul-2025,187,149.48,7.5
River Water Discharge_Patan,1979,208,12.2,01-Dec-1979,335,2.85,0.0
River Water Discharge_Patan,1980,366,1666.0,30-Aug-1980,243,78.32,0.4
River Water Discharge_Patan,1981,365,202.0,08-Aug-1981,220,17.44,0.8
River Water Discharge_Patan,1982,365,1981.0,10-Aug-1982,222,48.0,1.6
River Water Discharge_Patan,1983,365,1640.0,10-Sep-1983,253,74.25,1.2
River Water Discharge_Patan,1984,366,1275.0,24-Aug-1984,237,42.03,1.7
River Water Discharge_Patan,1985,365,1118.0,09-Aug-1985,221,48.34,1.3
River Water Discharge_Patan,1986,365,440.0,06-Aug-1986,218,21.54,2.0
River Water Discharge_Patan,1987,365,1200.0,17-Sep-1987,260,49.42,1.06
River Water Discharge_Patan,1988,366,1200.0,05-Aug-1988,218,43.62,1.71
River Water Discharge_Patan,1989,365,310.0,15-Aug-1989,227,15.91,1.25
River Water Discharge_Patan,1990,365,1270.0,20-Sep-1990,263,98.46,0.37
River Water Discharge_Patan,1991,365,1680.0,25-Aug-1991,237,58.57,1.6
River Water Discharge_Patan,1992,366,1880.0,13-Sep-1992,257,57.84,1.29
River Water Discharge_Patan,1993,365,1086.0,10-Sep-1993,253,45.62,1.5
River Water Discharge_Patan,1994,365,1660.0,02-Aug-1994,214,112.72,1.65
River Water Discharge_Patan,1995,365,1415.0,11-Aug-1995,223,49.29,1.85
River Water Discharge_Patan,1996,366,234.0,18-Aug-1996,231,19.6,0.87
River Water Discharge_Patan,1997,365,1295.0,07-Aug-1997,219,59.44,0.0
River Water Discharge_Patan,1998,365,488.0,07-Aug-1998,219,27.55,2.32
River Water Discharge_Patan,1999,359,1620.0,09-Aug-1999,221,88.76,0.73
River Water Discharge_Patan,2000,365,756.0,20-Jul-2000,202,26.48,0.96
River Water Discharge_Patan,2001,352,580.0,27-Jul-2001,208,43.72,0.05
River Water Discharge_Patan,2002,357,1302.0,19-Aug-2002,231,51.1,0.4
River Water Discharge_Patan,2003,364,1360.0,16-Sep-2003,259,92.78,0.56
River Water Discharge_Patan,2004,355,1175.0,23-Aug-2004,236,33.98,2.3
River Water Discharge_Patan,2005,359,1930.0,06-Jul-2005,187,99.01,0.39
River Water Discharge_Patan,2006,291,254.94,25-Aug-2006,237,19.74,0.67
River Water Discharge_Patan,2007,308,663.16,22-Aug-2007,234,19.57,0.15
River Water Discharge_Patan,2008,329,904.53,02-Aug-2008,215,33.46,0.0
River Water Discharge_Patan,2009,324,937.53,11-Sep-2009,254,29.12,0.06
River Water Discharge_Patan,2010,354,866.13,26-Jul-2010,207,51.17,0.0
River Water Discharge_Patan,2011,361,1444.59,24-Jul-2011,205,91.51,0.0
River Water Discharge_Patan,2012,309,531.3,11-Aug-2012,224,41.17,0.0
River Water Discharge_Patan,2013,347,2202.29,20-Aug-2013,232,118.34,0.0
River Water Discharge_Patan,2014,363,779.83,06-Aug-2014,218,30.06,0.82
River Water Discharge_Patan,2015,323,380.45,04-Aug-2015,216,19.38,0.5
River Water Discharge_Patan,2016,237,591.57,08-Aug-2016,221,45.67,0.06
River Water Discharge_Patan,2017,314,144.0,23-Jul-2017,204,17.09,0.0
River Water Discharge_Patan,2018,298,872.0,29-Aug-2018,241,53.95,0.0
River Water Discharge_Patan,2019,214,759.1,16-Aug-2019,228,93.38,0.0
River Water Discharge_Patan,2020,366,986.2,30-Aug-2020,243,42.57,1.55
River Water Discharge_Patan,2021,365,532.2,25-Jul-2021,206,23.2,0.0
River Water Discharge_Patan,2022,358,941.4,23-Aug-2022,235,42.14,0.0
River Water Discharge_Patan,2023,365,1630.0,05-Aug-2023,217,54.74,0.0
River Water Discharge_Patan,2024,432,1513.8,05-Aug-2024,218,57.96,0.0
River Water Discharge_Patan,2025,286,655.7,09-Jul-2025,190,53.36,0.0
River Water Discharge_Pati,1999,334,530.0,18-Jun-1999,169,8.19,0.0
River Water Discharge_Pati,2000,365,2110.0,13-Jul-2000,195,7.93,0.0
River Water Discharge_Pati,2001,365,2250.0,05-Aug-2001,217,11.88,0.0
River Water Discharge_Pati,2002,364,1250.0,03-Sep-2002,246,16.76,0.0
River Water Discharge_Pati,2003,360,1013.0,29-Sep-2003,272,22.34,0.0
River Water Discharge_Pati,2004,356,699.9,06-Aug-2004,219,13.31,0.0
River Water Discharge_Pati,2005,352,83.15,02-Aug-2005,214,3.47,0.0
River Water Discharge_Pati,2006,151,0.0,01-Jan-2006,1,0.0,0.0
River Water Discharge_Pati,2008,178,300.94,20-Sep-2008,264,12.88,0.0
River Water Discharge_Pati,2009,341,230.14,05-Sep-2009,248,6.98,0.0
River Water Discharge_Pati,2010,335,2395.03,09-Sep-2010,252,21.6,0.0
River Water Discharge_Pati,2011,363,227.01,01-Sep-2011,244,12.65,0.0
River Water Discharge_Pati,2012,366,117.57,07-Sep-2012,251,8.15,0.0
River Water Discharge_Pati,2013,365,484.66,23-Sep-2013,266,19.0,0.0
River Water Discharge_Pati,2014,360,242.71,09-Sep-2014,252,11.22,0.0
River Water Discharge_Pati,2015,290,98.99,19-Sep-2015,262,6.8,0.0
River Water Discharge_Pati,2016,337,93.87,19-Sep-2016,263,11.51,1.1
River Water Discharge_Pati,2017,90,2.88,21-Feb-2017,52,2.06,1.24
River Water Discharge_Pati,2020,153,137.0,23-Aug-2020,236,21.11,0.0
River Water Discharge_Pati,2021,214,185.41,29-Sep-2021,272,14.12,0.0
River Water Discharge_Pati,2022,365,108.82,02-Sep-2022,245,9.94,0.0
River Water Discharge_Pati,2023,365,170.18,18-Sep-2023,261,9.76,0.0
River Water Discharge_Pati,2024,366,652.0,26-Aug-2024,239,21.45,0.0
River Water Discharge_Pati,2025,273,900.0,30-Aug-2025,242,12.71,0.0
River Water Discharge_Pedageddada,1999,26,5.63,06-Nov-1999,310,2.3,0.18
River Water Discharge_Pedageddada,2000,135,10.45,13-Jan-2000,13,1.12,0.19
River Water Discharge_Pedageddada,2001,211,12.81,06-Oct-2001,279,0.78,0.0
River Water Discharge_Pedageddada,2002,160,146.32,12-Oct-2002,285,2.62,0.01
River Water Discharge_Pedageddada,2003,167,12.34,27-Jul-2003,208,1.03,0.02
River Water Discharge_Pedageddada,2004,158,41.06,03-Aug-2004,216,2.15,0.0
River Water Discharge_Pedageddada,2005,158,10.73,18-Sep-2005,261,2.82,0.07
River Water Discharge_Pedageddada,2006,166,72.89,21-Sep-2006,264,6.91,0.04
River Water Discharge_Pedageddada,2007,191,45.35,22-Sep-2007,265,15.41,0.09
River Water Discharge_Pedageddada,2008,178,13.36,05-Aug-2008,218,3.02,0.09
River Water Discharge_Pedageddada,2009,164,2.17,04-Sep-2009,247,0.3,0.03
River Water Discharge_Pedageddada,2010,195,44.88,30-Aug-2010,242,8.45,0.1
River Water Discharge_Pedageddada,2011,140,2.31,13-Sep-2011,256,0.25,0.03
River Water Discharge_Pedageddada,2012,158,4.66,04-Oct-2012,278,0.87,0.01
River Water Discharge_Pedageddada,2013,174,23.61,23-Oct-2013,296,2.5,0.09
River Water Discharge_Pedageddada,2014,71,3.23,07-Sep-2014,250,0.32,0.0
River Water Discharge_Pedageddada,2015,46,5.77,20-Jun-2015,171,0.57,0.02
River Water Discharge_Penuganchi prolu,2021,293,2725.8,08-Sep-2021,251,48.32,1.0
River Water Discharge_Penuganchi prolu,2022,342,1200.0,24-Jul-2022,205,74.79,0.3
River Water Discharge_Penuganchi prolu,2023,365,8208.0,28-Jul-2023,209,75.02,0.0
River Water Discharge_Penuganchi prolu,2024,363,16411.34,02-Sep-2024,246,109.35,0.0
River Water Discharge_Penuganchi prolu,2025,126,7.79,07-Jan-2025,7,0.97,0.0
River Water Discharge_Pillaperu riverr   narravada.,2000,2,29.15,20-Oct-2000,294,15.37,1.59
River Water Discharge_Pillaperu riverr   narravada.,2001,2,39.81,05-Nov-2001,309,22.94,6.07
River Water Discharge_Pillaperu riverr   narravada.,2002,10,24.98,07-Jan-2002,7,6.97,0.0
River Water Discharge_Pillaperu riverr   narravada.,2003,1,0.0,01-Jan-2003,1,0.0,0.0
River Water Discharge_Pillaperu riverr   narravada.,2006,154,253.5,11-Mar-2006,70,8.7,0.21
River Water Discharge_Pillaperu riverr   narravada.,2007,53,93.05,01-Nov-2007,305,4.0,0.06
River Water Discharge_Pillaperu riverr   narravada.,2008,106,65.88,13-Feb-2008,44,1.39,0.05
River Water Discharge_Pillaperu riverr   narravada.,2009,90,21.73,05-Nov-2009,309,0.83,0.11
River Water Discharge_Pillaperu riverr   narravada.,2010,88,24.91,11-Nov-2010,315,2.32,0.31
River Water Discharge_Pillaperu riverr   narravada.,2011,7,24.91,25-Apr-2011,115,5.88,1.22
River Water Discharge_Pillaperu riverr   narravada.,2012,2,20.64,01-Nov-2012,306,18.07,15.51
River Water Discharge_Pillaperu riverr   narravada.,2018,1,0.0,01-Jul-2018,182,0.0,0.0
River Water Discharge_Pipriya,2018,245,24.96,17-Jul-2018,198,5.78,0.0
River Water Discharge_Pipriya,2019,306,22.5,29-Sep-2019,272,4.37,0.0
River Water Discharge_Pipriya,2020,272,58.82,28-Aug-2020,241,3.89,0.0
River Water Discharge_Pipriya,2021,265,35.55,26-Sep-2021,269,2.88,0.0
River Water Discharge_Pipriya,2022,76,44.3,15-Aug-2022,227,13.12,8.2
River Water Discharge_Pipriya,2023,304,24.96,16-Jul-2023,197,5.29,0.0
River Water Discharge_Pipriya,2024,184,44.5,11-Sep-2024,255,13.73,0.0
River Water Discharge_Pookkayam,2019,160,128.6,10-Aug-2019,222,25.18,0.0
River Water Discharge_Pookkayam,2020,319,186.26,08-Aug-2020,221,16.69,0.0
River Water Discharge_Pookkayam,2021,345,79.48,08-Sep-2021,251,14.08,0.2
River Water Discharge_Pookkayam,2022,337,212.1,10-Jul-2022,191,20.74,0.0
River Water Discharge_Pookkayam,2023,363,120.0,23-Jul-2023,204,9.45,0.0
River Water Discharge_Pookkayam,2024,401,350.0,31-Jul-2024,213,18.94,0.01
River Water Discharge_Pookkayam,2025,109,197.84,17-Jun-2025,168,9.51,0.0
River Water Discharge_Potteru (potteruvagu),1997,203,542.8,28-Aug-1997,240,73.59,0.16
River Water Discharge_Potteru (potteruvagu),1998,347,211.2,16-Nov-1998,320,56.92,2.85
River Water Discharge_Potteru (potteruvagu),1999,353,793.32,18-Jun-1999,169,80.78,9.23
River Water Discharge_Potteru (potteruvagu),2000,346,217.9,13-Jul-2000,195,75.58,12.76
River Water Discharge_Potteru (potteruvagu),2001,347,439.47,18-Aug-2001,230,64.73,8.31
River Water Discharge_Potteru (potteruvagu),2002,341,305.03,09-Aug-2002,221,44.26,2.18
River Water Discharge_Potteru (potteruvagu),2003,340,1657.32,06-Aug-2003,218,81.02,1.76
River Water Discharge_Potteru (potteruvagu),2004,362,941.35,04-Aug-2004,217,90.96,21.32
River Water Discharge_Potteru (potteruvagu),2005,363,638.56,20-Sep-2005,263,58.71,6.82
River Water Discharge_Potteru (potteruvagu),2006,362,3331.49,04-Aug-2006,216,105.7,7.14
River Water Discharge_Potteru (potteruvagu),2007,324,1087.09,07-Oct-2007,280,107.16,9.67
River Water Discharge_Potteru (potteruvagu),2008,214,783.26,10-Aug-2008,223,78.31,13.65
River Water Discharge_Potteru (potteruvagu),2009,334,289.06,31-Aug-2009,243,47.36,4.1
River Water Discharge_Potteru (potteruvagu),2010,183,1024.28,25-Jul-2010,206,109.29,9.64
River Water Discharge_Potteru (potteruvagu),2011,183,308.09,01-Sep-2011,244,87.29,1.81
River Water Discharge_Potteru (potteruvagu),2012,179,512.14,21-Sep-2012,265,83.53,3.0
River Water Discharge_Potteru (potteruvagu),2013,182,389.01,06-Aug-2013,218,142.91,27.04
River Water Discharge_Potteru (potteruvagu),2014,167,893.81,13-Oct-2014,286,124.37,22.04
River Water Discharge_Potteru (potteruvagu),2016,131,326.58,13-Sep-2016,257,65.27,6.27
River Water Discharge_Potteru (potteruvagu),2017,116,311.69,29-Aug-2017,241,120.09,0.0
River Water Discharge_Potteru (potteruvagu),2018,114,538.62,20-Aug-2018,232,134.42,10.49
River Water Discharge_Potteru (potteruvagu),2019,159,310.07,30-Jul-2019,211,106.68,0.0
River Water Discharge_Potteru (potteruvagu),2020,149,323.11,11-Sep-2020,255,129.13,36.16
River Water Discharge_Potteru (potteruvagu),2021,214,550.0,15-Aug-2021,227,95.77,16.0
River Water Discharge_Potteru (potteruvagu),2022,364,462.0,08-Aug-2022,220,83.7,11.93
River Water Discharge_Potteru (potteruvagu),2023,361,716.5,19-Jul-2023,200,75.92,1.33
River Water Discharge_Potteru (potteruvagu),2024,355,672.1,03-Aug-2024,216,113.31,3.0
River Water Discharge_Potteru (potteruvagu),2025,258,532.5,02-Sep-2025,245,102.14,4.0
River Water Discharge_Prakasha(damarkheda),2017,19,25.72,31-Aug-2017,243,11.55,2.28
River Water Discharge_Prakasha(damarkheda),2018,13,15.43,29-Aug-2018,241,9.25,2.93
River Water Discharge_Prakasha(damarkheda),2021,25,560.04,29-Sep-2021,272,35.38,5.15
River Water Discharge_Prakasha(damarkheda),2022,2,13.6,01-Oct-2022,274,12.87,12.15
River Water Discharge_Prakasha(damarkheda),2024,35,542.68,27-Aug-2024,240,31.42,3.45
River Water Discharge_Pratappur,2017,71,18.26,21-Oct-2017,294,3.88,0.0
River Water Discharge_Pratappur,2018,27,153.89,05-Nov-2018,309,16.22,0.76
River Water Discharge_Pratappur,2019,97,41.55,16-Sep-2019,259,8.95,0.0
River Water Discharge_Pratappur,2020,122,519.21,11-Oct-2020,285,21.86,0.4
River Water Discharge_Pratappur,2021,107,519.09,23-Mar-2021,82,23.02,0.0
River Water Discharge_Pratappur,2022,128,59.8,28-Jul-2022,209,16.13,0.0
River Water Discharge_Pratappur,2023,262,518.87,28-May-2023,148,6.74,0.0
River Water Discharge_Pratappur,2024,253,61.53,04-May-2024,125,6.79,0.0
River Water Discharge_Pratappur,2025,144,54.16,28-Aug-2025,240,6.17,0.0
River Water Discharge_Pudunagara,2018,37,0.49,24-Nov-2018,328,0.2,0.05
River Water Discharge_Pudunagara,2019,81,8.19,30-Nov-2019,334,0.38,0.03
River Water Discharge_Pudunagara,2020,108,0.5,20-Nov-2020,325,0.21,0.04
River Water Discharge_Pudunagara,2021,42,2.97,18-Dec-2021,352,0.64,0.13
River Water Discharge_Pudunagara,2022,211,5.96,23-Oct-2022,296,0.92,0.0
River Water Discharge_Pudunagara,2023,176,0.61,01-Jan-2023,1,0.1,0.0
River Water Discharge_Pudur,1985,118,30.6,28-Oct-1985,301,5.96,1.0
River Water Discharge_Pudur,1986,365,111.5,09-Aug-1986,221,5.98,0.0
River Water Discharge_Pudur,1987,365,48.19,16-Dec-1987,350,5.58,0.0
River Water Discharge_Pudur,1988,366,73.85,05-Aug-1988,218,7.19,0.0
River Water Discharge_Pudur,1989,365,87.41,24-Jul-1989,205,6.48,0.0
River Water Discharge_Pudur,1990,365,85.63,31-Oct-1990,304,9.18,0.0
River Water Discharge_Pudur,1991,365,135.9,27-Jul-1991,208,9.78,0.0
River Water Discharge_Pudur,1992,366,744.1,14-Nov-1992,319,16.66,0.0
River Water Discharge_Pudur,1993,365,230.2,09-Nov-1993,313,7.7,0.62
River Water Discharge_Pudur,1994,365,475.8,06-Nov-1994,310,17.73,0.0
River Water Discharge_Pudur,1995,365,78.0,17-Jul-1995,198,6.62,0.0
River Water Discharge_Pudur,1996,366,67.15,15-Oct-1996,289,5.29,0.0
River Water Discharge_Pudur,1997,365,70.0,08-Dec-1997,342,9.31,0.0
River Water Discharge_Pudur,1998,365,316.9,14-Dec-1998,348,13.55,0.0
River Water Discharge_Pudur,1999,365,81.27,27-Jul-1999,208,7.61,0.0
River Water Discharge_Pudur,2000,366,82.54,01-Dec-2000,336,4.59,0.0
River Water Discharge_Pudur,2001,365,44.1,08-Nov-2001,312,4.95,0.0
River Water Discharge_Pudur,2002,365,48.68,18-Aug-2002,230,3.52,0.0
River Water Discharge_Pudur,2003,365,42.03,20-Mar-2003,79,3.01,0.0
River Water Discharge_Pudur,2004,366,87.46,05-Aug-2004,218,5.41,0.0
River Water Discharge_Pudur,2005,357,163.11,24-Nov-2005,328,11.67,0.0
River Water Discharge_Pudur,2006,333,64.69,14-Aug-2006,226,10.01,0.0
River Water Discharge_Pudur,2007,352,165.85,10-Aug-2007,222,18.22,0.0
River Water Discharge_Pudur,2008,358,140.77,22-Oct-2008,296,6.81,0.35
River Water Discharge_Pudur,2009,360,740.09,08-Nov-2009,312,11.0,0.0
River Water Discharge_Pudur,2010,358,180.98,18-Nov-2010,322,10.07,0.0
River Water Discharge_Pudur,2011,362,125.1,06-Nov-2011,310,11.58,0.0
River Water Discharge_Pudur,2012,334,82.24,21-Oct-2012,295,4.27,0.02
River Water Discharge_Pudur,2013,338,142.89,03-Aug-2013,215,9.43,0.0
River Water Discharge_Pudur,2014,343,182.97,02-Aug-2014,214,13.4,0.0
River Water Discharge_Pudur,2015,350,146.9,07-Dec-2015,341,8.46,0.07
River Water Discharge_Pudur,2016,306,39.72,01-Jul-2016,183,2.34,0.0
River Water Discharge_Pudur,2017,301,143.58,31-Aug-2017,243,4.81,0.0
River Water Discharge_Pudur,2018,228,801.17,17-Aug-2018,229,35.7,0.0
River Water Discharge_Pudur,2019,335,486.3,09-Aug-2019,221,11.31,0.07
River Water Discharge_Pudur,2020,297,101.2,23-Sep-2020,267,6.49,0.0
River Water Discharge_Pudur,2021,305,120.0,17-Oct-2021,290,16.92,0.15
River Water Discharge_Pudur,2022,362,230.76,05-Aug-2022,217,16.33,0.0
River Water Discharge_Pudur,2023,296,57.48,25-Jul-2023,206,3.44,0.0
River Water Discharge_Pudur,2024,253,382.56,30-Jul-2024,212,15.15,0.1
River Water Discharge_Pudur,2025,75,5.67,01-Jan-2025,1,1.89,0.58
River Water Discharge_Pulamanthole,1986,318,782.7,09-Aug-1986,221,58.75,0.0
River Water Discharge_Pulamanthole,1987,365,273.7,20-Nov-1987,324,29.87,0.0
River Water Discharge_Pulamanthole,1988,366,436.9,19-Jul-1988,201,60.75,0.0
River Water Discharge_Pulamanthole,1989,365,677.9,23-Jul-1989,204,49.9,0.0
River Water Discharge_Pulamanthole,1990,365,465.0,02-Jul-1990,183,42.49,0.0
River Water Discharge_Pulamanthole,1991,365,580.3,28-Jul-1991,209,57.19,0.0
River Water Discharge_Pulamanthole,1992,366,1410.0,28-Jul-1992,210,77.19,0.0
River Water Discharge_Pulamanthole,1993,365,325.0,03-Jul-1993,184,47.8,0.57
River Water Discharge_Pulamanthole,1994,365,1344.0,14-Jul-1994,195,72.57,0.72
River Water Discharge_Pulamanthole,1995,365,483.4,31-Aug-1995,243,55.54,0.09
River Water Discharge_Pulamanthole,1996,366,500.0,29-Sep-1996,273,50.93,0.6
River Water Discharge_Pulamanthole,1997,365,1020.0,11-Jul-1997,192,63.31,0.45
River Water Discharge_Pulamanthole,1998,365,560.0,24-Aug-1998,236,68.13,0.96
River Water Discharge_Pulamanthole,1999,365,605.0,18-Jul-1999,199,62.08,1.0
River Water Discharge_Pulamanthole,2000,366,479.1,12-Jul-2000,194,40.38,0.0
River Water Discharge_Pulamanthole,2001,365,538.0,08-Jul-2001,189,51.43,0.36
River Water Discharge_Pulamanthole,2002,365,408.7,18-Aug-2002,230,33.55,0.56
River Water Discharge_Pulamanthole,2003,365,175.14,20-Jun-2003,171,22.58,0.99
River Water Discharge_Pulamanthole,2004,366,630.19,05-Aug-2004,218,47.83,0.0
River Water Discharge_Pulamanthole,2005,365,535.0,31-Jul-2005,212,63.46,0.0
River Water Discharge_Pulamanthole,2006,353,672.0,17-Sep-2006,260,75.03,1.2
River Water Discharge_Pulamanthole,2007,356,1166.25,03-Jul-2007,184,90.22,0.12
River Water Discharge_Pulamanthole,2008,358,632.8,26-Oct-2008,300,41.17,1.19
River Water Discharge_Pulamanthole,2009,365,1125.0,17-Jul-2009,198,56.05,0.0
River Water Discharge_Pulamanthole,2010,360,603.6,10-Nov-2010,314,68.64,0.81
River Water Discharge_Pulamanthole,2011,354,673.57,18-Jun-2011,169,74.09,0.51
River Water Discharge_Pulamanthole,2012,345,305.56,07-Aug-2012,220,31.13,0.16
River Water Discharge_Pulamanthole,2013,348,619.45,26-Jun-2013,177,62.96,0.0
River Water Discharge_Pulamanthole,2014,332,690.8,02-Aug-2014,214,67.35,0.0
River Water Discharge_Pulamanthole,2015,345,401.2,27-Jun-2015,178,31.17,0.0
River Water Discharge_Pulamanthole,2016,322,212.7,29-Jun-2016,181,20.74,0.0
River Water Discharge_Pulamanthole,2017,289,729.02,18-Sep-2017,261,38.62,0.0
River Water Discharge_Pulamanthole,2018,281,2640.86,17-Aug-2018,229,100.5,0.0
River Water Discharge_Pulamanthole,2019,313,3098.67,09-Aug-2019,221,68.88,0.0
River Water Discharge_Pulamanthole,2020,308,1615.17,08-Aug-2020,221,69.33,0.0
River Water Discharge_Pulamanthole,2021,342,865.86,12-Oct-2021,285,70.05,0.0
River Water Discharge_Pulamanthole,2022,359,815.2,16-Jul-2022,197,62.35,0.2
River Water Discharge_Pulamanthole,2023,365,443.26,25-Jul-2023,206,27.65,0.24
River Water Discharge_Pulamanthole,2024,469,1400.0,31-Jul-2024,213,69.7,0.0
River Water Discharge_Pulamanthole,2025,121,739.68,27-Jun-2025,178,53.24,0.0
River Water Discharge_Pullakkayar,2019,86,21.44,22-Oct-2019,295,5.77,0.0
River Water Discharge_Pullakkayar,2020,277,97.43,08-Aug-2020,221,9.24,0.0
River Water Discharge_Pullakkayar,2021,307,88.71,25-Oct-2021,298,12.1,0.01
River Water Discharge_Pullakkayar,2022,350,86.07,04-Aug-2022,216,12.66,0.0
River Water Discharge_Pullakkayar,2023,325,125.72,05-Jul-2023,186,7.87,0.0
River Water Discharge_Pullakkayar,2024,236,99.16,26-Jun-2024,178,10.52,0.01
River Water Discharge_Pullakkayar,2025,6,1.26,07-Jan-2025,7,0.66,0.44
River Water Discharge_Rahu,2023,214,488.96,02-Oct-2023,275,61.75,0.0
River Water Discharge_Rahu,2024,365,2887.23,26-Jul-2024,208,109.25,0.0
River Water Discharge_Rahu,2025,108,2053.88,20-Aug-2025,232,246.48,0.0
River Water Discharge_Rambhapur,2000,334,98.76,16-Aug-2000,229,3.5,0.0
River Water Discharge_Rambhapur,2001,274,1155.16,12-Aug-2001,224,5.68,0.0
River Water Discharge_Rambhapur,2002,206,33.53,08-Aug-2002,220,1.77,0.0
River Water Discharge_Rambhapur,2003,150,303.55,24-Sep-2003,267,17.57,0.0
River Water Discharge_Rambhapur,2004,97,436.4,12-Aug-2004,225,34.66,0.75
River Water Discharge_Rambhapur,2005,41,373.34,28-Jul-2005,209,16.21,0.69
River Water Discharge_Rambhapur,2006,120,554.63,12-Aug-2006,224,48.51,0.5
River Water Discharge_Rambhapur,2007,128,1047.9,10-Jul-2007,191,39.59,0.58
River Water Discharge_Rambhapur,2008,96,421.54,09-Aug-2008,222,8.6,0.0
River Water Discharge_Rambhapur,2009,60,54.63,23-Jul-2009,204,8.29,0.59
River Water Discharge_Rambhapur,2010,94,353.8,28-Aug-2010,240,15.58,0.36
River Water Discharge_Rambhapur,2011,98,452.43,30-Aug-2011,242,36.21,0.55
River Water Discharge_Rambhapur,2012,113,760.6,13-Aug-2012,226,42.51,0.69
River Water Discharge_Rambhapur,2013,137,475.8,05-Jul-2013,186,25.79,0.38
River Water Discharge_Rambhapur,2015,90,465.36,26-Jul-2015,207,24.89,0.0
River Water Discharge_Rambhapur,2016,132,152.68,11-Aug-2016,224,18.65,0.0
River Water Discharge_Rambhapur,2017,214,51.93,17-Sep-2017,260,3.04,0.0
River Water Discharge_Rambhapur,2018,365,42.37,21-Jul-2018,202,1.35,0.0
River Water Discharge_Rambhapur,2020,468,41.12,20-Sep-2020,264,3.52,0.0
River Water Discharge_Rambhapur,2021,441,4185.0,07-Oct-2021,280,14.29,0.0
River Water Discharge_Rambhapur,2022,59,0.0,01-Jan-2022,1,0.0,0.0
River Water Discharge_Rampur,1971,315,1290.0,28-Jul-1971,209,46.47,0.01
River Water Discharge_Rampur,1972,366,1397.0,14-Aug-1972,227,37.56,0.0
River Water Discharge_Rampur,1973,365,3320.0,15-Jul-1973,196,83.52,0.0
River Water Discharge_Rampur,1974,335,356.0,18-Aug-1974,230,7.96,0.0
River Water Discharge_Rampur,1975,293,1340.56,13-Aug-1975,225,39.44,0.0
River Water Discharge_Rampur,1976,366,2132.34,14-Aug-1976,227,52.68,0.0
River Water Discharge_Rampur,1977,365,1366.76,13-Sep-1977,256,40.49,0.0
River Water Discharge_Rampur,1978,365,2472.0,29-Aug-1978,241,41.32,0.0
River Water Discharge_Rampur,1979,365,1810.93,09-Aug-1979,221,23.03,0.0
River Water Discharge_Rampur,1980,366,3163.01,19-Sep-1980,263,88.77,0.0
River Water Discharge_Rampur,1981,278,712.83,22-Aug-1981,234,36.63,0.1
River Water Discharge_Rampur,1982,351,4100.0,31-Aug-1982,243,39.45,0.0
River Water Discharge_Rampur,1983,308,996.65,20-Aug-1983,232,34.38,0.01
River Water Discharge_Rampur,1984,304,1433.14,09-Aug-1984,222,60.09,0.07
River Water Discharge_Rampur,1985,304,1794.0,17-Jul-1985,198,94.53,0.05
River Water Discharge_Rampur,1986,353,2063.16,21-Aug-1986,233,53.78,0.0
River Water Discharge_Rampur,1987,269,2582.08,23-Jul-1987,204,33.53,0.07
River Water Discharge_Rampur,1988,366,90.0,25-Sep-1988,269,8.58,0.0
River Water Discharge_Rampur,1989,365,364.6,29-Jul-1989,210,19.94,0.0
River Water Discharge_Rampur,1990,282,2850.0,04-Sep-1990,247,89.04,0.02
River Water Discharge_Rampur,1991,280,863.7,30-Jul-1991,211,34.23,0.0
River Water Discharge_Rampur,1992,316,3240.0,21-Aug-1992,234,60.67,0.0
River Water Discharge_Rampur,1993,365,2250.0,20-Aug-1993,232,44.57,0.0
River Water Discharge_Rampur,1994,365,2815.0,10-Jul-1994,191,114.42,0.0
River Water Discharge_Rampur,1995,365,2764.0,25-Jul-1995,206,32.6,0.0
River Water Discharge_Rampur,1996,366,231.2,26-Aug-1996,239,13.72,0.0
River Water Discharge_Rampur,1997,365,2520.0,30-Aug-1997,242,58.25,0.0
River Water Discharge_Rampur,1998,365,316.6,11-Sep-1998,254,20.27,0.0
River Water Discharge_Rampur,1999,365,1044.0,09-Aug-1999,221,30.22,0.0
River Water Discharge_Rampur,2000,300,113.0,20-Jul-2000,202,5.87,0.07
River Water Discharge_Rampur,2001,341,1382.81,09-Jul-2001,190,47.63,0.39
River Water Discharge_Rampur,2002,365,619.7,12-Sep-2002,255,17.06,0.0
River Water Discharge_Rampur,2003,365,10958.38,29-Aug-2003,241,138.98,0.0
River Water Discharge_Rampur,2004,366,910.73,15-Jun-2004,167,28.37,0.14
River Water Discharge_Rampur,2005,300,1582.53,01-Aug-2005,213,39.08,0.0
River Water Discharge_Rampur,2006,268,3000.0,13-Aug-2006,225,94.85,0.0
River Water Discharge_Rampur,2007,365,2100.0,01-Jul-2007,182,56.97,0.0
River Water Discharge_Rampur,2008,366,3380.0,19-Sep-2008,263,32.74,0.0
River Water Discharge_Rampur,2009,365,1000.0,22-Jul-2009,203,21.81,0.0
River Water Discharge_Rampur,2010,365,368.11,26-Jul-2010,207,24.08,0.0
River Water Discharge_Rampur,2011,219,2849.0,08-Sep-2011,251,66.21,0.0
River Water Discharge_Rampur,2012,245,526.98,05-Aug-2012,218,47.99,0.25
River Water Discharge_Rampur,2013,208,850.0,01-Aug-2013,213,72.66,0.23
River Water Discharge_Rampur,2014,341,812.36,22-Jul-2014,203,47.99,0.0
River Water Discharge_Rampur,2015,365,450.32,04-Aug-2015,216,18.19,0.0
River Water Discharge_Rampur,2016,366,285.36,13-Sep-2016,257,21.39,0.0
River Water Discharge_Rampur,2017,335,302.33,21-Sep-2017,264,14.67,0.0
River Water Discharge_Rampur,2018,357,2851.88,28-Aug-2018,240,32.22,0.0
River Water Discharge_Rampur,2019,354,959.66,09-Sep-2019,252,27.86,0.0
River Water Discharge_Rampur,2020,341,2541.81,28-Aug-2020,241,55.28,0.0
River Water Discharge_Rampur,2021,365,1734.03,15-Sep-2021,258,22.67,0.0
River Water Discharge_Rampur,2022,334,1454.38,16-Aug-2022,228,45.28,0.0
River Water Discharge_Rampur,2023,365,1499.94,03-Aug-2023,215,39.74,0.0
River Water Discharge_Rampur,2024,366,1425.0,11-Sep-2024,255,62.59,0.0
River Water Discharge_Rampur,2025,254,780.0,26-Jul-2025,207,49.24,0.0
River Water Discharge_Rangeli,1978,5,176.0,01-Sep-1978,244,47.5,0.0
River Water Discharge_Rangeli,1979,12,24.0,01-Aug-1979,213,6.18,0.0
River Water Discharge_Rangeli,1980,12,264.5,01-Sep-1980,245,50.04,0.0
River Water Discharge_Rangeli,1981,12,80.0,01-Sep-1981,244,21.86,0.0
River Water Discharge_Rangeli,1982,12,21.2,01-Sep-1982,244,4.18,0.0
River Water Discharge_Rangeli,1983,12,48.0,01-Jul-1983,182,14.12,0.0
River Water Discharge_Rangeli,1984,12,88.0,01-Sep-1984,245,13.61,0.0
River Water Discharge_Rangeli,1985,12,49.0,01-Aug-1985,213,7.84,0.0
River Water Discharge_Rangeli,1986,12,71.5,01-Aug-1986,213,10.97,0.0
River Water Discharge_Rangeli,1987,12,167.8,01-Sep-1987,244,17.94,0.32
River Water Discharge_Rangeli,1988,12,28.64,01-Oct-1988,275,6.96,0.5
River Water Discharge_Rangeli,1989,12,148.0,01-Sep-1989,244,17.16,0.17
River Water Discharge_Rangeli,1990,12,487.7,01-Sep-1990,244,66.53,2.5
River Water Discharge_Rangeli,1991,12,897.1,01-Aug-1991,213,88.69,1.32
River Water Discharge_Rangeli,1992,12,97.62,01-Aug-1992,214,15.37,1.25
River Water Discharge_Rangeli,1993,12,74.52,01-Aug-1993,213,15.12,1.1
River Water Discharge_Rangeli,1994,12,234.2,01-Sep-1994,244,40.09,1.17
River Water Discharge_Rangeli,1995,12,20.69,01-Aug-1995,213,6.34,0.62
River Water Discharge_Rangeli,1996,12,141.6,01-Sep-1996,245,17.77,0.0
River Water Discharge_Rangeli,1997,12,73.0,01-Sep-1997,244,12.64,0.0
River Water Discharge_Rangeli,1998,12,11.5,01-Oct-1998,274,5.23,0.57
River Water Discharge_Rangeli,1999,12,216.0,01-Aug-1999,213,20.39,0.0
River Water Discharge_Rangeli,2000,12,4.94,01-Jan-2000,1,1.49,0.0
River Water Discharge_Rangeli,2001,12,4.19,01-Aug-2001,213,0.81,0.0
River Water Discharge_Rangeli,2002,12,13.99,01-Jul-2002,182,2.42,0.0
River Water Discharge_Rangeli,2003,12,10.5,01-Aug-2003,213,2.89,0.0
River Water Discharge_Rangeli,2004,12,96.0,09-Aug-2004,222,15.74,0.0
River Water Discharge_Rangeli,2005,210,905.34,28-Jul-2005,209,25.08,0.0
River Water Discharge_Rangeli,2006,354,5179.31,19-Aug-2006,231,87.11,0.0
River Water Discharge_Rangeli,2007,360,187.55,30-Aug-2007,242,6.94,0.0
River Water Discharge_Rangeli,2008,347,228.7,11-Jul-2008,193,8.17,0.0
River Water Discharge_Rangeli,2009,353,331.32,23-Jul-2009,204,10.7,0.0
River Water Discharge_Rangeli,2010,302,284.65,10-Sep-2010,253,6.76,0.0
River Water Discharge_Rangeli,2011,361,523.51,13-Sep-2011,256,35.4,0.0
River Water Discharge_Rangeli,2012,351,336.5,09-Sep-2012,253,30.34,0.0
River Water Discharge_Rangeli,2013,361,1127.54,30-Sep-2013,273,58.75,0.0
River Water Discharge_Rangeli,2014,363,1717.34,10-Sep-2014,253,24.43,0.0
River Water Discharge_Rangeli,2015,356,473.1,30-Jul-2015,211,20.48,0.2
River Water Discharge_Rangeli,2016,335,279.72,25-Aug-2016,238,27.16,0.0
River Water Discharge_Rangeli,2017,195,313.12,21-Aug-2017,233,20.67,0.0
River Water Discharge_Rangeli,2018,46,144.05,30-Aug-2018,242,49.21,10.91
River Water Discharge_Rangeli,2021,224,117.97,31-Aug-2021,243,15.03,0.0
River Water Discharge_Rangeli,2022,328,846.06,17-Aug-2022,229,73.77,0.84
River Water Discharge_Rangeli,2023,322,36.01,18-Sep-2023,261,8.75,0.0
River Water Discharge_Rangeli,2024,363,74.43,01-Oct-2024,275,11.38,1.37
River Water Discharge_Rangeli,2025,141,12.35,03-Jan-2025,3,7.3,0.54
River Water Discharge_Ratanpur,1989,3,13.25,11-Jul-1989,192,9.49,5.36
River Water Discharge_Ratanpur,1990,6,205.55,01-Sep-1990,244,41.57,0.24
River Water Discharge_Ratanpur,1991,7,467.8,01-Aug-1991,213,67.58,0.0
River Water Discharge_Ratanpur,1992,12,13.42,01-Aug-1992,214,1.33,0.0
River Water Discharge_Ratanpur,1993,12,3.07,01-Aug-1993,213,0.41,0.0
River Water Discharge_Ratanpur,1994,12,183.6,01-Sep-1994,244,19.14,0.0
River Water Discharge_Ratanpur,1995,12,11.69,01-Aug-1995,213,1.8,0.0
River Water Discharge_Ratanpur,1996,12,17.0,01-Aug-1996,214,2.63,0.0
River Water Discharge_Ratanpur,1997,12,1978.24,01-Aug-1997,213,170.47,0.0
River Water Discharge_Ratanpur,1998,12,15.6,01-Oct-1998,274,3.56,0.0
River Water Discharge_Ratanpur,1999,12,5.5,01-Aug-1999,213,0.86,0.0
River Water Discharge_Ratanpur,2000,12,0.0,01-Jan-2000,1,0.0,0.0
River Water Discharge_Ratanpur,2001,12,0.0,01-Jan-2001,1,0.0,0.0
River Water Discharge_Ratanpur,2002,12,17.5,01-Sep-2002,244,1.46,0.0
River Water Discharge_Ratanpur,2003,12,124.55,01-Aug-2003,213,15.4,0.0
River Water Discharge_Ratanpur,2004,12,49.0,01-Aug-2004,214,5.35,0.0
River Water Discharge_Ratanpur,2005,11,340.65,01-Jul-2005,182,35.11,0.0
River Water Discharge_Ratanpur,2006,12,61.83,01-Aug-2006,213,8.61,0.0
River Water Discharge_Ratanpur,2007,12,26.69,01-Sep-2007,244,5.32,0.0
River Water Discharge_Ratanpur,2008,12,3.95,01-Sep-2008,245,1.18,0.0
River Water Discharge_Ratanpur,2009,12,15.18,01-Sep-2009,244,1.48,0.0
River Water Discharge_Ratanpur,2010,11,21.72,01-Jun-2010,152,3.83,0.0
River Water Discharge_Ratanpur,2011,12,77.82,10-Aug-2011,222,17.12,0.0
River Water Discharge_Ratanpur,2012,12,8.47,01-Oct-2012,275,1.15,0.0
River Water Discharge_Ratanpur,2013,5,0.49,01-Jan-2013,1,0.1,0.0
River Water Discharge_Ratanpur,2015,106,149.89,29-Jul-2015,210,8.56,0.46
River Water Discharge_Ratanpur,2017,56,134.19,26-Jul-2017,207,15.57,1.85
River Water Discharge_Ratanpur,2018,16,24.19,27-Sep-2018,270,9.39,0.0
River Water Discharge_Ratanpur,2019,16,22.47,17-Aug-2019,229,8.16,1.36
River Water Discharge_Ratanpur,2020,55,36.73,26-Aug-2020,239,7.86,0.0
River Water Discharge_Ratanpur,2021,21,38.41,13-Sep-2021,256,11.82,3.67
River Water Discharge_Ratanpur,2022,123,198.08,16-Sep-2022,259,46.87,1.61
River Water Discharge_Ratanpur,2023,172,186.69,11-Jul-2023,192,14.12,0.17
River Water Discharge_Ratanpur,2024,221,735.8,07-Sep-2024,251,38.63,0.0
River Water Discharge_Ratanpur,2025,112,139.05,30-Aug-2025,242,15.37,0.22
River Water Discharge_Rayachoti,2018,214,0.0,01-Jun-2018,152,0.0,0.0
River Water Discharge_Rayachoti,2019,365,0.0,01-Jan-2019,1,0.0,0.0
River Water Discharge_Rayachoti,2020,186,46.33,28-Nov-2020,333,2.58,0.0
River Water Discharge_Rayachoti,2021,246,97.39,19-Nov-2021,323,4.99,0.05
River Water Discharge_Rayachoti,2022,297,4.18,14-Dec-2022,348,0.55,0.0
River Water Discharge_Rayachoti,2023,151,1.5,02-Jan-2023,2,0.07,0.0
River Water Discharge_Sakleshpur,2002,228,421.68,14-Aug-2002,226,31.1,0.26
River Water Discharge_Sakleshpur,2003,353,170.85,29-Jul-2003,210,13.55,0.24
River Water Discharge_Sakleshpur,2004,340,291.88,16-Jun-2004,168,26.62,0.0
River Water Discharge_Sakleshpur,2005,299,462.5,03-Aug-2005,215,43.14,0.0
River Water Discharge_Sakleshpur,2006,355,456.25,05-Jul-2006,186,54.24,0.56
River Water Discharge_Sakleshpur,2007,336,613.1,01-Jul-2007,182,62.43,0.04
River Water Discharge_Sakleshpur,2008,358,383.4,13-Aug-2008,226,34.07,0.26
River Water Discharge_Sakleshpur,2009,359,717.9,16-Jul-2009,197,39.74,0.82
River Water Discharge_Sakleshpur,2010,363,339.57,31-Aug-2010,243,37.79,0.71
River Water Discharge_Sakleshpur,2011,345,363.66,19-Jul-2011,200,39.02,1.5
River Water Discharge_Sakleshpur,2012,363,453.49,06-Aug-2012,219,28.61,0.39
River Water Discharge_Sakleshpur,2013,349,1913.0,04-Aug-2013,216,45.0,0.09
River Water Discharge_Sakleshpur,2014,347,487.74,31-Jul-2014,212,39.06,0.46
River Water Discharge_Sakleshpur,2015,362,360.16,22-Jun-2015,173,25.08,0.97
River Water Discharge_Sakleshpur,2016,324,246.12,29-Jun-2016,181,17.2,0.11
River Water Discharge_Sakleshpur,2017,334,293.94,20-Jul-2017,201,19.81,0.0
River Water Discharge_Sakleshpur,2018,289,748.96,12-Jun-2018,163,47.03,0.0
River Water Discharge_Sakleshpur,2019,272,878.88,07-Aug-2019,219,48.22,0.0
River Water Discharge_Sakleshpur,2020,357,890.07,31-Oct-2020,305,51.7,0.0
River Water Discharge_Sakleshpur,2021,130,608.79,24-Jul-2021,205,70.78,0.0
River Water Discharge_Sakleshpur,2022,337,768.3,09-Aug-2022,221,52.94,0.83
River Water Discharge_Sakleshpur,2023,324,328.66,24-Jul-2023,205,19.34,0.15
River Water Discharge_Sakleshpur,2024,251,674.85,30-Jul-2024,212,61.37,0.09
River Water Discharge_Sakleshpur,2025,174,532.26,26-Jun-2025,177,50.78,0.32
River Water Discharge_Salebhata,1971,31,3.8,01-Dec-1971,335,2.78,1.0
River Water Discharge_Salebhata,1973,225,3571.1,08-Jul-1973,189,169.56,0.1
River Water Discharge_Salebhata,1974,351,3670.0,18-Aug-1974,230,33.61,0.1
River Water Discharge_Salebhata,1975,365,800.4,13-Aug-1975,225,38.93,0.0
River Water Discharge_Salebhata,1976,366,2123.4,14-Aug-1976,227,67.82,0.08
River Water Discharge_Salebhata,1977,365,1416.3,13-Sep-1977,256,46.99,0.0
River Water Discharge_Salebhata,1978,365,1737.1,29-Aug-1978,241,58.04,0.05
River Water Discharge_Salebhata,1979,365,1546.7,09-Aug-1979,221,14.56,0.01
River Water Discharge_Salebhata,1980,366,2850.0,02-Jul-1980,184,93.98,0.04
River Water Discharge_Salebhata,1981,365,1176.0,09-Aug-1981,221,49.24,0.1
River Water Discharge_Salebhata,1982,365,14545.0,30-Aug-1982,242,84.35,0.0
River Water Discharge_Salebhata,1983,365,3864.4,07-Sep-1983,250,64.87,0.0
River Water Discharge_Salebhata,1984,366,1701.0,08-Aug-1984,221,84.84,0.1
River Water Discharge_Salebhata,1985,365,2645.2,11-Sep-1985,254,110.7,0.0
River Water Discharge_Salebhata,1986,365,3771.1,21-Aug-1986,233,92.64,0.1
River Water Discharge_Salebhata,1987,365,838.6,23-Jul-1987,204,21.18,0.04
River Water Discharge_Salebhata,1988,366,411.0,12-Jul-1988,194,19.24,0.12
River Water Discharge_Salebhata,1989,365,489.7,29-Jul-1989,210,40.17,0.11
River Water Discharge_Salebhata,1990,365,1629.0,05-Sep-1990,248,81.01,0.14
River Water Discharge_Salebhata,1991,365,1259.9,14-Aug-1991,226,34.05,0.15
River Water Discharge_Salebhata,1992,366,3250.0,28-Jul-1992,210,70.03,0.1
River Water Discharge_Salebhata,1993,365,1341.0,20-Aug-1993,232,48.52,0.0
River Water Discharge_Salebhata,1994,365,3577.2,21-Jun-1994,172,137.1,0.0
River Water Discharge_Salebhata,1995,365,2346.0,24-Jul-1995,205,41.71,0.4
River Water Discharge_Salebhata,1996,366,398.3,24-Aug-1996,237,18.47,0.02
River Water Discharge_Salebhata,1997,365,2428.0,21-Aug-1997,233,72.02,0.0
River Water Discharge_Salebhata,1998,365,560.0,12-Jul-1998,193,37.7,0.1
River Water Discharge_Salebhata,1999,365,1935.0,09-Aug-1999,221,41.34,0.21
River Water Discharge_Salebhata,2000,366,114.0,13-Jul-2000,195,7.48,0.0
River Water Discharge_Salebhata,2001,365,3225.03,17-Jul-2001,198,97.09,0.0
River Water Discharge_Salebhata,2002,352,1545.4,12-Sep-2002,255,30.24,0.0
River Water Discharge_Salebhata,2003,365,7916.0,29-Aug-2003,241,155.82,0.0
River Water Discharge_Salebhata,2004,350,1146.58,15-Jun-2004,167,54.2,0.45
River Water Discharge_Salebhata,2005,354,1924.0,31-Jul-2005,212,35.01,0.0
River Water Discharge_Salebhata,2006,352,4681.36,30-Aug-2006,242,119.58,0.02
River Water Discharge_Salebhata,2007,363,2419.44,30-Jun-2007,181,55.75,0.0
River Water Discharge_Salebhata,2008,358,3271.15,19-Sep-2008,263,64.42,0.0
River Water Discharge_Salebhata,2009,356,4330.67,22-Jul-2009,203,74.61,0.0
River Water Discharge_Salebhata,2010,360,787.8,26-Jul-2010,207,33.46,0.0
River Water Discharge_Salebhata,2011,364,4552.15,08-Sep-2011,251,67.71,0.0
River Water Discharge_Salebhata,2012,333,4880.27,04-Aug-2012,217,101.01,0.07
River Water Discharge_Salebhata,2013,365,895.33,09-Oct-2013,282,55.56,0.0
River Water Discharge_Salebhata,2014,365,7440.52,31-Jul-2014,212,133.51,0.09
River Water Discharge_Salebhata,2015,365,612.47,29-Aug-2015,241,27.19,0.0
River Water Discharge_Salebhata,2016,366,560.78,05-Sep-2016,249,27.9,0.0
River Water Discharge_Salebhata,2017,344,372.13,18-Jul-2017,199,19.16,0.0
River Water Discharge_Salebhata,2018,323,2097.39,27-Aug-2018,239,55.65,0.0
River Water Discharge_Salebhata,2019,205,1901.71,13-Aug-2019,225,114.98,0.25
River Water Discharge_Salebhata,2020,338,3938.92,27-Aug-2020,240,185.69,0.0
River Water Discharge_Salebhata,2021,179,2927.0,14-Sep-2021,257,64.6,0.0
River Water Discharge_Salebhata,2022,316,2770.0,14-Aug-2022,226,69.24,0.0
River Water Discharge_Salebhata,2023,365,2370.0,03-Aug-2023,215,69.63,0.0
River Water Discharge_Salebhata,2024,336,2225.0,25-Jul-2024,207,49.02,0.0
River Water Discharge_Salebhata,2025,197,815.0,26-Jul-2025,207,40.48,0.0
River Water Discharge_Samdoli (seasonal),1964,31,4.15,01-Dec-1964,336,1.23,0.49
River Water Discharge_Samdoli (seasonal),1965,191,14.65,14-Dec-1965,348,0.4,0.0
River Water Discharge_Samdoli (seasonal),1966,213,36.2,05-Dec-1966,339,4.25,0.0
River Water Discharge_Samdoli (seasonal),1967,365,2000.0,29-Jul-1967,210,130.91,0.0
River Water Discharge_Samdoli (seasonal),1968,366,1068.1,03-Aug-1968,216,64.19,0.0
River Water Discharge_Samdoli (seasonal),1969,365,1650.0,02-Aug-1969,214,105.99,0.0
River Water Discharge_Samdoli (seasonal),1970,365,1554.9,22-Aug-1970,234,127.02,0.0
River Water Discharge_Samdoli (seasonal),1971,365,1220.4,26-Jun-1971,177,100.78,0.0
River Water Discharge_Samdoli (seasonal),1972,366,1219.3,09-Jul-1972,191,52.01,0.0
River Water Discharge_Samdoli (seasonal),1973,365,2250.3,09-Jul-1973,190,110.75,0.0
River Water Discharge_Samdoli (seasonal),1974,365,1528.0,07-Jul-1974,188,100.0,0.0
River Water Discharge_Samdoli (seasonal),1975,365,2049.8,12-Jul-1975,193,137.23,0.0
River Water Discharge_Samdoli (seasonal),1976,366,2006.9,03-Aug-1976,216,136.31,0.0
River Water Discharge_Samdoli (seasonal),1977,365,1548.2,09-Jul-1977,190,105.7,0.0
River Water Discharge_Samdoli (seasonal),1978,365,1417.9,14-Aug-1978,226,135.87,0.0
River Water Discharge_Samdoli (seasonal),1979,365,1435.5,08-Aug-1979,220,93.57,0.0
River Water Discharge_Samdoli (seasonal),1980,366,1747.4,04-Jul-1980,186,117.36,0.0
River Water Discharge_Samdoli (seasonal),1981,365,1740.6,09-Jul-1981,190,106.67,0.0
River Water Discharge_Samdoli (seasonal),1982,365,1471.8,31-Jul-1982,212,96.55,0.0
River Water Discharge_Samdoli (seasonal),1983,365,1681.7,30-Jun-1983,181,119.89,0.0
River Water Discharge_Samdoli (seasonal),1984,366,1715.1,20-Jul-1984,202,91.19,0.0
River Water Discharge_Samdoli (seasonal),1985,365,1530.3,03-Aug-1985,215,85.37,0.0
River Water Discharge_Samdoli (seasonal),1986,365,1346.9,10-Aug-1986,222,67.55,0.0
River Water Discharge_Samdoli (seasonal),1987,365,1080.0,09-Jul-1987,190,53.68,0.0
River Water Discharge_Samdoli (seasonal),1988,366,2025.0,04-Aug-1988,217,101.14,0.0
River Water Discharge_Samdoli (seasonal),1989,365,2412.0,27-Jul-1989,208,85.14,0.0
River Water Discharge_Samdoli (seasonal),1990,365,1675.0,20-Aug-1990,232,113.72,0.0
River Water Discharge_Samdoli (seasonal),1991,365,2081.0,29-Jul-1991,210,146.25,0.0
River Water Discharge_Samdoli (seasonal),1992,366,1178.0,16-Aug-1992,229,78.73,0.0
River Water Discharge_Samdoli (seasonal),1993,365,1463.0,05-Aug-1993,217,106.07,0.0
River Water Discharge_Samdoli (seasonal),1994,365,2235.0,17-Jul-1994,198,150.14,0.0
River Water Discharge_Samdoli (seasonal),1995,365,869.0,04-Sep-1995,247,47.62,0.0
River Water Discharge_Samdoli (seasonal),1996,366,1610.0,05-Oct-1996,279,76.23,0.0
River Water Discharge_Samdoli (seasonal),1997,365,1710.0,27-Aug-1997,239,110.88,0.0
River Water Discharge_Samdoli (seasonal),1998,365,897.5,10-Jul-1998,191,56.8,0.0
River Water Discharge_Samdoli (seasonal),1999,365,1199.0,24-Jul-1999,205,90.17,0.0
River Water Discharge_Samdoli (seasonal),2000,366,1001.0,14-Jul-2000,196,44.23,0.0
River Water Discharge_Samdoli (seasonal),2001,365,637.2,10-Jul-2001,191,48.18,0.0
River Water Discharge_Samdoli (seasonal),2002,361,694.6,14-Aug-2002,226,38.94,0.0
River Water Discharge_Samdoli (seasonal),2003,365,772.1,23-Jun-2003,174,45.52,0.0
River Water Discharge_Samdoli (seasonal),2004,366,1340.8,14-Aug-2004,227,85.62,0.0
River Water Discharge_Samdoli (seasonal),2005,365,3064.0,05-Aug-2005,217,185.16,0.0
River Water Discharge_Samdoli (seasonal),2006,334,2010.0,12-Aug-2006,224,195.78,0.0
River Water Discharge_Samdoli (seasonal),2007,205,1568.65,03-Jul-2007,184,175.39,0.0
River Water Discharge_Samdoli (seasonal),2008,349,1403.12,14-Aug-2008,227,67.99,0.0
River Water Discharge_Samdoli (seasonal),2009,334,1141.26,17-Jul-2009,198,67.55,0.0
River Water Discharge_Samdoli (seasonal),2010,169,1145.12,27-Jul-2010,208,139.82,0.0
River Water Discharge_Samdoli (seasonal),2011,181,1591.63,06-Sep-2011,249,196.39,0.0
River Water Discharge_Samdoli (seasonal),2012,176,688.93,06-Sep-2012,250,119.88,0.0
River Water Discharge_Samdoli (seasonal),2013,168,1483.1,27-Jul-2013,208,167.85,0.0
River Water Discharge_Samdoli (seasonal),2014,164,825.64,07-Aug-2014,219,147.54,0.0
River Water Discharge_Samdoli (seasonal),2015,175,644.76,25-Jun-2015,176,55.22,0.0
River Water Discharge_Samdoli (seasonal),2016,213,1351.0,08-Aug-2016,221,116.04,0.0
River Water Discharge_Samdoli (seasonal),2017,301,965.15,22-Jul-2017,203,79.62,0.0
River Water Discharge_Samdoli (seasonal),2018,355,1388.01,20-Jul-2018,201,91.87,0.0
River Water Discharge_Samdoli (seasonal),2019,365,2240.0,09-Aug-2019,221,181.37,0.0
River Water Discharge_Samdoli (seasonal),2020,341,1490.0,19-Aug-2020,232,115.3,0.0
River Water Discharge_Samdoli (seasonal),2021,365,2080.0,25-Jul-2021,206,112.75,0.0
River Water Discharge_Samdoli (seasonal),2022,365,1282.21,13-Aug-2022,225,97.97,0.0
River Water Discharge_Samdoli (seasonal),2023,365,909.34,29-Jul-2023,210,59.06,0.0
River Water Discharge_Samdoli (seasonal),2024,366,1835.0,29-Jul-2024,211,144.9,0.0
River Water Discharge_Samdoli (seasonal),2025,252,1985.0,22-Aug-2025,234,173.58,0.0
River Water Discharge_Sanarpatti,2018,1,2231.41,31-Oct-2018,304,2231.41,2231.41
River Water Discharge_Saner at chargawan,2019,214,40.73,11-Sep-2019,254,9.82,0.49
River Water Discharge_Saner at chargawan,2020,366,40.34,29-Aug-2020,242,9.39,3.1
River Water Discharge_Saner at chargawan,2021,365,30.7,06-Sep-2021,249,8.17,2.12
River Water Discharge_Saner at chargawan,2022,365,38.95,23-Aug-2022,235,8.56,0.5
River Water Discharge_Saner at chargawan,2023,365,91.73,28-Jun-2023,179,8.99,0.48
River Water Discharge_Saner at chargawan,2024,430,230.24,04-Aug-2024,217,9.1,0.29
River Water Discharge_Saner at chargawan,2025,294,346.82,30-Jul-2025,211,13.96,0.43
River Water Discharge_Sangam (murredu),2016,157,58.34,01-Oct-2016,275,9.6,0.64
River Water Discharge_Sangam (murredu),2017,281,47.32,18-Jul-2017,199,5.69,0.0
River Water Discharge_Sangam (murredu),2018,191,46.64,18-Aug-2018,230,7.2,0.0
River Water Discharge_Sangam (murredu),2019,72,146.88,18-Sep-2019,261,13.04,0.0
River Water Discharge_Sangam (murredu),2020,143,598.97,21-Aug-2020,234,54.55,0.14
River Water Discharge_Sangam (murredu),2021,163,678.43,07-Sep-2021,250,23.5,0.0
River Water Discharge_Sangam (murredu),2022,279,391.63,11-Jul-2022,192,16.6,0.0
River Water Discharge_Sangam (murredu),2023,251,1155.16,27-Jul-2023,208,13.96,0.0
River Water Discharge_Sangam (murredu),2024,222,1032.54,01-Sep-2024,245,19.67,0.16
River Water Discharge_Sangam (murredu),2025,160,199.85,26-Jul-2025,207,16.76,0.0
River Water Discharge_Sanoor,2018,1,0.0,07-May-2018,127,0.0,0.0
River Water Discharge_Sanoor,2019,171,83.04,10-Aug-2019,222,7.31,0.0
River Water Discharge_Sanoor,2020,170,66.81,21-Sep-2020,265,7.98,0.0
River Water Discharge_Sanoor,2021,185,39.83,16-Jul-2021,197,5.73,0.0
River Water Discharge_Sanoor,2022,210,54.0,05-Jul-2022,186,5.75,0.0
River Water Discharge_Sanoor,2023,305,61.89,07-Jul-2023,188,2.28,0.0
River Water Discharge_Sanoor,2024,200,51.95,19-Jul-2024,201,5.44,0.0
River Water Discharge_Sanoor,2025,19,16.94,30-Jun-2025,181,1.69,0.0
River Water Discharge_Sarangkheda (1),2018,306,1598.0,13-Jul-2018,194,125.12,0.0
River Water Discharge_Sarangkheda (1),2019,608,16430.16,10-Aug-2019,222,277.14,0.0
River Water Discharge_Sarangkheda (1),2020,184,4164.22,30-Aug-2020,243,886.31,0.0
River Water Discharge_Sarangkheda (1),2021,246,7544.24,29-Sep-2021,272,833.42,0.0
River Water Discharge_Sarangkheda (1),2022,62,121.58,29-Jun-2022,180,9.8,0.0
River Water Discharge_Sarangkheda (1),2023,306,18080.0,17-Sep-2023,260,506.5,0.0
River Water Discharge_Sarangkheda,1974,61,0.0,01-Jun-1974,152,0.0,0.0
River Water Discharge_Sarangkheda,1977,214,600.0,27-Nov-1977,331,40.52,0.0
River Water Discharge_Sarangkheda,1978,365,13819.2,30-Aug-1978,242,341.79,6.4
River Water Discharge_Sarangkheda,1979,365,15000.0,11-Aug-1979,223,386.36,5.0
River Water Discharge_Sarangkheda,1980,366,5402.6,07-Aug-1980,220,282.09,7.5
River Water Discharge_Sarangkheda,1981,365,11375.0,11-Aug-1981,223,311.83,5.4
River Water Discharge_Sarangkheda,1982,365,1713.5,21-Jun-1982,172,113.45,5.0
River Water Discharge_Sarangkheda,1983,365,9492.6,13-Aug-1983,225,451.35,2.5
River Water Discharge_Sarangkheda,1984,366,13750.0,20-Aug-1984,233,206.12,0.7
River Water Discharge_Sarangkheda,1985,365,1820.0,04-Aug-1985,216,101.35,1.3
River Water Discharge_Sarangkheda,1986,365,7025.5,16-Aug-1986,228,218.69,1.4
River Water Discharge_Sarangkheda,1987,310,1604.0,22-Aug-1987,234,102.83,0.12
River Water Discharge_Sarangkheda,1988,366,10521.1,04-Oct-1988,278,530.53,0.0
River Water Discharge_Sarangkheda,1989,365,9300.0,20-Aug-1989,232,271.75,0.0
River Water Discharge_Sarangkheda,1990,365,11838.0,17-Aug-1990,229,517.17,0.0
River Water Discharge_Sarangkheda,1991,365,7986.0,01-Aug-1991,213,136.06,0.0
River Water Discharge_Sarangkheda,1992,365,5244.0,18-Aug-1992,231,179.16,0.0
River Water Discharge_Sarangkheda,1993,365,8462.0,17-Jul-1993,198,249.92,0.0
River Water Discharge_Sarangkheda,1994,365,15626.0,07-Sep-1994,250,464.22,0.0
River Water Discharge_Sarangkheda,1995,365,6156.0,04-Sep-1995,247,134.5,0.0
River Water Discharge_Sarangkheda,1996,348,3510.0,28-Jul-1996,210,212.97,0.0
River Water Discharge_Sarangkheda,1997,192,7174.0,27-Jul-1997,208,388.57,5.42
River Water Discharge_Sarangkheda,1998,255,21292.0,16-Sep-1998,259,657.65,0.0
River Water Discharge_Sarangkheda,1999,363,6300.0,11-Aug-1999,223,250.31,0.0
River Water Discharge_Sarangkheda,2000,304,3435.0,14-Jul-2000,196,125.38,0.0
River Water Discharge_Sarangkheda,2001,363,4076.0,17-Aug-2001,229,118.31,0.0
River Water Discharge_Sarangkheda,2002,365,9000.0,26-Aug-2002,238,273.26,0.0
River Water Discharge_Sarangkheda,2003,303,7564.0,25-Aug-2003,237,267.16,0.0
River Water Discharge_Sarangkheda,2004,365,5909.0,24-Aug-2004,237,100.37,0.0
River Water Discharge_Sarangkheda,2005,365,4458.0,03-Aug-2005,215,159.91,0.0
River Water Discharge_Sarangkheda,2006,161,23044.0,08-Aug-2006,220,1253.04,1.31
River Water Discharge_Sarangkheda,2007,222,11827.37,09-Jul-2007,190,595.15,0.0
River Water Discharge_Sarangkheda,2008,90,3406.38,06-Aug-2008,219,435.94,0.0
River Water Discharge_Sarangkheda,2009,208,3942.22,24-Jul-2009,205,149.08,0.0
River Water Discharge_Sarangkheda,2010,357,4875.99,10-Sep-2010,253,208.01,0.0
River Water Discharge_Sarangkheda,2011,365,4404.18,28-Aug-2011,240,196.68,0.0
River Water Discharge_Sarangkheda,2012,363,10481.0,07-Sep-2012,251,255.37,0.0
River Water Discharge_Sarangkheda,2013,364,9027.0,02-Aug-2013,214,391.04,0.0
River Water Discharge_Sarangkheda,2014,364,10946.0,24-Jul-2014,205,122.49,0.0
River Water Discharge_Sarangkheda,2015,363,4925.0,07-Aug-2015,219,81.92,0.0
River Water Discharge_Sarangkheda,2016,323,5700.6,13-Jul-2016,195,145.41,0.0
River Water Discharge_Sarangkheda,2017,197,1235.12,15-Sep-2017,258,114.61,0.0
River Water Discharge_Sarangkheda,2018,26,1790.06,23-Aug-2018,235,481.09,105.23
River Water Discharge_Sarangkheda,2019,96,14685.53,10-Aug-2019,222,1413.82,70.94
River Water Discharge_Sarangkheda,2020,90,3474.02,24-Sep-2020,268,793.95,112.29
River Water Discharge_Sarangkheda,2021,68,5506.76,29-Sep-2021,272,1519.07,288.64
River Water Discharge_Sarangkheda,2022,87,7694.33,12-Aug-2022,224,1927.71,431.11
River Water Discharge_Sarangkheda,2023,41,5127.15,24-Jul-2023,205,1159.14,244.07
River Water Discharge_Sarangkheda,2024,84,4245.59,27-Aug-2024,240,1538.36,113.66
River Water Discharge_Seedhi,1999,123,226.48,18-Oct-1999,291,19.08,1.19
River Water Discharge_Seedhi,2000,309,323.01,26-Aug-2000,239,16.66,0.41
River Water Discharge_Seedhi,2001,334,337.75,03-Oct-2001,276,13.73,0.01
River Water Discharge_Seedhi,2002,265,51.33,19-Jun-2002,170,6.39,0.11
River Water Discharge_Seedhi,2003,179,649.79,07-Oct-2003,280,36.22,0.61
River Water Discharge_Seedhi,2004,205,429.0,05-Oct-2004,279,15.16,1.79
River Water Discharge_Seedhi,2005,246,289.46,22-Sep-2005,265,27.53,0.44
River Water Discharge_Seedhi,2006,253,708.3,04-Aug-2006,216,26.13,0.05
River Water Discharge_Seedhi,2007,151,370.72,07-Aug-2007,219,44.37,2.0
River Water Discharge_Seedhi,2008,130,256.82,18-Sep-2008,262,36.6,2.99
River Water Discharge_Seedhi,2009,184,115.52,04-Oct-2009,277,20.28,3.19
River Water Discharge_Seedhi,2010,200,252.17,17-Oct-2010,290,30.11,9.08
River Water Discharge_Seedhi,2011,49,175.03,19-Aug-2011,231,55.9,9.63
River Water Discharge_Seethapalli,1999,4,13.41,01-Sep-1999,244,12.15,10.78
River Water Discharge_Seethapalli,2000,11,25.68,01-Sep-2000,245,7.65,0.0
River Water Discharge_Seethapalli,2001,9,43.53,01-Oct-2001,274,11.52,0.0
River Water Discharge_Seethapalli,2002,7,5.7,01-Sep-2002,244,2.88,0.71
River Water Discharge_Seethapalli,2003,7,4.16,01-Nov-2003,305,1.96,0.0
River Water Discharge_Seethapalli,2004,6,2.52,01-Sep-2004,245,1.26,0.23
River Water Discharge_Seethapalli,2005,6,10.1,01-Nov-2005,305,3.9,0.02
River Water Discharge_Seethapalli,2006,5,43.73,01-Nov-2006,305,15.26,2.09
River Water Discharge_Seethapalli,2007,8,37.51,01-Oct-2007,274,12.88,0.23
River Water Discharge_Seethapalli,2008,6,4.43,01-Oct-2008,275,2.72,1.29
River Water Discharge_Seethapalli,2009,6,15.95,01-Sep-2009,244,3.9,0.05
River Water Discharge_Sevanur,1999,103,77.95,26-Oct-1999,299,2.21,0.0
River Water Discharge_Sevanur,2000,366,7.82,30-Nov-2000,335,0.33,0.0
River Water Discharge_Sevanur,2001,365,10.33,26-Oct-2001,299,0.27,0.0
River Water Discharge_Sevanur,2002,365,1.51,30-Oct-2002,303,0.04,0.0
River Water Discharge_Sevanur,2003,365,0.0,01-Jan-2003,1,0.0,0.0
River Water Discharge_Sevanur,2004,366,7.2,31-Oct-2004,305,0.14,0.0
River Water Discharge_Sevanur,2005,365,41.04,25-Oct-2005,298,0.62,0.0
River Water Discharge_Sevanur,2006,365,2.56,19-Nov-2006,323,0.31,0.0
River Water Discharge_Sevanur,2007,365,6.09,28-Oct-2007,301,0.26,0.0
River Water Discharge_Sevanur,2008,366,4.91,29-Nov-2008,334,0.21,0.0
River Water Discharge_Sevanur,2009,359,58.4,13-Oct-2009,286,0.4,0.0
River Water Discharge_Sevanur,2010,360,3.22,10-Nov-2010,314,0.18,0.0
River Water Discharge_Sevanur,2011,364,2.55,31-Dec-2011,365,0.24,0.0
River Water Discharge_Sevanur,2012,321,0.82,01-Jan-2012,1,0.02,0.0
River Water Discharge_Sevanur,2013,355,4.29,17-Oct-2013,290,0.16,0.0
River Water Discharge_Sevanur,2014,365,15.03,27-Oct-2014,300,0.21,0.0
River Water Discharge_Sevanur,2015,365,22.97,05-Nov-2015,309,0.22,0.0
River Water Discharge_Sevanur,2016,244,0.46,02-Jan-2016,2,0.03,0.0
River Water Discharge_Sevanur,2017,91,0.99,05-Oct-2017,278,0.01,0.0
River Water Discharge_Sevanur,2018,100,5.78,29-Sep-2018,272,0.62,0.03
River Water Discharge_Sevanur,2019,138,11.05,04-Oct-2019,277,0.75,0.07
River Water Discharge_Sevanur,2020,138,29.2,10-Sep-2020,254,1.52,0.1
River Water Discharge_Sevanur,2021,119,2.28,26-Nov-2021,330,0.92,0.0
River Water Discharge_Sevanur,2022,156,47.0,16-Oct-2022,289,1.89,0.0
River Water Discharge_Sevanur,2023,97,1.2,01-Jan-2023,1,0.36,0.0
River Water Discharge_Sevanur,2024,137,1.9,31-Oct-2024,305,0.57,0.08
River Water Discharge_Sevanur,2025,49,0.97,09-Aug-2025,221,0.27,0.07
River Water Discharge_Sharad,2018,304,485.54,17-Aug-2018,229,15.06,0.0
River Water Discharge_Sharad,2019,290,113.56,04-Sep-2019,247,7.79,0.0
River Water Discharge_Sharad,2020,303,274.24,29-Jul-2020,211,18.23,0.0
River Water Discharge_Sharad,2021,261,847.68,19-Aug-2021,231,34.59,0.0
River Water Discharge_Sharad,2022,306,1097.22,08-Aug-2022,220,68.0,0.0
River Water Discharge_Sharad,2023,247,396.26,27-Sep-2023,270,21.06,0.0
River Water Discharge_Sharad,2024,245,2029.12,01-Sep-2024,245,83.33,0.0
River Water Discharge_Sharad,2025,106,485.54,09-Jul-2025,190,63.84,13.69
River Water Discharge_Sher at kacchara,2019,398,70.4,09-Aug-2019,221,53.58,0.0
River Water Discharge_Sher at kacchara,2020,732,2230.0,29-Aug-2020,242,21.62,0.0
River Water Discharge_Sher at kacchara,2021,942,30.0,21-Aug-2021,233,2.81,0.0
River Water Discharge_Sher at kacchara,2022,599,340.4,12-Jul-2022,193,6.69,0.0
River Water Discharge_Sher at kacchara,2023,365,2065.68,28-Jun-2023,179,21.57,0.0
River Water Discharge_Sher at kacchara,2024,366,495.17,22-Jul-2024,204,23.64,0.0
River Water Discharge_Sher at kacchara,2025,243,980.0,08-Jul-2025,189,17.47,0.0
River Water Discharge_Shindkheda,2022,61,107.98,08-Oct-2022,281,13.26,0.63
River Water Discharge_Shindkheda,2024,86,240.86,27-Aug-2024,240,22.42,1.94
River Water Discharge_Shirpur,2021,55,35.95,02-Oct-2021,275,13.86,1.75
River Water Discharge_Shirpur,2022,61,36.67,07-Oct-2022,280,10.36,0.0
River Water Discharge_Shirpur,2024,86,51.97,26-Aug-2024,239,14.65,1.45
River Water Discharge_Silgi at kotrai,2019,194,57.5,08-Aug-2019,220,10.67,0.3
River Water Discharge_Silgi at kotrai,2020,287,59.0,22-Aug-2020,235,4.99,0.1
River Water Discharge_Silgi at kotrai,2021,332,64.0,16-Sep-2021,259,4.47,0.12
River Water Discharge_Silgi at kotrai,2022,344,88.0,23-Aug-2022,235,8.24,0.0
River Water Discharge_Silgi at kotrai,2023,365,75.01,04-Aug-2023,216,6.11,0.0
River Water Discharge_Silgi at kotrai,2024,440,71.62,04-Aug-2024,217,5.74,0.0
River Water Discharge_Silgi at kotrai,2025,285,92.15,05-Jul-2025,186,7.47,0.0
River Water Discharge_Singavaram,1979,98,27.4,27-Nov-1979,331,4.71,0.4
River Water Discharge_Singavaram,1980,366,7.0,25-Jan-1980,25,0.19,0.0
River Water Discharge_Singavaram,1981,365,236.2,04-Sep-1981,247,5.13,0.0
River Water Discharge_Singavaram,1982,365,69.8,06-Nov-1982,310,1.07,0.0
River Water Discharge_Singavaram,1983,365,184.5,12-Sep-1983,255,2.29,0.0
River Water Discharge_Singavaram,1984,366,10.9,10-Oct-1984,284,0.07,0.0
River Water Discharge_Singavaram,1985,365,121.5,07-Oct-1985,280,0.47,0.0
River Water Discharge_Singavaram,1986,365,92.2,08-Oct-1986,281,0.72,0.0
River Water Discharge_Singavaram,1987,365,101.0,28-Jun-1987,179,0.53,0.0
River Water Discharge_Singavaram,1988,366,878.0,12-Sep-1988,256,21.85,0.0
River Water Discharge_Singavaram,1989,365,620.0,17-Jul-1989,198,10.0,0.0
River Water Discharge_Singavaram,1990,365,25.7,25-Oct-1990,298,0.15,0.0
River Water Discharge_Singavaram,1991,365,221.6,31-Oct-1991,304,6.26,0.0
River Water Discharge_Singavaram,1992,366,17.1,21-Nov-1992,326,0.21,0.0
River Water Discharge_Singavaram,1993,365,2.89,23-Sep-1993,266,0.01,0.0
River Water Discharge_Singavaram,1994,365,0.0,01-Jan-1994,1,0.0,0.0
River Water Discharge_Singavaram,1995,365,68.43,13-Sep-1995,256,1.06,0.0
River Water Discharge_Singavaram,1996,366,643.0,21-Oct-1996,295,21.04,0.0
River Water Discharge_Singavaram,1997,365,95.0,12-Sep-1997,255,0.47,0.0
River Water Discharge_Singavaram,1998,365,219.0,15-Oct-1998,288,4.04,0.0
River Water Discharge_Singavaram,1999,365,68.22,01-Oct-1999,274,0.9,0.0
River Water Discharge_Singavaram,2000,366,17.01,24-Oct-2000,298,0.07,0.0
River Water Discharge_Singavaram,2001,365,274.6,19-Oct-2001,292,7.76,0.0
River Water Discharge_Singavaram,2002,365,0.0,01-Jan-2002,1,0.0,0.0
River Water Discharge_Singavaram,2003,365,0.0,01-Jan-2003,1,0.0,0.0
River Water Discharge_Singavaram,2004,366,0.0,01-Jan-2004,1,0.0,0.0
River Water Discharge_Singavaram,2005,364,14.69,25-Nov-2005,329,0.62,0.0
River Water Discharge_Singavaram,2006,365,4.47,14-Mar-2006,73,0.21,0.0
River Water Discharge_Singavaram,2007,365,0.0,01-Jan-2007,1,0.0,0.0
River Water Discharge_Singavaram,2008,366,0.0,01-Jan-2008,1,0.0,0.0
River Water Discharge_Singavaram,2009,365,0.35,21-Nov-2009,325,0.0,0.0
River Water Discharge_Singavaram,2010,365,21.37,29-Dec-2010,363,0.54,0.0
River Water Discharge_Singavaram,2011,353,22.59,01-Jan-2011,1,0.12,0.0
River Water Discharge_Singavaram,2012,366,0.0,01-Jan-2012,1,0.0,0.0
River Water Discharge_Singavaram,2013,365,0.0,01-Jan-2013,1,0.0,0.0
River Water Discharge_Singavaram,2014,334,0.0,01-Jan-2014,1,0.0,0.0
River Water Discharge_Singavaram,2015,365,0.0,01-Jan-2015,1,0.0,0.0
River Water Discharge_Singavaram,2016,335,0.0,01-Jan-2016,1,0.0,0.0
River Water Discharge_Singavaram,2017,359,0.77,23-Dec-2017,357,0.01,0.0
River Water Discharge_Singavaram,2018,363,33.64,07-Feb-2018,38,1.91,0.0
River Water Discharge_Singavaram,2019,365,19.44,16-Sep-2019,259,1.06,0.0
River Water Discharge_Singavaram,2020,56,71.34,29-Nov-2020,334,16.69,0.17
River Water Discharge_Singavaram,2021,110,1705.0,20-Nov-2021,324,71.91,0.0
River Water Discharge_Singavaram,2022,275,189.6,16-Oct-2022,289,15.96,0.0
River Water Discharge_Singavaram,2023,229,11.89,30-Oct-2023,303,0.68,0.0
River Water Discharge_Singavaram,2024,45,1.79,23-Oct-2024,297,0.36,0.06
River Water Discharge_Singavaram,2025,6,0.36,05-Apr-2025,95,0.22,0.04
River Water Discharge_Sip at dholpur,2019,182,527.55,09-Sep-2019,252,235.96,6.68
River Water Discharge_Sip at dholpur,2020,366,520.2,29-Aug-2020,242,95.49,0.0
River Water Discharge_Sip at dholpur,2021,365,329.74,25-Jul-2021,206,93.57,0.0
River Water Discharge_Sip at dholpur,2022,363,261.47,23-Aug-2022,235,11.61,0.0
River Water Discharge_Sip at dholpur,2023,365,210.29,17-Sep-2023,260,12.49,0.0
River Water Discharge_Sip at dholpur,2024,366,177.54,14-Sep-2024,258,12.0,0.0
River Water Discharge_Sip at dholpur,2025,252,273.93,31-Jul-2025,212,14.09,0.0
River Water Discharge_Sipu at sipudam(bhakudar),1980,107,76.18,02-Jul-1980,184,5.52,1.12
River Water Discharge_Sipu at sipudam(bhakudar),1981,147,81.34,11-Aug-1981,223,3.49,0.0
River Water Discharge_Sipu at sipudam(bhakudar),1982,116,149.76,19-Aug-1982,231,5.86,0.01
River Water Discharge_Sipu at sipudam(bhakudar),1983,125,131.0,17-Aug-1983,229,6.08,0.36
River Water Discharge_Sipu at sipudam(bhakudar),1984,90,594.85,05-Aug-1984,218,12.1,1.0
River Water Discharge_Sipu at sipudam(bhakudar),1985,63,75.2,05-Aug-1985,217,4.04,0.98
River Water Discharge_Sipu at sipudam(bhakudar),1986,46,211.52,25-Jul-1986,206,8.48,0.3
River Water Discharge_Sipu at sipudam(bhakudar),1987,1,53.29,15-Jul-1987,196,53.29,53.29
River Water Discharge_Sipu at sipudam(bhakudar),1988,64,854.02,06-Aug-1988,219,31.63,0.02
River Water Discharge_Sipu at sipudam(bhakudar),1989,58,256.15,28-Aug-1989,240,16.02,0.0
River Water Discharge_Sipu at sipudam(bhakudar),1990,136,1528.0,04-Jul-1990,185,50.48,0.07
River Water Discharge_Sipu at sipudam(bhakudar),1991,39,16.98,21-Jul-1991,202,3.42,0.01
River Water Discharge_Sipu at sipudam(bhakudar),1992,37,997.64,08-Sep-1992,252,85.9,1.35
River Water Discharge_Sirimoda,2019,30,7.35,07-Dec-2019,341,5.67,0.0
River Water Discharge_Sirimoda,2020,348,47.05,16-Oct-2020,290,7.97,0.0
River Water Discharge_Sirimoda,2021,364,152.64,27-Sep-2021,270,7.54,0.0
River Water Discharge_Sirimoda,2022,359,140.68,11-Sep-2022,254,10.94,1.81
River Water Discharge_Sirimoda,2023,362,126.83,07-Sep-2023,250,9.62,2.0
River Water Discharge_Sirimoda,2024,361,121.29,09-Sep-2024,253,11.17,1.55
River Water Discharge_Sirimoda,2025,261,133.04,19-Aug-2025,231,12.23,2.5
River Water Discharge_Sohagpura,2017,72,78.19,02-Aug-2017,214,4.1,0.1
River Water Discharge_Sohagpura,2021,171,17.52,27-Jul-2021,208,2.44,0.0
River Water Discharge_Sohagpura,2022,322,225.21,23-Aug-2022,235,3.76,0.01
River Water Discharge_Sohagpura,2023,270,128.82,18-Sep-2023,261,2.23,0.05
River Water Discharge_Sohagpura,2024,256,451.48,02-Oct-2024,276,6.72,0.0
River Water Discharge_Sohagpura,2025,54,0.95,09-May-2025,129,0.45,0.0
River Water Discharge_Somanpally(seasonal),1966,31,59.05,04-Dec-1966,338,25.53,13.17
River Water Discharge_Somanpally(seasonal),1967,365,752.38,30-Aug-1967,242,38.14,0.07
River Water Discharge_Somanpally(seasonal),1968,365,387.5,27-Jul-1968,209,13.09,0.02
River Water Discharge_Somanpally(seasonal),1969,365,1692.7,21-Sep-1969,264,41.47,0.02
River Water Discharge_Somanpally(seasonal),1970,365,1238.0,19-Aug-1970,231,45.35,0.14
River Water Discharge_Somanpally(seasonal),1971,365,390.7,22-Oct-1971,295,9.41,0.18
River Water Discharge_Somanpally(seasonal),1972,366,327.22,06-Jul-1972,188,10.93,0.04
River Water Discharge_Somanpally(seasonal),1973,365,2254.3,04-Oct-1973,277,58.05,0.01
River Water Discharge_Somanpally(seasonal),1974,365,623.1,24-Oct-1974,297,15.48,0.1
River Water Discharge_Somanpally(seasonal),1975,365,1137.0,11-Sep-1975,254,37.22,0.05
River Water Discharge_Somanpally(seasonal),1976,366,3457.0,21-Jul-1976,203,83.97,0.05
River Water Discharge_Somanpally(seasonal),1977,365,807.3,02-Sep-1977,245,17.06,0.05
River Water Discharge_Somanpally(seasonal),1978,365,4486.59,15-Aug-1978,227,111.7,0.07
River Water Discharge_Somanpally(seasonal),1979,365,745.1,04-Aug-1979,216,20.38,0.1
River Water Discharge_Somanpally(seasonal),1980,366,556.6,21-Aug-1980,234,18.71,0.08
River Water Discharge_Somanpally(seasonal),1981,365,1965.29,05-Aug-1981,217,45.93,0.05
River Water Discharge_Somanpally(seasonal),1982,365,225.16,20-Jul-1982,201,23.99,0.0
River Water Discharge_Somanpally(seasonal),1983,365,6359.32,06-Oct-1983,279,219.04,0.1
River Water Discharge_Somanpally(seasonal),1984,362,274.9,01-Aug-1984,214,25.17,1.2
River Water Discharge_Somanpally(seasonal),1985,365,181.0,02-Aug-1985,214,12.02,0.08
River Water Discharge_Somanpally(seasonal),1986,365,3085.7,14-Aug-1986,226,45.54,0.0
River Water Discharge_Somanpally(seasonal),1987,365,1190.0,09-Jul-1987,190,28.28,0.06
River Water Discharge_Somanpally(seasonal),1988,366,2504.4,03-Sep-1988,247,161.21,0.77
River Water Discharge_Somanpally(seasonal),1989,365,3360.22,24-Jul-1989,205,116.46,0.11
River Water Discharge_Somanpally(seasonal),1990,365,2336.0,31-Aug-1990,243,84.66,5.99
River Water Discharge_Somanpally(seasonal),1991,365,449.24,11-Jul-1991,192,36.69,2.58
River Water Discharge_Somanpally(seasonal),1992,366,414.3,16-Aug-1992,229,20.84,0.03
River Water Discharge_Somanpally(seasonal),1993,365,1041.74,29-Jul-1993,210,26.59,0.08
River Water Discharge_Somanpally(seasonal),1994,365,595.13,23-Aug-1994,235,21.34,0.01
River Water Discharge_Somanpally(seasonal),1995,365,2536.1,20-Oct-1995,293,50.43,0.07
River Water Discharge_Somanpally(seasonal),1996,366,878.7,26-Aug-1996,239,60.26,0.47
River Water Discharge_Somanpally(seasonal),1997,365,163.04,31-Oct-1997,304,12.45,0.41
River Water Discharge_Somanpally(seasonal),1998,365,840.58,16-Oct-1998,289,56.06,0.04
River Water Discharge_Somanpally(seasonal),1999,365,782.21,12-Sep-1999,255,43.04,1.0
River Water Discharge_Somanpally(seasonal),2000,361,2377.45,28-Aug-2000,241,60.72,0.03
River Water Discharge_Somanpally(seasonal),2001,365,362.82,22-Aug-2001,234,17.83,0.08
River Water Discharge_Somanpally(seasonal),2002,365,820.96,25-Aug-2002,237,15.57,0.03
River Water Discharge_Somanpally(seasonal),2003,365,244.69,25-Oct-2003,298,8.39,0.0
River Water Discharge_Somanpally(seasonal),2004,366,25.79,06-Aug-2004,219,0.72,0.0
River Water Discharge_Somanpally(seasonal),2005,365,1644.67,22-Sep-2005,265,24.18,0.0
River Water Discharge_Somanpally(seasonal),2006,343,3335.71,05-Aug-2006,217,70.28,0.0
River Water Discharge_Somanpally(seasonal),2007,289,952.83,18-Sep-2007,261,29.03,0.0
River Water Discharge_Somanpally(seasonal),2008,214,1490.02,11-Aug-2008,224,60.44,0.0
River Water Discharge_Somanpally(seasonal),2009,365,530.7,03-Sep-2009,246,3.76,0.0
River Water Discharge_Somanpally(seasonal),2010,231,2883.89,30-Jul-2010,211,101.16,0.0
River Water Discharge_Somanpally(seasonal),2011,265,171.32,17-Sep-2011,260,13.76,0.0
River Water Discharge_Somanpally(seasonal),2012,214,1058.95,05-Sep-2012,249,59.03,0.0
River Water Discharge_Somanpally(seasonal),2013,275,2803.23,27-Oct-2013,300,109.0,0.0
River Water Discharge_Somanpally(seasonal),2014,89,0.0,11-Jan-2014,11,0.0,0.0
River Water Discharge_Somanpally(seasonal),2016,115,79.68,22-Sep-2016,266,13.44,0.0
River Water Discharge_Somanpally(seasonal),2017,133,58.61,23-Aug-2017,235,6.94,0.0
River Water Discharge_Somanpally(seasonal),2018,192,61.08,28-Aug-2018,240,5.02,0.0
River Water Discharge_Somanpally(seasonal),2019,156,1088.88,08-Aug-2019,220,91.18,0.28
River Water Discharge_Somanpally(seasonal),2020,226,3597.18,15-Aug-2020,228,256.05,0.04
River Water Discharge_Somanpally(seasonal),2021,362,4277.18,08-Sep-2021,251,118.24,0.0
River Water Discharge_Somanpally(seasonal),2022,342,3442.92,14-Jul-2022,195,113.3,0.0
River Water Discharge_Somanpally(seasonal),2023,275,6724.19,27-Jul-2023,208,130.1,0.0
River Water Discharge_Somanpally(seasonal),2024,224,2705.1,02-Sep-2024,246,82.68,0.0
River Water Discharge_Somanpally(seasonal),2025,121,804.39,14-Aug-2025,226,60.14,0.0
River Water Discharge_Songe bange,2020,153,685.62,07-Aug-2020,220,117.05,0.0
River Water Discharge_Songe bange,2021,396,700.2,25-Jul-2021,206,107.25,0.0
River Water Discharge_Suddakal,2017,57,20.56,11-Oct-2017,284,2.22,0.0
River Water Discharge_Suddakal,2018,92,0.0,01-Oct-2018,274,0.0,0.0
River Water Discharge_Suddakal,2019,365,12.46,25-Sep-2019,268,0.38,0.0
River Water Discharge_Suddakal,2020,366,754.82,16-Sep-2020,260,5.27,0.0
River Water Discharge_Suddakal,2021,365,0.54,10-Mar-2021,69,0.01,0.0
River Water Discharge_Suddakal,2022,365,25.0,09-Aug-2022,221,1.62,0.0
River Water Discharge_Suddakal,2023,364,67.29,28-Jul-2023,209,4.11,0.0
River Water Discharge_Suddakal,2024,366,186.8,02-Sep-2024,246,16.9,0.0
River Water Discharge_Suddakal,2025,173,420.0,15-Aug-2025,227,25.2,0.0
River Water Discharge_Sukwad,2018,306,1161.3,18-Aug-2018,230,45.16,0.0
River Water Discharge_Sukwad,2019,124,1722.56,01-Oct-2019,274,150.44,0.0
River Water Discharge_Sukwad,2020,184,4812.9,30-Aug-2020,243,757.62,62.44
River Water Discharge_Sukwad,2021,306,8113.23,29-Sep-2021,272,587.75,0.0
River Water Discharge_Sukwad,2022,62,106.94,28-Jun-2022,179,8.23,0.0
River Water Discharge_Sukwad,2023,306,25268.5,17-Sep-2023,260,614.18,0.0
River Water Discharge_Sundergarh,1976,61,0.0,01-Apr-1976,92,0.0,0.0
River Water Discharge_Sundergarh,1977,1,15.0,31-Dec-1977,365,15.0,15.0
River Water Discharge_Sundergarh,1978,365,2067.0,03-Sep-1978,246,123.74,0.2
River Water Discharge_Sundergarh,1979,365,1179.5,09-Aug-1979,221,30.77,0.05
River Water Discharge_Sundergarh,1980,344,1600.0,10-Jul-1980,192,140.01,0.1
River Water Discharge_Sundergarh,1981,365,2400.0,15-Aug-1981,227,92.49,0.3
River Water Discharge_Sundergarh,1982,365,1186.5,08-Aug-1982,220,63.93,0.1
River Water Discharge_Sundergarh,1983,365,1403.0,19-Sep-1983,262,95.03,0.1
River Water Discharge_Sundergarh,1984,356,1709.0,19-Jun-1984,171,125.09,0.1
River Water Discharge_Sundergarh,1985,365,2819.9,08-Aug-1985,220,99.4,0.1
River Water Discharge_Sundergarh,1986,365,1385.0,27-Jul-1986,208,89.56,0.4
River Water Discharge_Sundergarh,1987,365,4000.0,29-Aug-1987,241,95.7,0.09
River Water Discharge_Sundergarh,1988,366,2841.58,04-Aug-1988,217,109.63,2.0
River Water Discharge_Sundergarh,1989,365,914.38,13-Jul-1989,194,74.81,1.68
River Water Discharge_Sundergarh,1990,365,1350.0,15-Jul-1990,196,105.83,0.33
River Water Discharge_Sundergarh,1991,365,4591.0,24-Jul-1991,205,135.97,0.45
River Water Discharge_Sundergarh,1992,366,1639.0,22-Jul-1992,204,57.43,0.68
River Water Discharge_Sundergarh,1993,365,962.0,26-Jun-1993,177,97.7,0.0
River Water Discharge_Sundergarh,1994,365,5780.0,18-Sep-1994,261,210.59,0.09
River Water Discharge_Sundergarh,1995,365,800.3,18-Jul-1995,199,71.97,0.45
River Water Discharge_Sundergarh,1996,366,6341.0,23-Jun-1996,175,138.2,0.0
River Water Discharge_Sundergarh,1997,353,1306.0,10-Sep-1997,253,102.38,0.02
River Water Discharge_Sundergarh,1998,365,10404.0,11-Sep-1998,254,194.97,1.77
River Water Discharge_Sundergarh,1999,365,2030.0,14-Sep-1999,257,130.4,0.52
River Water Discharge_Sundergarh,2000,366,2000.3,19-Jul-2000,201,72.47,0.85
River Water Discharge_Sundergarh,2001,365,3200.0,22-Jul-2001,203,136.16,0.05
River Water Discharge_Sundergarh,2002,365,1664.0,12-Sep-2002,255,69.69,0.13
River Water Discharge_Sundergarh,2003,365,1150.0,25-Oct-2003,298,116.18,0.0
River Water Discharge_Sundergarh,2004,366,1112.35,09-Aug-2004,222,72.61,0.09
River Water Discharge_Sundergarh,2005,327,878.52,05-Aug-2005,217,83.9,0.14
River Water Discharge_Sundergarh,2006,350,1356.2,31-Jul-2006,212,72.62,0.17
River Water Discharge_Sundergarh,2007,365,1417.86,07-Jul-2007,188,102.44,0.0
River Water Discharge_Sundergarh,2008,347,1346.18,16-Aug-2008,229,97.61,0.1
River Water Discharge_Sundergarh,2009,319,1674.51,03-Oct-2009,276,99.07,0.08
River Water Discharge_Sundergarh,2010,353,1196.31,21-Sep-2010,264,61.73,0.03
River Water Discharge_Sundergarh,2011,325,3098.79,10-Sep-2011,253,147.77,0.1
River Water Discharge_Sundergarh,2012,365,1419.81,10-Sep-2012,254,99.81,0.17
River Water Discharge_Sundergarh,2013,365,1070.0,14-Oct-2013,287,76.37,0.63
River Water Discharge_Sundergarh,2014,365,1827.75,05-Aug-2014,217,66.59,0.51
River Water Discharge_Sundergarh,2015,365,5652.27,11-Jul-2015,192,84.7,0.16
River Water Discharge_Sundergarh,2016,366,993.15,18-Jul-2016,200,86.85,0.0
River Water Discharge_Sundergarh,2017,353,4231.99,27-Jul-2017,208,89.84,0.0
River Water Discharge_Sundergarh,2018,364,1200.76,08-Sep-2018,251,60.54,0.13
River Water Discharge_Sundergarh,2019,304,1717.22,29-Sep-2019,272,100.57,0.0
River Water Discharge_Sundergarh,2020,339,1662.7,27-Aug-2020,240,135.36,2.78
River Water Discharge_Sundergarh,2021,359,641.5,16-Sep-2021,259,69.52,0.37
River Water Discharge_Sundergarh,2022,330,1282.8,25-Aug-2022,237,98.0,0.0
River Water Discharge_Sundergarh,2023,365,1245.5,04-Aug-2023,216,79.82,0.0
River Water Discharge_Sundergarh,2024,336,850.0,28-Sep-2024,272,59.88,1.09
River Water Discharge_Sundergarh,2025,246,2198.0,26-May-2025,146,189.5,0.0
River Water Discharge_Surubali,2002,365,421.67,24-Aug-2002,236,22.51,0.0
River Water Discharge_Surubali,2003,365,634.24,28-Aug-2003,240,49.78,0.0
River Water Discharge_Surubali,2004,366,618.03,08-Aug-2004,221,32.75,0.0
River Water Discharge_T. bekkupe,2003,39,30.94,29-Sep-2003,272,3.14,1.19
River Water Discharge_T. bekkupe,2004,358,424.7,12-Jul-2004,194,9.98,0.0
River Water Discharge_T. bekkupe,2005,151,0.0,01-Jan-2005,1,0.0,0.0
River Water Discharge_T. bekkupe,2007,214,11.83,21-Oct-2007,294,2.34,0.0
River Water Discharge_T. bekkupe,2008,365,164.5,28-Aug-2008,241,9.6,1.82
River Water Discharge_T. bekkupe,2009,362,147.2,20-Sep-2009,263,10.6,0.35
River Water Discharge_T. bekkupe,2010,365,58.06,08-Nov-2010,312,7.24,3.18
River Water Discharge_T. bekkupe,2011,365,60.03,13-Oct-2011,286,8.15,2.16
River Water Discharge_T. bekkupe,2012,366,21.81,25-Aug-2012,238,4.94,1.32
River Water Discharge_T. bekkupe,2013,360,88.16,01-Jun-2013,152,6.56,0.0
River Water Discharge_T. bekkupe,2014,365,21.34,12-Oct-2014,285,6.04,1.95
River Water Discharge_T. bekkupe,2015,356,30.36,08-Sep-2015,251,9.48,4.03
River Water Discharge_T. bekkupe,2016,278,26.01,30-Jul-2016,212,7.07,0.01
River Water Discharge_T. bekkupe,2017,281,281.4,11-Oct-2017,284,14.57,0.0
River Water Discharge_T. bekkupe,2018,295,84.64,27-Sep-2018,270,9.23,2.49
River Water Discharge_T. bekkupe,2019,289,168.0,03-Oct-2019,276,10.43,0.79
River Water Discharge_T. bekkupe,2020,253,73.31,27-Jun-2020,179,14.24,1.08
River Water Discharge_T. bekkupe,2021,133,126.12,20-Nov-2021,324,27.53,5.29
River Water Discharge_T. bekkupe,2022,336,687.0,30-Aug-2022,242,37.76,3.4
River Water Discharge_T. bekkupe,2023,323,41.77,08-Nov-2023,312,10.8,3.31
River Water Discharge_T. bekkupe,2024,281,221.81,23-Oct-2024,297,10.0,0.3
River Water Discharge_T. bekkupe,2025,177,61.36,21-May-2025,141,8.98,3.65
River Water Discharge_T. narasipur,1971,10,712.0,01-Aug-1971,213,166.21,8.1
River Water Discharge_T. narasipur,1972,12,500.0,01-Jul-1972,183,104.07,5.5
River Water Discharge_T. narasipur,1973,12,345.0,01-Sep-1973,244,66.96,4.0
River Water Discharge_T. narasipur,1974,12,502.5,01-Aug-1974,213,73.73,1.4
River Water Discharge_T. narasipur,1975,12,566.8,01-Jul-1975,182,131.83,11.9
River Water Discharge_T. narasipur,1976,12,480.0,01-Aug-1976,214,75.43,7.9
River Water Discharge_T. narasipur,1977,12,562.4,01-Oct-1977,274,103.73,10.0
River Water Discharge_T. narasipur,1978,12,647.0,01-Aug-1978,213,143.12,14.3
River Water Discharge_T. narasipur,1979,12,618.9,01-Aug-1979,213,121.21,15.4
River Water Discharge_T. narasipur,1980,12,865.7,01-Jul-1980,183,175.22,10.1
River Water Discharge_T. narasipur,1981,12,199.2,01-Sep-1981,244,68.46,22.6
River Water Discharge_T. narasipur,1982,12,136.8,01-Aug-1982,213,63.93,30.6
River Water Discharge_T. narasipur,1983,12,185.0,01-Nov-1983,305,50.33,16.2
River Water Discharge_T. narasipur,1984,12,521.7,01-Jul-1984,183,107.41,17.0
River Water Discharge_T. narasipur,1985,12,765.5,01-Jul-1985,182,108.19,7.4
River Water Discharge_T. narasipur,1986,12,124.0,01-Nov-1986,305,42.83,16.1
River Water Discharge_T. narasipur,1987,12,53.0,01-Oct-1987,274,27.26,10.1
River Water Discharge_T. narasipur,1988,12,184.5,01-Aug-1988,214,49.92,7.8
River Water Discharge_T. narasipur,1989,12,99.04,01-Sep-1989,244,39.39,5.37
River Water Discharge_T. narasipur,1990,12,100.3,01-Sep-1990,244,36.19,11.62
River Water Discharge_T. narasipur,1991,12,731.4,01-Aug-1991,213,96.76,10.59
River Water Discharge_T. narasipur,1992,12,512.2,01-Jul-1992,183,142.31,5.79
River Water Discharge_T. narasipur,1993,12,406.9,01-Aug-1993,213,88.58,9.75
River Water Discharge_T. narasipur,1994,12,1137.0,01-Aug-1994,213,250.37,4.58
River Water Discharge_T. narasipur,1995,12,264.9,01-Sep-1995,244,61.56,6.94
River Water Discharge_T. narasipur,1996,12,390.7,01-Aug-1996,214,84.78,5.38
River Water Discharge_T. narasipur,1997,12,632.6,01-Aug-1997,213,106.32,6.5
River Water Discharge_T. narasipur,1998,12,437.2,01-Aug-1998,213,90.8,6.7
River Water Discharge_T. narasipur,1999,12,440.0,01-Aug-1999,213,65.87,7.3
River Water Discharge_T. narasipur,2000,9,247.55,07-Jul-2000,189,113.49,10.45
River Water Discharge_T. narasipur,2001,12,179.1,01-Jul-2001,182,47.79,15.54
River Water Discharge_T. narasipur,2002,12,155.0,01-Nov-2002,305,44.86,6.86
River Water Discharge_T. narasipur,2003,12,157.81,01-Sep-2003,244,40.39,2.78
River Water Discharge_T. narasipur,2004,12,453.31,01-Jul-2004,183,94.17,11.92
River Water Discharge_T. narasipur,2005,11,235.32,01-Sep-2005,244,63.54,3.55
River Water Discharge_T. narasipur,2006,11,795.04,01-Jul-2006,182,173.24,19.5
River Water Discharge_T. narasipur,2007,11,325.4,01-Jul-2007,182,98.84,2.96
River Water Discharge_T. narasipur,2008,11,626.53,01-Aug-2008,214,112.32,8.43
River Water Discharge_T. narasipur,2009,12,221.69,01-Aug-2009,213,51.68,6.86
River Water Discharge_T. narasipur,2010,12,366.2,01-Aug-2010,213,72.16,4.4
River Water Discharge_T. narasipur,2011,11,285.0,01-Sep-2011,244,82.31,10.14
River Water Discharge_T. narasipur,2012,11,134.43,01-Oct-2012,275,32.59,7.59
River Water Discharge_T. narasipur,2013,207,921.2,04-Aug-2013,216,110.76,0.0
River Water Discharge_T. narasipur,2014,354,1035.0,08-Aug-2014,220,66.03,0.0
River Water Discharge_T. narasipur,2015,364,388.43,30-Jun-2015,181,49.06,0.0
River Water Discharge_T. narasipur,2016,237,194.4,09-Sep-2016,253,30.47,0.0
River Water Discharge_T. narasipur,2017,149,268.96,28-Sep-2017,271,78.7,0.0
River Water Discharge_T. narasipur,2018,237,79273.34,20-Aug-2018,232,1247.32,2.39
River Water Discharge_T. narasipur,2019,291,11022.45,29-Jul-2019,210,167.62,7.02
River Water Discharge_T. narasipur,2020,228,938.53,06-Aug-2020,219,78.99,3.07
River Water Discharge_T. narasipur,2021,122,769.32,28-Oct-2021,301,241.24,40.62
River Water Discharge_T. narasipur,2022,325,2286.19,15-Jul-2022,196,277.47,32.01
River Water Discharge_T. narasipur,2023,319,600.55,27-Jul-2023,208,52.98,12.12
River Water Discharge_T. narasipur,2024,299,2356.61,31-Jul-2024,213,142.78,13.32
River Water Discharge_T. narasipur,2025,123,87.67,30-May-2025,150,39.98,8.26
River Water Discharge_T.k.halli,1978,202,585.0,27-Sep-1978,270,35.23,4.1
River Water Discharge_T.k.halli,1979,365,377.1,29-Oct-1979,302,23.67,1.3
River Water Discharge_T.k.halli,1980,366,199.0,22-Sep-1980,266,17.34,1.5
River Water Discharge_T.k.halli,1981,365,711.5,13-Sep-1981,256,34.63,2.0
River Water Discharge_T.k.halli,1982,365,114.9,21-Sep-1982,264,13.99,1.6
River Water Discharge_T.k.halli,1983,365,979.9,12-Sep-1983,255,20.63,0.0
River Water Discharge_T.k.halli,1984,366,1218.8,03-Oct-1984,277,25.02,2.0
River Water Discharge_T.k.halli,1985,365,176.5,25-Sep-1985,268,15.03,1.8
River Water Discharge_T.k.halli,1986,365,614.4,08-Oct-1986,281,17.48,0.0
River Water Discharge_T.k.halli,1987,365,415.0,09-Oct-1987,282,17.94,0.0
River Water Discharge_T.k.halli,1988,366,971.2,15-Sep-1988,259,39.3,0.0
River Water Discharge_T.k.halli,1989,365,482.2,21-Oct-1989,294,17.14,0.0
River Water Discharge_T.k.halli,1990,365,76.5,25-Oct-1990,298,8.8,0.0
River Water Discharge_T.k.halli,1991,365,515.4,30-Oct-1991,303,24.06,0.0
River Water Discharge_T.k.halli,1992,365,222.0,06-Oct-1992,280,19.34,0.0
River Water Discharge_T.k.halli,1993,365,256.1,08-Oct-1993,281,20.18,0.63
River Water Discharge_T.k.halli,1994,365,207.4,13-Oct-1994,286,17.28,1.89
River Water Discharge_T.k.halli,1995,365,151.0,02-Oct-1995,275,15.35,0.97
River Water Discharge_T.k.halli,1996,366,929.1,19-Oct-1996,293,36.36,0.0
River Water Discharge_T.k.halli,1997,365,398.0,28-Nov-1997,332,22.11,0.0
River Water Discharge_T.k.halli,1998,365,525.0,25-Sep-1998,268,30.38,0.0
River Water Discharge_T.k.halli,1999,365,548.2,26-Oct-1999,299,29.61,0.0
River Water Discharge_T.k.halli,2000,366,558.8,09-Oct-2000,283,44.93,0.2
River Water Discharge_T.k.halli,2001,365,432.6,26-Oct-2001,299,23.56,0.0
River Water Discharge_T.k.halli,2002,365,139.0,11-Oct-2002,284,8.71,0.0
River Water Discharge_T.k.halli,2003,365,173.4,21-Oct-2003,294,8.57,0.0
River Water Discharge_T.k.halli,2004,366,277.5,16-Oct-2004,290,17.82,0.0
River Water Discharge_T.k.halli,2005,359,492.1,24-Oct-2005,297,39.02,0.0
River Water Discharge_T.k.halli,2006,315,247.55,07-Nov-2006,311,15.43,0.0
River Water Discharge_T.k.halli,2007,321,206.11,25-Aug-2007,237,17.76,0.0
River Water Discharge_T.k.halli,2008,289,277.0,31-Aug-2008,244,26.18,0.0
River Water Discharge_T.k.halli,2009,348,946.2,20-Sep-2009,263,33.48,0.03
River Water Discharge_T.k.halli,2010,350,299.99,08-Nov-2010,312,31.53,1.04
River Water Discharge_T.k.halli,2011,356,243.3,04-Nov-2011,308,24.75,0.51
River Water Discharge_T.k.halli,2012,354,158.3,02-Nov-2012,307,8.97,0.0
River Water Discharge_T.k.halli,2013,354,173.89,10-Sep-2013,253,10.41,0.0
River Water Discharge_T.k.halli,2014,345,186.7,25-Sep-2014,268,10.5,0.0
River Water Discharge_T.k.halli,2015,339,449.2,05-Nov-2015,309,14.79,0.0
River Water Discharge_T.k.halli,2016,151,4.77,22-Jan-2016,22,0.17,0.0
River Water Discharge_T.k.halli,2017,48,359.1,28-Sep-2017,271,37.13,0.0
River Water Discharge_T.k.halli,2018,107,241.55,27-Sep-2018,270,23.98,1.7
River Water Discharge_T.k.halli,2019,99,159.5,04-Oct-2019,277,27.35,1.94
River Water Discharge_T.k.halli,2020,97,153.25,03-Sep-2020,247,32.68,0.75
River Water Discharge_T.k.halli,2021,101,298.49,12-Oct-2021,285,54.84,0.0
River Water Discharge_T.k.halli,2022,292,704.9,16-Oct-2022,289,84.55,0.76
River Water Discharge_T.k.halli,2023,265,46.82,13-Oct-2023,286,6.83,0.0
River Water Discharge_T.k.halli,2024,77,340.99,03-Dec-2024,338,55.25,0.94
River Water Discharge_T.k.halli,2025,47,126.38,20-May-2025,140,21.94,0.57
River Water Discharge_Takali,2018,305,12405.0,06-Jul-2018,187,69.88,0.0
River Water Discharge_Takali,2019,304,523.29,22-Sep-2019,265,34.72,0.0
River Water Discharge_Takali,2020,304,520.74,29-Jul-2020,211,96.76,0.0
River Water Discharge_Takali,2021,301,1141.69,19-Aug-2021,231,112.47,0.0
River Water Discharge_Takali,2022,302,2065.72,14-Jul-2022,195,156.39,0.0
River Water Discharge_Takali,2023,250,576.91,08-Sep-2023,251,73.81,0.0
River Water Discharge_Takali,2024,244,1671.33,01-Sep-2024,245,204.29,0.0
River Water Discharge_Takali,2025,116,1679.4,17-Aug-2025,229,228.6,8.41
River Water Discharge_Talaji   talaja,2016,1,22.0,19-Sep-2016,263,22.0,22.0
River Water Discharge_Talikot,1995,102,80.0,12-Oct-1995,285,8.07,0.0
River Water Discharge_Talikot,1996,366,375.7,12-Sep-1996,256,10.62,0.0
River Water Discharge_Talikot,1997,365,182.0,28-Oct-1997,301,4.0,0.0
River Water Discharge_Talikot,1998,365,486.0,14-Oct-1998,287,21.21,0.0
River Water Discharge_Talikot,1999,365,141.0,12-Jun-1999,163,5.52,0.0
River Water Discharge_Talikot,2000,366,435.2,30-Sep-2000,274,10.05,0.0
River Water Discharge_Talikot,2001,365,534.2,08-Oct-2001,281,11.35,0.0
River Water Discharge_Talikot,2002,365,339.0,13-Oct-2002,286,5.07,0.0
River Water Discharge_Talikot,2003,365,158.79,03-Oct-2003,276,1.18,0.0
River Water Discharge_Talikot,2004,366,143.9,05-Oct-2004,279,3.79,0.0
River Water Discharge_Talikot,2005,365,190.73,08-Sep-2005,251,3.55,0.0
River Water Discharge_Talikot,2006,334,234.72,20-Jun-2006,171,6.64,0.0
River Water Discharge_Talikot,2007,183,748.53,24-Jun-2007,175,16.72,0.0
River Water Discharge_Talikot,2013,183,115.73,20-Sep-2013,263,7.28,0.0
River Water Discharge_Talikot,2015,171,182.46,11-Sep-2015,254,11.31,0.0
River Water Discharge_Talikot,2016,1,5.07,01-Sep-2016,245,5.07,5.07
River Water Discharge_Talikot,2017,79,108.99,21-Jun-2017,172,15.04,0.47
River Water Discharge_Talikot,2018,35,52.77,18-Sep-2018,261,3.54,0.4
River Water Discharge_Talikot,2019,131,320.0,20-Oct-2019,293,15.31,0.0
River Water Discharge_Talikot,2020,147,660.0,16-Oct-2020,290,32.93,0.4
River Water Discharge_Talikot,2021,205,190.0,29-Aug-2021,241,7.56,0.45
River Water Discharge_Talikot,2022,350,700.0,06-Aug-2022,218,10.89,0.14
River Water Discharge_Talikot,2023,324,14.0,08-Sep-2023,251,1.44,0.06
River Water Discharge_Talikot,2024,208,300.0,09-Jun-2024,161,9.84,0.24
River Water Discharge_Talikot,2025,85,6.48,17-Jun-2025,168,1.34,0.12
River Water Discharge_Tamar,2023,19,157.45,19-Mar-2023,78,66.18,15.31
River Water Discharge_Tapi at burhanpur,1972,109,504.2,14-Sep-1972,258,38.21,4.4
River Water Discharge_Tapi at burhanpur,1973,365,6330.0,27-Aug-1973,239,275.79,1.0
River Water Discharge_Tapi at burhanpur,1974,365,2015.4,13-Aug-1974,225,55.74,1.6
River Water Discharge_Tapi at burhanpur,1975,365,6117.2,12-Aug-1975,224,177.89,0.9
River Water Discharge_Tapi at burhanpur,1976,366,3744.6,03-Sep-1976,247,123.09,0.8
River Water Discharge_Tapi at burhanpur,1977,365,3893.31,14-Sep-1977,257,124.69,0.0
River Water Discharge_Tapi at burhanpur,1978,364,26683.0,29-Aug-1978,241,221.16,0.72
River Water Discharge_Tapi at burhanpur,1979,365,12100.0,10-Aug-1979,222,148.38,0.85
River Water Discharge_Tapi at burhanpur,1980,366,5379.3,06-Aug-1980,219,145.86,0.4
River Water Discharge_Tapi at burhanpur,1981,365,13259.4,10-Aug-1981,222,165.02,0.8
River Water Discharge_Tapi at burhanpur,1982,365,1120.0,12-Sep-1982,255,59.93,0.9
River Water Discharge_Tapi at burhanpur,1983,365,3687.1,01-Sep-1983,244,173.11,0.3
River Water Discharge_Tapi at burhanpur,1984,366,11305.3,19-Aug-1984,232,123.69,0.1
River Water Discharge_Tapi at burhanpur,1985,365,1874.5,14-Aug-1985,226,49.37,0.3
River Water Discharge_Tapi at burhanpur,1986,365,4837.0,15-Aug-1986,227,118.99,0.1
River Water Discharge_Tapi at burhanpur,1987,355,1160.0,18-Jun-1987,169,40.15,0.0
River Water Discharge_Tapi at burhanpur,1988,234,4707.0,22-Jul-1988,204,323.22,0.2
River Water Discharge_Tapi at burhanpur,1989,329,3435.0,19-Aug-1989,231,139.54,0.0
River Water Discharge_Tapi at burhanpur,1990,299,8959.0,23-Aug-1990,235,409.02,0.0
River Water Discharge_Tapi at burhanpur,1991,365,8246.0,31-Jul-1991,212,84.53,0.0
River Water Discharge_Tapi at burhanpur,1992,348,4694.0,17-Aug-1992,230,96.04,0.0
River Water Discharge_Tapi at burhanpur,1993,365,8268.0,16-Jul-1993,197,207.86,0.0
River Water Discharge_Tapi at burhanpur,1994,365,17027.0,06-Sep-1994,249,325.77,0.0
River Water Discharge_Tapi at burhanpur,1995,365,6630.0,03-Sep-1995,246,115.69,0.16
River Water Discharge_Tapi at burhanpur,1996,350,2742.0,28-Jul-1996,210,161.86,0.0
River Water Discharge_Tapi at burhanpur,1997,365,12339.0,26-Jul-1997,207,181.83,0.1
River Water Discharge_Tapi at burhanpur,1998,365,25261.0,15-Sep-1998,258,234.82,0.0
River Water Discharge_Tapi at burhanpur,1999,365,8648.93,10-Aug-1999,222,212.77,0.55
River Water Discharge_Tapi at burhanpur,2000,366,1403.0,20-Jul-2000,202,40.9,0.11
River Water Discharge_Tapi at burhanpur,2001,365,6664.0,15-Aug-2001,227,97.51,0.0
River Water Discharge_Tapi at burhanpur,2002,295,5300.2,06-Sep-2002,249,124.32,0.0
River Water Discharge_Tapi at burhanpur,2003,365,5130.27,28-Jul-2003,209,104.34,0.0
River Water Discharge_Tapi at burhanpur,2004,354,5197.0,23-Aug-2004,236,77.17,0.05
River Water Discharge_Tapi at burhanpur,2005,365,4097.82,15-Sep-2005,258,105.77,0.0
River Water Discharge_Tapi at burhanpur,2006,319,3824.89,08-Aug-2006,220,133.72,0.0
River Water Discharge_Tapi at burhanpur,2007,340,32686.0,08-Jul-2007,189,263.03,0.0
River Water Discharge_Tapi at burhanpur,2008,322,3796.91,05-Aug-2008,218,68.99,0.0
River Water Discharge_Tapi at burhanpur,2009,363,2809.51,23-Jul-2009,204,55.71,0.0
River Water Discharge_Tapi at burhanpur,2010,306,2803.01,09-Sep-2010,252,148.81,0.0
River Water Discharge_Tapi at burhanpur,2011,355,5965.14,27-Aug-2011,239,164.49,0.0
River Water Discharge_Tapi at burhanpur,2012,354,8612.79,06-Sep-2012,250,194.5,0.0
River Water Discharge_Tapi at burhanpur,2013,360,8189.06,01-Aug-2013,213,285.53,0.0
River Water Discharge_Tapi at burhanpur,2014,365,8225.47,23-Jul-2014,204,165.57,0.0
River Water Discharge_Tapi at burhanpur,2015,158,338.41,01-Sep-2015,244,3.43,0.0
River Water Discharge_Tapi at burhanpur,2016,5,0.0,01-Jan-2016,1,0.0,0.0
River Water Discharge_Tapi at dedtalai,2014,7,4186.61,28-Jul-2014,209,716.86,0.0
River Water Discharge_Tapi at dedtalai,2015,12,296.23,01-Sep-2015,244,38.09,0.0
River Water Discharge_Tapi at dedtalai,2016,5,0.0,01-Jan-2016,1,0.0,0.0
River Water Discharge_Tenduni at maheshwar,2019,428,602.34,09-Aug-2019,221,40.78,0.0
River Water Discharge_Tenduni at maheshwar,2020,732,122.1,25-Aug-2020,238,13.31,0.0
River Water Discharge_Tenduni at maheshwar,2021,682,1863.0,06-Aug-2021,218,41.87,0.0
River Water Discharge_Tenduni at maheshwar,2022,481,1029.04,17-Aug-2022,229,31.94,0.0
River Water Discharge_Tenduni at maheshwar,2023,365,612.5,05-Aug-2023,217,22.8,0.0
River Water Discharge_Tenduni at maheshwar,2024,369,1100.0,03-Aug-2024,216,44.93,0.0
River Water Discharge_Tenduni at maheshwar,2025,273,2300.0,30-Jul-2025,211,66.97,0.0
River Water Discharge_Terwad (seasonal),1979,132,870.0,27-Sep-1979,270,46.37,0.0
River Water Discharge_Terwad (seasonal),1980,366,1917.6,07-Aug-1980,220,167.3,0.0
River Water Discharge_Terwad (seasonal),1981,365,1790.0,11-Jul-1981,192,143.23,0.0
River Water Discharge_Terwad (seasonal),1982,365,1430.6,01-Aug-1982,213,119.28,0.0
River Water Discharge_Terwad (seasonal),1983,365,1545.0,18-Aug-1983,230,153.03,0.0
River Water Discharge_Terwad (seasonal),1984,366,1795.0,21-Jul-1984,203,129.83,0.0
River Water Discharge_Terwad (seasonal),1985,365,1570.0,04-Aug-1985,216,116.83,0.0
River Water Discharge_Terwad (seasonal),1986,365,2050.0,13-Aug-1986,225,108.2,0.0
River Water Discharge_Terwad (seasonal),1987,365,1392.0,10-Jul-1987,191,89.34,0.0
River Water Discharge_Terwad (seasonal),1988,366,2080.0,22-Jul-1988,204,162.38,0.0
River Water Discharge_Terwad (seasonal),1989,365,2205.0,27-Jul-1989,208,125.92,0.0
River Water Discharge_Terwad (seasonal),1990,365,2250.0,20-Aug-1990,232,171.64,0.0
River Water Discharge_Terwad (seasonal),1991,365,2553.0,31-Jul-1991,212,183.01,0.0
River Water Discharge_Terwad (seasonal),1992,366,1306.0,16-Aug-1992,229,101.42,0.0
River Water Discharge_Terwad (seasonal),1993,365,1447.0,14-Jul-1993,195,131.48,0.0
River Water Discharge_Terwad (seasonal),1994,365,2680.0,17-Jul-1994,198,228.31,0.0
River Water Discharge_Terwad (seasonal),1995,365,1170.0,22-Jul-1995,203,71.76,0.0
River Water Discharge_Terwad (seasonal),1996,366,1900.0,30-Jul-1996,212,99.42,0.0
River Water Discharge_Terwad (seasonal),1997,365,3590.0,10-Aug-1997,222,186.55,0.0
River Water Discharge_Terwad (seasonal),1998,365,1051.0,11-Jul-1998,192,92.48,0.0
River Water Discharge_Terwad (seasonal),1999,365,1540.0,24-Jul-1999,205,113.77,0.0
River Water Discharge_Terwad (seasonal),2000,366,890.0,16-Jul-2000,198,84.32,0.0
River Water Discharge_Terwad (seasonal),2001,365,1150.0,11-Jul-2001,192,100.8,0.0
River Water Discharge_Terwad (seasonal),2002,363,1443.0,14-Aug-2002,226,96.54,0.0
River Water Discharge_Terwad (seasonal),2003,365,725.26,23-Jun-2003,174,80.38,0.0
River Water Discharge_Terwad (seasonal),2004,366,1832.0,08-Aug-2004,221,136.06,0.0
River Water Discharge_Terwad (seasonal),2005,365,3340.0,06-Aug-2005,218,259.27,0.0
River Water Discharge_Terwad (seasonal),2006,332,2796.56,13-Aug-2006,225,279.7,0.0
River Water Discharge_Terwad (seasonal),2007,214,1820.56,03-Jul-2007,184,297.24,0.0
River Water Discharge_Terwad (seasonal),2008,363,1951.56,15-Aug-2008,228,127.46,0.0
River Water Discharge_Terwad (seasonal),2009,156,421.49,01-Sep-2009,244,4.48,0.0
River Water Discharge_Terwad (seasonal),2010,6,1307.99,01-Aug-2010,213,370.59,0.0
River Water Discharge_Terwad (seasonal),2011,6,1241.68,01-Sep-2011,244,359.88,0.0
River Water Discharge_Terwad (seasonal),2012,5,962.08,01-Aug-2012,214,219.17,0.0
River Water Discharge_Terwad (seasonal),2013,159,1854.07,29-Jul-2013,210,246.45,0.0
River Water Discharge_Terwad (seasonal),2014,5,968.27,10-Aug-2014,222,373.29,0.0
River Water Discharge_Terwad (seasonal),2015,4,602.31,22-Jun-2015,173,277.98,0.0
River Water Discharge_Terwad (seasonal),2016,201,2200.0,14-Jul-2016,196,209.98,0.0
River Water Discharge_Terwad (seasonal),2017,342,1557.0,23-Jul-2017,204,135.51,0.0
River Water Discharge_Terwad (seasonal),2018,352,1943.96,19-Jul-2018,200,141.83,0.0
River Water Discharge_Terwad (seasonal),2019,324,4110.0,10-Aug-2019,222,314.08,0.0
River Water Discharge_Terwad (seasonal),2020,341,1975.0,20-Aug-2020,233,172.24,0.0
River Water Discharge_Terwad (seasonal),2021,365,3620.0,26-Jul-2021,207,179.99,0.0
River Water Discharge_Terwad (seasonal),2022,365,1855.0,14-Aug-2022,226,152.32,0.0
River Water Discharge_Terwad (seasonal),2023,365,1476.74,29-Jul-2023,210,96.94,0.0
River Water Discharge_Terwad (seasonal),2024,374,2370.0,30-Jul-2024,212,198.84,0.0
River Water Discharge_Terwad (seasonal),2025,262,2010.0,23-Aug-2025,235,225.88,0.0
River Water Discharge_Teska,2000,212,131.85,10-Jun-2000,162,6.75,0.0
River Water Discharge_Teska,2001,325,251.7,12-Aug-2001,224,6.59,0.0
River Water Discharge_Teska,2002,75,191.24,18-Aug-2002,230,18.82,0.0
River Water Discharge_Teska,2003,194,875.37,27-Jul-2003,208,31.35,0.0
River Water Discharge_Teska,2004,180,183.2,23-Aug-2004,236,16.15,0.0
River Water Discharge_Teska,2005,156,1142.26,15-Sep-2005,258,44.88,0.0
River Water Discharge_Teska,2006,142,1376.83,18-Aug-2006,230,75.92,1.42
River Water Discharge_Teska,2007,164,2566.99,07-Aug-2007,219,68.35,1.47
River Water Discharge_Teska,2008,131,284.78,06-Sep-2008,250,28.54,0.0
River Water Discharge_Teska,2009,175,259.3,22-Jul-2009,203,27.09,1.92
River Water Discharge_Teska,2010,152,826.29,05-Sep-2010,248,44.45,2.03
River Water Discharge_Teska,2011,101,244.4,23-Jul-2011,204,40.29,8.39
River Water Discharge_Teska,2012,71,850.22,05-Sep-2012,249,55.97,2.54
River Water Discharge_Teska,2013,41,1050.84,23-Aug-2013,235,75.06,4.65
River Water Discharge_Teska,2014,45,95.51,08-Sep-2014,251,5.99,0.0
River Water Discharge_Teska,2015,92,950.26,05-Aug-2015,217,22.66,0.0
River Water Discharge_Teska,2016,91,292.05,12-Jul-2016,194,18.38,0.0
River Water Discharge_Teska,2017,214,66.62,15-Sep-2017,258,1.75,0.0
River Water Discharge_Teska,2018,365,22.36,22-Sep-2018,265,0.13,0.0
River Water Discharge_Teska,2020,400,1207.37,29-Aug-2020,242,17.84,0.0
River Water Discharge_Teska,2021,424,224.64,23-Jul-2021,204,6.05,0.0
River Water Discharge_Teska,2022,59,0.0,01-Jan-2022,1,0.0,0.0
River Water Discharge_Thandalaiputhur,2021,40,127.82,26-Nov-2021,330,13.39,0.12
River Water Discharge_Thandalaiputhur,2022,104,143.12,17-Oct-2022,290,10.8,0.18
River Water Discharge_Thandalaiputhur,2023,29,0.8,01-Jan-2023,1,0.36,0.15
River Water Discharge_Thandalaiputhur,2024,275,66.39,14-Dec-2024,349,1.79,0.0
River Water Discharge_Thandalaiputhur,2025,205,3.3,01-Jan-2025,1,0.23,0.0
River Water Discharge_Theni,1978,214,310.5,25-Nov-1978,329,27.24,0.3
River Water Discharge_Theni,1979,365,503.0,19-Nov-1979,323,28.38,0.85
River Water Discharge_Theni,1980,366,148.3,21-Nov-1980,326,24.21,0.3
River Water Discharge_Theni,1981,365,166.6,25-Oct-1981,298,27.95,0.0
River Water Discharge_Theni,1982,365,74.8,11-Nov-1982,315,12.43,0.05
River Water Discharge_Theni,1983,365,114.2,07-Nov-1983,311,13.78,0.0
River Water Discharge_Theni,1984,366,466.0,07-Mar-1984,67,29.64,0.24
River Water Discharge_Theni,1985,359,150.6,27-Oct-1985,300,21.72,0.0
River Water Discharge_Theni,1986,348,75.9,31-Oct-1986,304,14.44,0.0
River Water Discharge_Theni,1987,361,155.5,30-Oct-1987,303,11.46,0.0
River Water Discharge_Theni,1988,366,65.53,14-Sep-1988,258,14.56,0.12
River Water Discharge_Theni,1989,365,132.6,26-Oct-1989,299,18.2,0.0
River Water Discharge_Theni,1990,365,256.1,30-Oct-1990,303,20.41,0.0
River Water Discharge_Theni,1991,365,64.75,19-Aug-1991,231,19.56,0.0
River Water Discharge_Theni,1992,366,660.0,14-Nov-1992,319,26.06,0.0
River Water Discharge_Theni,1993,365,271.7,09-Nov-1993,313,19.43,0.54
River Water Discharge_Theni,1994,365,200.4,04-Nov-1994,308,28.42,0.0
River Water Discharge_Theni,1995,360,100.5,11-Aug-1995,223,21.0,0.08
River Water Discharge_Theni,1996,366,102.5,14-Oct-1996,288,18.06,0.0
River Water Discharge_Theni,1997,365,193.2,25-Nov-1997,329,20.9,0.0
River Water Discharge_Theni,1998,365,594.0,11-Dec-1998,345,28.21,0.0
River Water Discharge_Theni,1999,365,86.0,23-Nov-1999,327,17.9,0.0
River Water Discharge_Theni,2000,366,86.72,23-Sep-2000,267,16.55,0.0
River Water Discharge_Theni,2001,365,96.72,27-Oct-2001,300,20.87,0.0
River Water Discharge_Theni,2002,365,53.46,06-Oct-2002,279,9.32,0.0
River Water Discharge_Theni,2003,365,54.34,19-Oct-2003,292,5.7,0.0
River Water Discharge_Theni,2004,366,101.5,02-Nov-2004,307,16.98,0.0
River Water Discharge_Theni,2005,364,182.9,04-Dec-2005,338,21.36,0.0
River Water Discharge_Theni,2006,346,137.66,22-Nov-2006,326,21.81,0.0
River Water Discharge_Theni,2007,362,500.52,25-Oct-2007,298,25.91,0.0
River Water Discharge_Theni,2008,362,102.9,21-Mar-2008,81,21.05,0.0
River Water Discharge_Theni,2009,363,79.69,10-Nov-2009,314,11.28,0.0
River Water Discharge_Theni,2010,361,188.7,23-Nov-2010,327,16.78,0.0
River Water Discharge_Theni,2011,363,214.7,27-Nov-2011,331,23.97,0.0
River Water Discharge_Theni,2012,358,66.79,22-Oct-2012,296,7.71,0.0
River Water Discharge_Theni,2013,359,87.35,06-Aug-2013,218,15.38,0.0
River Water Discharge_Theni,2014,360,119.76,27-Oct-2014,300,17.39,0.0
River Water Discharge_Theni,2015,364,162.1,19-Nov-2015,323,20.8,0.0
River Water Discharge_Theni,2016,266,40.2,05-Jan-2016,5,9.59,0.0
River Water Discharge_Theni,2017,232,174.98,01-Dec-2017,335,13.19,0.0
River Water Discharge_Theni,2018,251,151.5,16-Aug-2018,228,33.43,0.0
River Water Discharge_Theni,2019,282,104.81,17-Oct-2019,290,25.52,0.0
River Water Discharge_Theni,2020,261,147.87,18-Nov-2020,323,25.99,0.0
River Water Discharge_Theni,2021,349,246.46,06-Dec-2021,340,35.47,0.0
River Water Discharge_Theni,2022,342,111.0,02-Aug-2022,214,25.59,0.0
River Water Discharge_Theni,2023,302,314.15,18-Dec-2023,352,18.9,0.0
River Water Discharge_Theni,2024,271,207.25,14-Dec-2024,349,29.59,0.29
River Water Discharge_Theni,2025,207,69.61,02-Jul-2025,183,24.45,0.0
River Water Discharge_Thevur,1999,99,12.04,23-Nov-1999,327,1.66,0.0
River Water Discharge_Thevur,2000,366,32.55,01-Dec-2000,336,0.66,0.0
River Water Discharge_Thevur,2001,365,53.75,25-Oct-2001,298,0.53,0.0
River Water Discharge_Thevur,2002,365,0.0,01-Jan-2002,1,0.0,0.0
River Water Discharge_Thevur,2003,365,0.0,01-Jan-2003,1,0.0,0.0
River Water Discharge_Thevur,2004,366,1.76,05-Nov-2004,310,0.08,0.0
River Water Discharge_Thevur,2005,350,62.93,02-Nov-2005,306,1.42,0.0
River Water Discharge_Thevur,2006,357,6.83,14-Mar-2006,73,0.46,0.0
River Water Discharge_Thevur,2007,363,5.02,29-Oct-2007,302,0.25,0.0
River Water Discharge_Thevur,2008,364,40.32,29-Nov-2008,334,0.22,0.0
River Water Discharge_Thevur,2009,365,3.28,13-Oct-2009,286,0.2,0.0
River Water Discharge_Thevur,2010,346,167.83,27-Oct-2010,300,0.81,0.0
River Water Discharge_Thevur,2011,299,6.27,13-Oct-2011,286,0.63,0.0
River Water Discharge_Thevur,2012,366,1.88,01-Jan-2012,1,0.05,0.0
River Water Discharge_Thevur,2013,358,2.12,25-Oct-2013,298,0.26,0.0
River Water Discharge_Thevur,2014,357,2.85,12-Nov-2014,316,0.27,0.0
River Water Discharge_Thevur,2015,363,5.8,12-Oct-2015,285,0.3,0.0
River Water Discharge_Thevur,2016,242,1.05,04-Jan-2016,4,0.08,0.0
River Water Discharge_Thevur,2017,90,0.0,01-Jan-2017,1,0.0,0.0
River Water Discharge_Thevur,2018,106,6.36,28-Sep-2018,271,1.14,0.04
River Water Discharge_Thevur,2019,108,10.13,04-Oct-2019,277,1.83,0.0
River Water Discharge_Thevur,2020,59,2.88,17-Nov-2020,322,1.56,0.95
River Water Discharge_Thevur,2021,108,32.33,06-Dec-2021,340,8.76,0.58
River Water Discharge_Thevur,2022,130,27.8,09-Sep-2022,252,4.03,0.3
River Water Discharge_Thevur,2023,132,13.13,07-Nov-2023,311,0.9,0.06
River Water Discharge_Thevur,2024,144,40.59,04-Dec-2024,339,3.03,0.05
River Water Discharge_Thevur,2025,72,1.98,01-Jan-2025,1,0.73,0.07
River Water Discharge_Thiruvalam,2018,214,0.0,01-Jun-2018,152,0.0,0.0
River Water Discharge_Thiruvalam,2019,365,1.07,03-Dec-2019,337,0.01,0.0
River Water Discharge_Thiruvalam,2020,264,341.94,27-Nov-2020,332,5.71,0.0
River Water Discharge_Thiruvalam,2021,273,1589.3,19-Nov-2021,323,37.08,0.1
River Water Discharge_Thiruvalam,2022,335,69.22,02-Jan-2022,2,3.96,0.0
River Water Discharge_Thiruvalam,2023,272,20.03,06-Dec-2023,340,0.84,0.0
River Water Discharge_Thiruvalam,2024,124,30.62,31-Dec-2024,366,2.23,0.0
River Water Discharge_Thiruvalam,2025,76,26.3,02-Jan-2025,2,2.06,0.0
River Water Discharge_Thiruvattar,2019,185,179.86,31-Oct-2019,304,5.02,0.0
River Water Discharge_Thiruvattar,2020,273,83.08,16-Oct-2020,290,3.12,0.0
River Water Discharge_Thiruvattar,2021,327,385.46,14-Nov-2021,318,14.13,0.0
River Water Discharge_Thiruvattar,2022,360,50.07,05-Nov-2022,309,3.14,0.0
River Water Discharge_Thiruvattar,2023,365,973.0,16-Jul-2023,197,6.3,0.14
River Water Discharge_Thiruvattar,2024,369,170.05,15-Nov-2024,320,5.12,0.0
River Water Discharge_Thiruvattar,2025,94,2.07,03-Mar-2025,62,0.97,0.29
River Water Discharge_Thoppur,1999,72,1.91,25-Oct-1999,298,0.34,0.07
River Water Discharge_Thoppur,2000,285,16.69,01-Dec-2000,336,0.69,0.0
River Water Discharge_Thoppur,2001,281,0.4,17-Oct-2001,290,0.06,0.0
River Water Discharge_Thoppur,2002,8,0.0,01-Nov-2002,305,0.0,0.0
River Water Discharge_Thoppur,2003,25,0.0,27-Oct-2003,300,0.0,0.0
River Water Discharge_Thoppur,2004,21,0.0,01-Jun-2004,153,0.0,0.0
River Water Discharge_Thoppur,2005,94,60.87,24-Nov-2005,328,3.01,0.0
River Water Discharge_Thoppur,2006,353,3.8,05-Jan-2006,5,0.1,0.0
River Water Discharge_Thoppur,2007,361,0.73,02-Nov-2007,306,0.03,0.0
River Water Discharge_Thoppur,2008,350,0.32,12-Feb-2008,43,0.02,0.0
River Water Discharge_Thoppur,2009,365,0.09,12-Feb-2009,43,0.0,0.0
River Water Discharge_Thoppur,2010,349,1.94,09-Dec-2010,343,0.13,0.0
River Water Discharge_Thoppur,2011,331,1.43,03-Jan-2011,3,0.14,0.0
River Water Discharge_Thoppur,2012,361,0.3,11-Feb-2012,42,0.01,0.0
River Water Discharge_Thoppur,2013,365,0.0,01-Jan-2013,1,0.0,0.0
River Water Discharge_Thoppur,2014,365,0.0,01-Jan-2014,1,0.0,0.0
River Water Discharge_Thoppur,2015,365,3.98,08-Dec-2015,342,0.1,0.0
River Water Discharge_Thoppur,2016,152,1.71,29-May-2016,150,0.04,0.0
River Water Discharge_Thoppur,2017,2,1.1,01-Aug-2017,213,1.06,1.03
River Water Discharge_Thoppur,2020,4,0.3,10-Oct-2020,284,0.25,0.13
River Water Discharge_Thoppur,2021,33,4.54,24-Nov-2021,328,0.91,0.07
River Water Discharge_Thoppur,2022,87,4.2,13-Dec-2022,347,0.34,0.05
River Water Discharge_Thoppur,2023,62,0.72,01-Jan-2023,1,0.2,0.11
River Water Discharge_Thoppur,2024,281,43.25,03-Dec-2024,338,0.52,0.0
River Water Discharge_Thoppur,2025,237,1.17,01-Jan-2025,1,0.0,0.0
River Water Discharge_Thottathinkadavu,2019,161,573.23,07-Aug-2019,219,55.81,3.08
River Water Discharge_Thottathinkadavu,2020,290,431.47,08-Aug-2020,221,31.31,0.31
River Water Discharge_Thottathinkadavu,2021,341,216.37,16-Jul-2021,197,27.71,0.29
River Water Discharge_Thottathinkadavu,2022,347,361.57,05-Aug-2022,217,31.98,0.0
River Water Discharge_Thottathinkadavu,2023,360,358.85,25-Jul-2023,206,21.35,0.0
River Water Discharge_Thottathinkadavu,2024,512,720.5,30-Jul-2024,212,29.25,0.18
River Water Discharge_Thottathinkadavu,2025,85,4.88,27-Mar-2025,86,1.6,0.0
River Water Discharge_Thumpamon,1977,11,9.0,21-Dec-1977,355,8.21,7.0
River Water Discharge_Thumpamon,1978,365,680.0,07-Nov-1978,311,43.52,0.1
River Water Discharge_Thumpamon,1979,365,255.0,11-Jul-1979,192,36.25,0.1
River Water Discharge_Thumpamon,1980,366,269.9,04-Jul-1980,186,36.25,0.1
River Water Discharge_Thumpamon,1981,365,429.9,22-Sep-1981,265,59.21,0.3
River Water Discharge_Thumpamon,1982,365,152.0,08-Aug-1982,220,23.98,0.1
River Water Discharge_Thumpamon,1983,365,382.2,21-Aug-1983,233,23.18,0.0
River Water Discharge_Thumpamon,1984,366,204.7,04-Oct-1984,278,29.49,1.0
River Water Discharge_Thumpamon,1985,365,426.0,27-Jun-1985,178,31.28,0.2
River Water Discharge_Thumpamon,1986,365,504.6,10-Aug-1986,222,24.16,0.2
River Water Discharge_Thumpamon,1987,365,232.6,26-Aug-1987,238,28.8,0.0
River Water Discharge_Thumpamon,1988,366,231.1,19-Jul-1988,201,31.22,0.25
River Water Discharge_Thumpamon,1989,365,346.6,24-Jul-1989,205,45.28,0.0
River Water Discharge_Thumpamon,1990,365,304.5,04-Nov-1990,308,27.59,0.05
River Water Discharge_Thumpamon,1991,365,572.3,09-Jun-1991,160,46.18,0.3
River Water Discharge_Thumpamon,1992,366,699.0,15-Nov-1992,320,60.35,0.55
River Water Discharge_Thumpamon,1993,365,400.6,07-Jun-1993,158,40.86,0.78
River Water Discharge_Thumpamon,1994,365,720.6,03-Aug-1994,215,45.35,0.49
River Water Discharge_Thumpamon,1995,365,442.4,10-May-1995,130,51.81,0.67
River Water Discharge_Thumpamon,1996,366,379.9,19-Oct-1996,293,32.52,0.2
River Water Discharge_Thumpamon,1997,365,297.8,24-Jul-1997,205,34.42,0.3
River Water Discharge_Thumpamon,1998,365,800.0,13-Oct-1998,286,47.37,0.0
River Water Discharge_Thumpamon,1999,365,547.5,09-Jun-1999,160,41.54,1.05
River Water Discharge_Thumpamon,2000,366,575.9,26-Aug-2000,239,32.33,0.7
River Water Discharge_Thumpamon,2001,365,677.46,10-Jul-2001,191,42.45,0.11
River Water Discharge_Thumpamon,2002,365,171.1,31-Oct-2002,304,20.44,0.0
River Water Discharge_Thumpamon,2003,365,297.56,08-Oct-2003,281,19.89,0.0
River Water Discharge_Thumpamon,2004,366,265.87,19-Jun-2004,171,35.12,0.0
River Water Discharge_Thumpamon,2005,363,404.3,02-Aug-2005,214,38.37,0.0
River Water Discharge_Thumpamon,2006,362,302.6,30-Oct-2006,303,43.93,0.0
River Water Discharge_Thumpamon,2007,365,578.63,18-Jul-2007,199,38.97,0.0
River Water Discharge_Thumpamon,2008,355,229.63,08-Sep-2008,252,24.95,0.0
River Water Discharge_Thumpamon,2009,364,301.92,03-Oct-2009,276,21.63,0.0
River Water Discharge_Thumpamon,2010,365,505.64,23-Nov-2010,327,44.15,0.0
River Water Discharge_Thumpamon,2011,365,225.23,06-Jun-2011,157,31.57,0.0
River Water Discharge_Thumpamon,2012,361,225.24,18-Aug-2012,231,14.64,0.0
River Water Discharge_Thumpamon,2013,364,336.35,27-Jun-2013,178,39.75,0.0
River Water Discharge_Thumpamon,2014,347,520.6,24-Aug-2014,236,42.14,0.0
River Water Discharge_Thumpamon,2015,362,236.8,28-Jun-2015,179,26.99,0.0
River Water Discharge_Thumpamon,2016,298,180.36,09-Jun-2016,161,14.33,0.0
River Water Discharge_Thumpamon,2017,178,358.66,18-Sep-2017,261,54.63,3.63
River Water Discharge_Thumpamon,2018,233,332.98,17-Jul-2018,198,45.04,0.0
River Water Discharge_Thumpamon,2019,362,372.36,10-Aug-2019,222,25.48,0.0
River Water Discharge_Thumpamon,2020,324,386.49,08-Aug-2020,221,28.01,0.0
River Water Discharge_Thumpamon,2021,327,535.0,15-Nov-2021,319,82.59,0.0
River Water Discharge_Thumpamon,2022,366,355.0,05-Aug-2022,217,41.77,0.0
River Water Discharge_Thumpamon,2023,365,301.82,07-Jul-2023,188,34.91,0.0
River Water Discharge_Thumpamon,2024,366,296.53,27-Jun-2024,179,33.96,0.0
River Water Discharge_Thumpamon,2025,90,6.03,01-Jan-2025,1,0.38,0.0
River Water Discharge_Tuichang,2005,364,317.0,01-Oct-2005,274,22.55,0.93
River Water Discharge_Tuichang,2006,365,578.47,28-Jun-2006,179,46.54,0.4
River Water Discharge_Tuichang,2007,365,903.57,22-Aug-2007,234,96.08,1.18
River Water Discharge_Tuichang,2008,366,475.59,23-Aug-2008,236,32.25,1.33
River Water Discharge_Tuichang,2009,365,326.9,18-Sep-2009,261,33.84,0.69
River Water Discharge_Tuichang,2010,364,396.79,21-Sep-2010,264,34.23,1.11
River Water Discharge_Tuichang,2011,365,651.56,14-Jun-2011,165,62.87,1.73
River Water Discharge_Tuichang,2012,366,693.75,26-Jun-2012,178,45.73,1.11
River Water Discharge_Tuichang,2013,365,480.19,24-Aug-2013,236,52.22,0.87
River Water Discharge_Tuichang,2014,363,472.82,20-Sep-2014,263,32.46,0.41
River Water Discharge_Tuichang,2015,302,350.3,25-Aug-2015,237,42.27,0.89
River Water Discharge_Tuichang,2016,323,467.95,13-Sep-2016,257,50.08,1.73
River Water Discharge_Tuichang,2017,364,980.54,20-Jun-2017,171,183.8,1.16
River Water Discharge_Tuichang,2018,245,680.52,16-Jun-2018,167,125.98,1.16
River Water Discharge_Tuichang,2019,364,575.07,12-Jul-2019,193,30.2,0.44
River Water Discharge_Tuichang,2020,211,27.08,07-Aug-2020,220,12.66,3.05
River Water Discharge_Tuichang,2021,351,59.17,11-Dec-2021,345,17.61,1.46
River Water Discharge_Tuichang,2022,365,29.28,01-Jan-2022,1,10.1,1.44
River Water Discharge_Tuichang,2023,365,12.49,17-Aug-2023,229,3.82,0.91
River Water Discharge_Tuichang,2024,415,15.17,28-Aug-2024,241,4.44,0.27
River Water Discharge_Tuichang,2025,214,139.26,03-Jun-2025,154,10.63,0.29
River Water Discharge_Tuichawng,2020,202,325.47,03-Aug-2020,216,64.58,6.8
River Water Discharge_Tuichawng,2021,371,540.36,31-Aug-2021,243,41.64,0.43
River Water Discharge_Tuichawng,2022,365,246.26,20-Jun-2022,171,21.87,0.09
River Water Discharge_Tuichawng,2023,365,559.89,09-Aug-2023,221,23.53,0.04
River Water Discharge_Tuichawng,2024,321,240.51,03-Jul-2024,185,24.59,0.0
River Water Discharge_Tuichawng,2025,166,740172.0,08-Jul-2025,189,4499.41,0.98
River Water Discharge_Tulaghat,2000,366,275.41,31-Aug-2000,244,9.91,0.0
River Water Discharge_Tulaghat,2001,365,3990.72,06-Jul-2001,187,48.24,0.0
River Water Discharge_Tulaghat,2002,365,100.31,11-Aug-2002,223,13.0,0.31
River Water Discharge_Tulaghat,2003,194,6443.06,06-Sep-2003,249,162.76,1.76
River Water Discharge_Tulaghat,2004,366,1646.28,14-Jun-2004,166,101.24,0.0
River Water Discharge_Tulaghat,2006,365,2151.3,29-Aug-2006,241,65.87,2.1
River Water Discharge_Tulaghat,2007,306,1619.78,06-Aug-2007,218,24.63,0.01
River Water Discharge_Tulaghat,2008,366,6396.62,15-Sep-2008,259,177.5,0.0
River Water Discharge_Tulaghat,2009,365,3044.35,13-Jul-2009,194,56.18,0.0
River Water Discharge_Tulaghat,2010,306,394.35,31-Aug-2010,243,23.52,0.0
River Water Discharge_Tulaghat,2011,365,261.82,06-Sep-2011,249,15.06,0.0
River Water Discharge_Tulaghat,2012,366,192.49,06-Aug-2012,219,14.25,0.0
River Water Discharge_Tulaghat,2013,365,1271.79,14-Oct-2013,287,23.91,0.0
River Water Discharge_Tulaghat,2014,334,1012.02,30-Jul-2014,211,34.59,1.65
River Water Discharge_Tulaghat,2015,363,1271.2,16-Sep-2015,259,14.72,0.0
River Water Discharge_Tulaghat,2016,366,400.95,06-Aug-2016,219,16.37,0.0
River Water Discharge_Tulaghat,2017,303,56.28,17-Jul-2017,198,5.5,0.0
River Water Discharge_Tulaghat,2019,246,2602.15,13-Aug-2019,225,48.19,0.0
River Water Discharge_Tulaghat,2020,366,239.13,27-Aug-2020,240,12.05,0.0
River Water Discharge_Tulaghat,2021,334,135.82,14-Sep-2021,257,4.57,0.0
River Water Discharge_V.kallathur,2018,214,0.0,01-Jun-2018,152,0.0,0.0
River Water Discharge_V.kallathur,2019,365,9.43,07-Dec-2019,341,0.1,0.0
River Water Discharge_V.kallathur,2020,170,26.25,04-Dec-2020,339,1.38,0.0
River Water Discharge_V.kallathur,2021,133,227.76,26-Nov-2021,330,19.29,0.0
River Water Discharge_V.kallathur,2022,288,102.61,17-Oct-2022,290,3.1,0.0
River Water Discharge_V.kallathur,2023,229,12.74,28-Nov-2023,332,1.02,0.0
River Water Discharge_V.kallathur,2024,107,502.04,13-Dec-2024,348,10.06,0.05
River Water Discharge_V.kallathur,2025,53,8.4,03-Jan-2025,3,1.41,0.02
River Water Discharge_Valamuru (pamuleru),2017,136,152.93,18-Jul-2017,199,13.44,3.3
River Water Discharge_Valamuru (pamuleru),2018,288,451.72,20-Aug-2018,232,21.16,0.0
River Water Discharge_Valamuru (pamuleru),2019,331,424.4,07-Aug-2019,219,14.52,0.0
River Water Discharge_Valamuru (pamuleru),2020,26,7.14,23-Jun-2020,175,2.84,1.75
River Water Discharge_Valamuru (pamuleru),2021,214,85.4,28-Sep-2021,271,14.19,1.84
River Water Discharge_Valamuru (pamuleru),2022,338,146.36,12-Jul-2022,193,17.63,1.33
River Water Discharge_Valamuru (pamuleru),2023,353,155.69,26-Jul-2023,207,12.27,0.0
River Water Discharge_Valamuru (pamuleru),2024,363,358.8,09-Sep-2024,253,19.07,1.7
River Water Discharge_Valamuru (pamuleru),2025,242,70.78,26-Jul-2025,207,7.0,0.0
River Water Discharge_Valayinkil,2011,12,16.81,01-Sep-2011,244,3.55,0.0
River Water Discharge_Valigonda,2019,184,144.09,28-Sep-2019,271,27.59,0.0
River Water Discharge_Valigonda,2020,366,2698.24,14-Oct-2020,288,42.71,0.0
River Water Discharge_Valigonda,2021,365,760.15,15-Jul-2021,196,31.26,0.56
River Water Discharge_Valigonda,2022,364,640.33,27-Jul-2022,208,42.7,0.0
River Water Discharge_Valigonda,2023,362,361.83,28-Jul-2023,209,36.39,0.0
River Water Discharge_Valigonda,2024,360,275.17,04-Sep-2024,248,18.69,0.0
River Water Discharge_Valigonda,2025,215,121.2,04-Apr-2025,94,12.96,0.0
River Water Discharge_Varanavasi,2018,2,3.2,24-Nov-2018,328,2.07,0.94
River Water Discharge_Varanavasi,2019,64,19.5,01-Dec-2019,335,2.75,0.05
River Water Discharge_Varanavasi,2020,42,33.92,04-Dec-2020,339,4.08,0.08
River Water Discharge_Varanavasi,2021,150,164.09,26-Nov-2021,330,9.3,0.06
River Water Discharge_Varanavasi,2022,242,23.61,14-Dec-2022,348,1.64,0.06
River Water Discharge_Varanavasi,2023,58,7.26,10-Aug-2023,222,0.65,0.07
River Water Discharge_Varanavasi,2024,276,14.84,14-Dec-2024,349,0.39,0.0
River Water Discharge_Varanavasi,2025,216,2.11,01-Jan-2025,1,0.11,0.0
River Water Discharge_Veerlapalem,2017,64,47.0,13-Oct-2017,286,5.63,0.0
River Water Discharge_Veerlapalem,2018,364,36.49,19-Sep-2018,262,2.93,0.0
River Water Discharge_Veerlapalem,2019,365,107.02,18-Sep-2019,261,4.79,0.0
River Water Discharge_Veerlapalem,2020,366,147.39,14-Oct-2020,288,8.13,0.0
River Water Discharge_Veerlapalem,2021,365,94.32,30-Aug-2021,242,8.58,0.0
River Water Discharge_Veerlapalem,2022,359,96.47,01-Oct-2022,274,8.31,0.0
River Water Discharge_Veerlapalem,2023,365,19.0,19-Mar-2023,78,2.93,0.0
River Water Discharge_Veerlapalem,2024,366,121.01,02-Sep-2024,246,4.31,0.0
River Water Discharge_Veerlapalem,2025,205,64.9,23-Feb-2025,54,5.1,0.0
River Water Discharge_Vellaikadavu,2019,166,79.61,31-Oct-2019,304,9.83,0.0
River Water Discharge_Vellaikadavu,2020,338,85.63,07-Aug-2020,220,8.71,0.0
River Water Discharge_Vellaikadavu,2021,361,285.9,17-Oct-2021,290,19.22,0.0
River Water Discharge_Vellaikadavu,2022,359,192.19,02-Aug-2022,214,10.01,0.0
River Water Discharge_Vellaikadavu,2023,365,207.71,14-Oct-2023,287,11.59,0.57
River Water Discharge_Vellaikadavu,2024,366,96.59,28-May-2024,149,10.55,0.43
River Water Discharge_Vellaikadavu,2025,90,1.91,03-Mar-2025,62,1.06,0.62
River Water Discharge_Venganur,2018,214,0.0,01-Jun-2018,152,0.0,0.0
River Water Discharge_Venganur,2019,365,4.43,03-Dec-2019,337,0.01,0.0
River Water Discharge_Venganur,2020,174,10.68,04-Dec-2020,339,0.32,0.0
River Water Discharge_Venganur,2021,184,19.28,26-Nov-2021,330,1.25,0.0
River Water Discharge_Venganur,2022,267,6.14,12-Nov-2022,316,0.18,0.0
River Water Discharge_Venganur,2023,324,15.33,12-Aug-2023,224,0.18,0.0
River Water Discharge_Venganur,2024,253,81.2,13-Dec-2024,348,0.51,0.0
River Water Discharge_Venganur,2025,85,0.29,01-Jan-2025,1,0.06,0.0
River Water Discharge_Vikkiralapeta,2018,362,0.0,01-Jan-2018,1,0.0,0.0
River Water Discharge_Vikkiralapeta,2019,211,0.0,01-Jan-2019,1,0.0,0.0
River Water Discharge_Vikkiralapeta,2020,44,5.8,28-Nov-2020,333,0.69,0.0
River Water Discharge_Vikkiralapeta,2021,356,60.34,21-Nov-2021,325,1.46,0.0
River Water Discharge_Vikkiralapeta,2022,209,690.0,12-Dec-2022,346,9.1,0.0
River Water Discharge_Vikkiralapeta,2023,345,393.76,06-Dec-2023,340,1.83,0.0
River Water Discharge_Vikkiralapeta,2024,369,54.14,18-Oct-2024,292,0.79,0.0
River Water Discharge_Vikkiralapeta,2025,212,0.0,01-Jan-2025,1,0.0,0.0
River Water Discharge_Vinchur,2018,122,0.0,01-Jan-2018,1,0.0,0.0
River Water Discharge_Vinchur,2019,60,13.13,23-Sep-2019,266,0.58,0.0
River Water Discharge_Vinchur,2020,184,13.13,06-Sep-2020,250,0.15,0.0
River Water Discharge_Vinchur,2021,306,35.17,29-Sep-2021,272,1.43,0.0
River Water Discharge_Vinchur,2022,60,0.0,01-Jun-2022,152,0.0,0.0
River Water Discharge_Vinchur,2023,306,0.0,01-Jun-2023,152,0.0,0.0
River Water Discharge_Wankadi,2017,2,9.12,01-Aug-2017,213,6.45,3.78
River Water Discharge_Warunji,1966,182,530.0,04-May-1966,124,8.21,0.05
River Water Discharge_Warunji,1967,365,3830.4,28-Jul-1967,209,129.36,0.0
River Water Discharge_Warunji,1968,366,757.4,07-Aug-1968,220,71.27,0.0
River Water Discharge_Warunji,1969,365,1604.5,01-Aug-1969,213,105.43,0.0
River Water Discharge_Warunji,1970,365,1492.3,21-Aug-1970,233,108.78,0.1
River Water Discharge_Warunji,1971,365,1385.6,31-Aug-1971,243,87.43,0.1
River Water Discharge_Warunji,1972,366,1522.8,08-Jul-1972,190,45.89,0.0
River Water Discharge_Warunji,1973,365,1899.6,08-Jul-1973,189,83.02,0.0
River Water Discharge_Warunji,1974,365,1582.5,05-Jul-1974,186,61.7,0.0
River Water Discharge_Warunji,1975,365,1680.7,10-Jul-1975,191,90.41,0.0
River Water Discharge_Warunji,1976,366,2780.3,07-Jun-1976,159,129.52,0.0
River Water Discharge_Warunji,1977,365,1610.0,04-Sep-1977,247,82.44,0.0
River Water Discharge_Warunji,1978,365,1575.7,02-Sep-1978,245,96.74,0.0
River Water Discharge_Warunji,1979,365,1316.5,07-Aug-1979,219,74.84,0.0
River Water Discharge_Warunji,1980,366,1868.3,06-Aug-1980,219,94.46,0.0
River Water Discharge_Warunji,1981,365,1262.3,10-Jul-1981,191,68.6,0.0
River Water Discharge_Warunji,1982,365,1156.0,29-Jul-1982,210,53.43,0.0
River Water Discharge_Warunji,1983,365,1492.7,17-Aug-1983,229,75.3,0.0
River Water Discharge_Warunji,1984,366,1333.8,18-Jul-1984,200,70.51,0.0
River Water Discharge_Warunji,1985,365,1053.8,02-Aug-1985,214,61.09,0.0
River Water Discharge_Warunji,1986,361,1283.7,30-Jun-1986,181,74.7,0.0
River Water Discharge_Warunji,1987,362,1073.0,08-Jul-1987,189,50.74,0.0
River Water Discharge_Warunji,1988,358,2590.0,03-Aug-1988,216,94.35,0.0
River Water Discharge_Warunji,1989,365,1600.0,25-Jul-1989,206,64.55,0.0
River Water Discharge_Warunji,1990,365,2530.0,18-Aug-1990,230,137.45,0.0
River Water Discharge_Warunji,1991,365,1800.0,28-Jul-1991,209,147.04,0.0
River Water Discharge_Warunji,1992,366,1238.0,14-Aug-1992,227,80.34,0.0
River Water Discharge_Warunji,1993,365,1023.0,19-Jun-1993,170,103.33,0.0
River Water Discharge_Warunji,1994,365,2675.0,03-Sep-1994,246,190.35,0.0
River Water Discharge_Warunji,1995,365,772.1,20-Jul-1995,201,55.55,0.0
River Water Discharge_Warunji,1996,366,1566.0,04-Oct-1996,278,70.5,0.0
River Water Discharge_Warunji,1997,365,3529.0,24-Aug-1997,236,149.1,0.0
River Water Discharge_Warunji,1998,365,828.0,09-Jul-1998,190,76.86,0.0
River Water Discharge_Warunji,1999,365,1397.0,28-Jul-1999,209,111.66,0.0
River Water Discharge_Warunji,2000,366,676.7,13-Jul-2000,195,55.02,0.0
River Water Discharge_Warunji,2001,365,623.3,10-Jul-2001,191,51.78,0.0
River Water Discharge_Warunji,2002,365,830.28,07-Sep-2002,250,64.04,0.0
River Water Discharge_Warunji,2003,365,626.7,28-Jul-2003,209,58.3,0.0
River Water Discharge_Warunji,2004,366,2715.62,13-Aug-2004,226,105.12,0.0
River Water Discharge_Warunji,2005,365,4641.0,02-Aug-2005,214,206.96,0.0
River Water Discharge_Warunji,2006,365,4972.54,30-Jul-2006,211,205.2,0.0
River Water Discharge_Warunji,2007,362,2243.09,02-Jul-2007,183,136.45,0.0
River Water Discharge_Warunji,2008,362,1887.24,11-Aug-2008,224,85.89,0.0
River Water Discharge_Warunji,2009,365,712.47,15-Jul-2009,196,73.49,0.0
River Water Discharge_Warunji,2010,365,769.77,27-Jul-2010,208,63.26,0.0
River Water Discharge_Warunji,2011,365,3124.73,04-Sep-2011,247,96.47,0.0
River Water Discharge_Warunji,2012,365,723.63,06-Sep-2012,250,28.24,0.0
River Water Discharge_Warunji,2013,356,1924.56,25-Jul-2013,206,66.62,0.0
River Water Discharge_Warunji,2014,365,1047.27,24-Jul-2014,205,52.36,0.0
River Water Discharge_Warunji,2015,362,235.65,25-Jul-2015,206,9.76,0.0
River Water Discharge_Warunji,2016,366,1533.07,06-Aug-2016,219,72.45,0.0
River Water Discharge_Warunji,2017,338,1200.47,29-Aug-2017,241,49.64,0.0
River Water Discharge_Warunji,2018,365,1793.84,23-Aug-2018,235,97.57,0.0
River Water Discharge_Warunji,2019,365,6003.71,07-Aug-2019,219,225.0,0.0
River Water Discharge_Warunji,2020,335,1989.71,18-Aug-2020,231,77.37,0.0
River Water Discharge_Warunji,2021,337,5275.91,24-Jul-2021,205,98.6,0.0
River Water Discharge_Warunji,2022,365,1177.97,12-Aug-2022,224,79.61,0.0
River Water Discharge_Warunji,2023,365,819.39,24-Jul-2023,205,33.81,0.0
River Water Discharge_Warunji,2024,374,2235.29,03-Aug-2024,216,116.8,0.0
River Water Discharge_Warunji,2025,254,3095.31,21-Aug-2025,233,150.89,0.0
River Water Discharge_Zari,1987,7,16.43,01-Jul-1987,182,3.62,0.0
River Water Discharge_Zari,1988,11,665.4,01-Oct-1988,275,75.66,0.0
River Water Discharge_Zari,1989,12,235.0,01-Sep-1989,244,27.35,0.0
River Water Discharge_Zari,1990,12,141.0,01-Nov-1990,305,33.39,0.0
River Water Discharge_Zari,1991,12,463.6,13-Jul-1991,194,42.47,0.0
River Water Discharge_Zari,1992,12,4.22,01-Oct-1992,275,0.69,0.0
River Water Discharge_Zari,1993,12,205.5,01-Sep-1993,244,19.08,0.0
River Water Discharge_Zari,1994,12,4.13,01-Sep-1994,244,0.37,0.0
River Water Discharge_Zari,1995,12,62.76,01-Sep-1995,244,7.24,0.0
River Water Discharge_Zari,1996,12,21.86,01-Sep-1996,245,2.99,0.0
River Water Discharge_Zari,1997,12,4.53,01-Oct-1997,274,0.38,0.0
River Water Discharge_Zari,1998,12,119.2,01-Aug-1998,213,27.96,0.0
River Water Discharge_Zari,1999,12,74.11,01-Oct-1999,274,6.81,0.0
River Water Discharge_Zari,2000,11,44.97,01-Sep-2000,245,5.66,0.0
River Water Discharge_Zari,2001,12,369.65,01-Oct-2001,274,31.02,0.0
River Water Discharge_Zari,2002,12,34.03,01-Sep-2002,244,3.28,0.0
River Water Discharge_Zari,2003,12,4.32,01-Oct-2003,274,0.63,0.0
River Water Discharge_Zari,2004,12,8.35,01-Aug-2004,214,0.76,0.0
River Water Discharge_Zari,2005,11,24.89,26-Sep-2005,269,3.14,0.0
River Water Discharge_Zari,2006,11,36.02,01-Oct-2006,274,4.2,0.0
River Water Discharge_Zari,2007,10,4.63,01-Oct-2007,274,0.55,0.0
River Water Discharge_Zari,2008,12,0.0,01-Jan-2008,1,0.0,0.0
River Water Discharge_Zari,2009,12,3.12,01-Sep-2009,244,0.32,0.0
River Water Discharge_Zari,2010,11,125.27,01-Sep-2010,244,12.84,0.0
River Water Discharge_Zari,2011,12,3.5,01-Sep-2011,244,0.36,0.0
River Water Discharge_Zari,2012,12,0.6,01-Sep-2012,245,0.05,0.0
River Water Discharge_Zari,2013,11,17.63,01-Oct-2013,274,1.85,0.0
River Water Discharge_Zari,2014,5,0.0,01-Jan-2014,1,0.0,0.0
River Water Discharge_Zari,2016,157,394.96,24-Sep-2016,268,15.94,0.0
River Water Discharge_Zari,2017,53,765.28,09-Sep-2017,252,37.17,0.0
River Water Discharge_Zari,2018,45,156.12,17-Aug-2018,229,8.19,0.0
River Water Discharge_Zari,2019,47,381.85,26-Oct-2019,299,29.03,0.0
River Water Discharge_Zari,2020,73,850.54,22-Sep-2020,266,48.7,0.11
River Water Discharge_Zari,2021,126,1495.74,09-Sep-2021,252,155.62,0.0
River Water Discharge_Zari,2022,137,506.39,19-Oct-2022,292,36.31,0.37
River Water Discharge_Zari,2023,214,89.88,27-Sep-2023,270,1.49,0.0
River Water Discharge_Zari,2024,365,871.12,03-Sep-2024,247,6.18,0.0
River Water Discharge_Zari,2025,280,900.0,17-Sep-2025,260,10.73,0.0
